customer_ref,company_name,billing_email,first_invoice_date,last_paid_invoice_date,contract_type
cus_000000500731,Underhill Atlas Group,ap@underhill.com,2025-02-19,2026-08-19,monthly
cus_000000500716,Orchard Onyx Holdings,ap@orchard.com,2025-01-13,2026-08-13,monthly
cus_000000500942,Acme Cascade Corp,ap@acme.com,2025-10-20,2026-08-20,monthly
cus_000000500151,Ashcombe Sterling Labs,ap@ashcombe.com,2022-10-25,2026-07-25,monthly
cus_000000500062,Blackthorn Analytics Systems,ap@blackthorn.com,2022-10-01,2026-08-01,monthly
cus_000000500090,Orchard Cascade Holdings,ap@orchard.com,2022-11-19,2026-08-19,monthly
cus_000000500873,Perez Group Cascade,ap@perez.com,2025-08-11,2026-08-20,monthly
cus_000000501380,Underhill Nimbus Systems - LATAM,ap@underhill.com,2025-08-27,2026-03-27,usage
cus_000000500818,Redstone Clinical Group,ap@redstone.com,2025-05-09,2026-08-09,monthly
cus_000000500597,Pemberton Sable Corp,ap@pemberton.com,2024-08-02,2026-08-02,annual
cus_000000500202,Ravenswood Clinical Labs,ap@ravenswood.com,2023-01-20,2024-07-20,monthly
cus_000000500049,Thornbury Supply Partners,ap@thornbury.com,2022-10-10,2022-10-10,annual
cus_000000501025,Juniper Vector,ap@juniper.com,2026-01-17,2026-08-17,monthly
cus_000000501221,Whitmore Atlas Corp.,ap@whitmore.com,2026-07-05,2026-08-05,monthly
cus_000000500865,Nightingale Lumen Labs,ap@nightingale.com,2025-07-10,2025-11-10,monthly
cus_000000500349,Blackthorn Sable LLC,ap@blackthorn.com,2023-09-13,2023-09-13,annual
cus_000000500447,Yarrow Vector,ap@yarrow.com,2024-02-10,2026-08-10,monthly
cus_000000500560,Silverline Analytics Partners - LATAM,ap@silverline.com,2024-06-16,2026-06-16,annual
cus_000000501060,HERNANDEZ RETAIL ATLAS,ap@hernandez.com,2026-02-15,2026-08-15,monthly
cus_000000500251,Tanglewood Atlas Systems,ap@tanglewood.com,2023-04-27,2023-04-27,annual
cus_000000500388,Vasquez Media Freight,ap@vasquez.com,2023-11-19,2024-03-19,monthly
cus_000000500526,Pinnacle Foundry LLC,ap@pinnacle.com,2024-05-07,2026-05-07,annual
cus_000000501157,Silverline Coastal Systems,ap@silverline.com,2026-04-24,2026-07-24,monthly
cus_000000500647,Northwind Precision Corp,ap@northwind.com,2024-10-07,2026-08-07,monthly
cus_000000500953,Copperfield Atlas Systems,ap@copperfield.com,2025-10-17,2026-02-17,monthly
cus_000000500655,Dovetail Cascade Corp,ap@dovetail.com,2024-11-19,2026-08-19,monthly
cus_000000500171,Copperfield Summit,ap@copperfield.com,2022-11-19,2026-08-19,monthly
cus_000000501079,Dunmore Clinical Systems,ap@dunmore.com,2026-02-09,2026-08-09,monthly
cus_000000500616,Fairmount Clinical Systems,ap@fairmount.com,2024-09-02,2026-08-02,usage
cus_000000500849,Verdigris Clinical Holdings,ap@verdigris.com,2025-06-16,2026-04-16,monthly
cus_000000500318,Thornbury Lumen,ap@thornbury.com,2023-07-15,2024-07-15,annual
cus_000000500960,Meridian Summit Inc,ap@meridian.com,2025-10-04,2026-08-04,usage
cus_000000501146,Inglewood Coastal Systems,ap@inglewood.com,2026-04-09,2026-08-09,monthly
cus_000000500671,Cranfield Trading Corp,ap@cranfield.com,2024-11-23,2025-10-23,monthly
cus_000000500514,Copperfield Sable Labs,ap@copperfield.com,2024-04-16,2026-08-16,monthly
cus_000000501260,Verdigris Supply LLC,ap@verdigris.com,2024-03-16,2026-08-16,monthly
cus_000000501268,Eastvale Summit,ap@eastvale.com,2024-03-14,2024-03-14,annual
cus_000000500606,Copperfield Keystone Group,ap@copperfield.com,2024-09-25,2025-09-25,annual
cus_000000500648,Umbra Quantum Systems,ap@umbra.com,2024-10-20,2025-10-20,annual
cus_000000500710,Ironwood Coastal LLC,ap@ironwood.com,2025-01-22,2026-07-22,monthly
cus_000000500748,SILVERLINE FOUNDRY HOLDINGS,ap@silverline.com,2025-02-10,2026-02-10,monthly
cus_000000500059,Cerulean Pioneer Inc.,ap@cerulean.com,2022-10-23,2024-03-23,monthly
cus_000000501307,Blackthorn Freight Labs,ap@blackthorn.com,2024-12-12,2026-02-12,monthly
cus_000000501140,Nightingale Clinical Group,ap@nightingale.com,2026-04-15,2026-04-15,monthly
cus_000000501073,Vantage Atlas Group,ap@vantage.com,2026-02-20,2026-08-20,monthly
cus_000000500354,Northwind Onyx Inc,ap@northwind.com,2023-09-04,2026-08-04,monthly
cus_000000500121,Copperfield Quantum Labs,ap@copperfield.com,2022-10-22,2025-10-22,annual
cus_000000500693,Pinnacle Anchor,ap@pinnacle.com,2024-12-18,2024-12-18,annual
cus_000000500464,Orchard Summit,ap@orchard.com,2024-03-16,2026-03-16,annual
cus_000000500785,Cerulean Beacon Corp,ap@cerulean.com,2025-04-13,2026-04-13,annual
cus_000000501256,HERNANDEZ RETAIL ANCHOR,ap@hernandez.com,2024-03-10,2026-03-10,annual
cus_000000501031,Northwind Quantum Holdings,ap@northwind.com,2026-01-07,2026-01-07,annual
cus_000000500790,Copperfield Coastal Systems,ap@copperfield.com,2025-04-27,2026-07-27,monthly
cus_000000500614,Pinnacle Freight Group,ap@pinnacle.com,2024-09-11,2025-11-11,monthly
cus_000000500028,Inglewood Sable Labs,ap@inglewood.com,2022-12-02,2025-12-02,annual
cus_000000500741,Silverline Quantum,ap@silverline.com,2025-02-27,2026-07-27,monthly
cus_000000500355,Dovetail Coastal Corp,ap@dovetail.com,2023-09-28,2023-09-28,annual
cus_000000500243,Dunmore Lumen Incorporated,ap@dunmore.com,2023-03-22,2023-06-22,monthly
cus_000000500550,Northwind Lumen LLC,ap@northwind.com,2024-06-10,2026-08-10,monthly
cus_000000500792,Whitmore Onyx Systems,ap@whitmore.com,2025-04-09,2025-07-09,monthly
cus_000000500944,Ashcombe Pioneer Inc,ap@ashcombe.com,2025-10-22,2026-06-22,monthly
cus_000000501224,Vantage Anchor Group,ap@vantage.com,2026-07-12,2026-07-12,monthly
cus_000000500850,Fairmount Precision Holdings,ap@fairmount.com,2025-06-09,2026-06-09,annual
cus_000000500459,Silverline Summit Holdings,ap@silverline.com,2024-02-28,2026-02-28,annual
cus_000000500765,Underhill Coastal,ap@underhill.com,2025-03-25,2026-03-25,annual
cus_000000500993,Larkspur Quantum Inc.,ap@larkspur.com,2025-11-11,2026-08-11,monthly
cus_000000500183,Blackthorn Coastal Inc,ap@blackthorn.com,2022-12-10,2022-12-10,annual
cus_000000500812,Cerulean Compass Group,ap@cerulean.com,2025-05-19,2026-05-19,annual
cus_000000501076,MERIDIAN QUANTUM LABS,ap@meridian.com,2026-02-26,2026-07-26,monthly
cus_000000500402,Cerulean Clinical Partners,ap@cerulean.com,2023-11-05,2026-08-05,monthly
cus_000000500400,Copperfield Sable Partners,ap@copperfield.com,2023-11-11,2024-03-11,monthly
cus_000000500840,Eastvale Precision Systems,ap@eastvale.com,2025-06-14,2026-03-14,usage
cus_000000500048,Northwind Foundry Labs,ap@northwind.com,2022-10-06,2024-10-06,annual
cus_000000501006,Thornbury Summit Systems,ap@thornbury.com,2025-12-17,2026-06-17,monthly
cus_000000501284,Zenith Beacon Systems,ap@zenith.com,2024-05-09,2026-05-09,annual
cus_000000501167,Alder Sterling Holdings,ap@alder.com,2026-05-17,2026-08-17,monthly
cus_000000500256,Juniper Sable,ap@juniper.com,2023-04-13,2024-02-13,monthly
cus_000000500883,Pemberton Nimbus LLC,ap@pemberton.com,2025-08-12,2026-08-12,monthly
cus_000000500448,Nightingale Sterling,ap@nightingale.com,2024-02-01,2024-05-01,monthly
cus_000000500045,Zenith Coastal Corp,ap@zenith.com,2022-12-10,2026-06-10,monthly
cus_000000501313,Alder Beacon Holdings,ap@alder.com,2024-12-05,2025-12-05,annual
cus_000000501173,Westbrook Summit Group,ap@westbrook.com,2026-05-06,2026-08-06,monthly
cus_000000500768,Hernandez Retail Quantum,ap@hernandez.com,2025-03-04,2025-09-04,usage
cus_000000500366,Stonebridge Pioneer Labs,ap@stonebridge.com,2023-10-09,2025-03-09,monthly
cus_000000500909,Orchard Precision Inc,ap@orchard.com,2025-09-28,2026-07-28,monthly
cus_000000501049,Yellowfin Digital Labs,ap@yellowfin.com,2026-01-03,2026-08-03,monthly
cus_000000501296,Dunmore Sterling Corp,ap@dunmore.com,2024-03-06,2026-03-06,annual
cus_000000501032,Yellowfin Summit Holdings,ap@yellowfin.com,2026-01-24,2026-07-24,usage
cus_000000500258,Oakfield Freight Inc.,ap@oakfield.com,2023-04-20,2024-04-20,annual
cus_000000500099,Nunez Capital Vector,ap@nunez.com,2022-12-07,2026-08-07,usage
cus_000000500851,Dunmore Onyx LLC,ap@dunmore.com,2025-06-05,2026-08-05,monthly
cus_000000500109,Lakeshore Precision Incorporated,ap@lakeshore.com,2022-12-08,2025-07-08,monthly
cus_000000500634,Silverline Quantum Labs,ap@silverline.com,2024-10-01,2026-08-01,monthly
cus_000000500063,Marbury Sable,ap@marbury.com,2022-12-15,2025-12-15,annual
cus_000000500752,Redstone Sable Corp,ap@redstone.com,2025-03-17,2026-08-17,usage
cus_000000500988,Hollowway Anchor,ap@hollowway.com,2025-11-08,2026-01-08,monthly
cus_000000500031,Glenrock Analytics LLC,ap@glenrock.com,2022-12-14,2025-12-14,annual
cus_000000500301,Inglewood Lumen Partners,ap@inglewood.com,2023-06-09,2026-06-09,annual
cus_000000501181,Yarrow Nimbus Partners,ap@yarrow.com,2026-05-27,2026-07-27,usage
cus_000000500913,Alder Freight,ap@alder.com,2025-09-14,2025-09-14,annual
cus_000000501223,Harborview Pioneer Corporation,ap@harborview.com,2026-07-01,2026-08-01,monthly
cus_000000500126,Hollowway Coastal,ap@hollowway.com,2022-11-09,2026-08-09,monthly
cus_000000500888,Kestrel Clinical,ap@kestrel.com,2025-08-21,2025-12-21,monthly
cus_000000500393,MARBURY SUMMIT PARTNERS,ap@marbury.com,2023-11-26,2025-05-26,monthly
cus_000000500626,Juniper Atlas Systems,ap@juniper.com,2024-09-23,2025-09-23,annual
cus_000000501040,Northwind Keystone Partners,ap@northwind.com,2026-01-16,2026-01-16,annual
cus_000000500809,Westbrook Clinical Systems,ap@westbrook.com,2025-05-18,2026-03-18,monthly
cus_000000500274,Dovetail Supply Group,ap@dovetail.com,2023-05-26,2023-08-26,monthly
cus_000000500749,Quarry Coastal Systems,ap@quarry.com,2025-02-10,2026-08-10,monthly
cus_000000500460,Underhill Atlas Corp,ap@underhill.com,2024-02-18,2025-01-18,monthly
cus_000000500787,Meridian Coastal Inc,ap@meridian.com,2025-04-12,2026-04-12,annual
cus_000000500959,Nightingale Digital Labs,ap@nightingale.com,2025-10-01,2026-08-01,monthly
cus_000000501229,Eastvale Digital Partners,ap@eastvale.com,2026-07-23,2026-07-23,monthly
cus_000000500582,Perez Group Sable,ap@perez.com,2024-07-12,2026-08-12,usage
cus_000000500108,Pemberton Atlas,ap@pemberton.com,2022-10-27,2025-10-27,annual
cus_000000501243,Quillfeather Anchor Holdings,ap@quillfeather.com,2026-08-03,2026-08-03,annual
cus_000000500216,Juniper Supply Holdings,ap@juniper.com,2023-02-26,2025-12-26,monthly
cus_000000500823,Westbrook Beacon Labs,ap@westbrook.com,2025-05-13,2026-07-13,monthly
cus_000000500799,Northgate Beacon LLC,ap@northgate.com,2025-04-11,2025-12-11,monthly
cus_000000500291,GRUPO PENA COMPASS,ap@grupo.com,2023-06-08,2026-08-08,monthly
cus_000000500656,Underhill Digital LLC,ap@underhill.com,2024-11-25,2026-07-25,monthly
cus_000000501017,PEMBERTON VECTOR LABS,ap@pemberton.com,2025-12-26,2026-07-26,usage
cus_000000500479,Vasquez Media Vector,ap@vasquez.com,2024-03-07,2026-08-07,monthly
cus_000000501101,Larkspur Pioneer Labs,ap@larkspur.com,2026-03-08,2026-08-08,monthly
cus_000000500308,Lakeshore Beacon,ap@lakeshore.com,2023-07-18,2026-07-18,annual
cus_000000501282,Pemberton Clinical LLC,ap@pemberton.com,2024-05-07,2026-05-07,annual
cus_000000500174,Whitmore Sable Partners,ap@whitmore.com,2022-11-18,2023-02-18,monthly
cus_000000500181,Vantage Vector LLC,ap@vantage.com,2022-12-09,2025-08-09,monthly
cus_000000500630,Yellowfin Clinical Incorporated,ap@yellowfin.com,2024-10-27,2025-10-27,annual
cus_000000500594,Oakfield Sterling Inc,ap@oakfield.com,2024-08-24,2025-02-24,monthly
cus_000000500864,Zenith Digital LLC,ap@zenith.com,2025-07-03,2025-11-03,monthly
cus_000000501265,Vantage Sterling Systems,ap@vantage.com,2024-03-15,2026-07-15,monthly
cus_000000500830,Quarry Foundry Systems,ap@quarry.com,2025-06-02,2026-08-02,monthly
cus_000000500166,VERDIGRIS PIONEER HOLDINGS,ap@verdigris.com,2022-11-19,2026-08-19,monthly
cus_000000500175,Pinnacle Sterling Inc,ap@pinnacle.com,2022-11-24,2026-07-24,monthly
cus_000000500862,Yarrow Sterling Labs,ap@yarrow.com,2025-07-19,2026-08-19,monthly
cus_000000501367,Orchard Supply Holdings,ap@orchard.com,2025-07-13,2026-08-13,monthly
cus_000000501096,Quillfeather Summit Labs,ap@quillfeather.com,2026-03-21,2026-06-21,usage
cus_000000500084,Umbra Coastal Holdings,ap@umbra.com,2022-10-27,2026-07-27,usage
cus_000000500935,Ashcombe Lumen Inc.,ap@ashcombe.com,2025-10-15,2025-10-15,annual
cus_000000500124,Zenith Supply Corp,ap@zenith.com,2022-11-04,2026-08-04,monthly
cus_000000500144,Nightingale Vector,ap@nightingale.com,2022-10-06,2026-08-06,monthly
cus_000000500701,Copperfield Nimbus Labs,ap@copperfield.com,2025-01-24,2025-08-24,monthly
cus_000000501356,Alder Vector,ap@alder.com,2025-07-24,2026-07-24,monthly
cus_000000500836,KESTREL CLINICAL INC,ap@kestrel.com,2025-06-05,2026-08-05,usage
cus_000000500972,Hernandez Retail Pioneer,ap@hernandez.com,2025-11-14,2026-02-14,monthly
cus_000000500987,Cerulean Summit,ap@cerulean.com,2025-11-08,2026-08-08,monthly
cus_000000500328,Westbrook Digital Group,ap@westbrook.com,2023-08-27,2026-05-27,monthly
cus_000000501043,Juniper Pioneer LLC,ap@juniper.com,2026-01-01,2026-02-01,monthly
cus_000000500699,Quarry Supply Labs,ap@quarry.com,2025-01-19,2026-01-19,annual
cus_000000501014,Inglewood Lumen LLC,ap@inglewood.com,2025-12-12,2025-12-12,annual
cus_000000501088,Tanglewood Anchor Systems - Subsidiary,ap@tanglewood.com,2026-03-12,2026-08-12,monthly
cus_000000500450,Westbrook Keystone Inc,ap@westbrook.com,2024-02-20,2024-09-20,monthly
cus_000000500554,Brightwater Summit Systems,ap@brightwater.com,2024-06-01,2026-06-01,annual
cus_000000501266,Whitmore Lumen Systems,ap@whitmore.com,2024-04-20,2024-04-20,annual
cus_000000500571,Verdigris Sterling Holdings,ap@verdigris.com,2024-07-10,2024-07-10,annual
cus_000000501281,Quarry Anchor Partners,ap@quarry.com,2024-03-15,2024-03-15,annual
cus_000000501392,Yarrow Onyx LLC,ap@yarrow.com,2025-08-12,2026-08-12,annual
cus_000000501334,Orchard Analytics Holdings,ap@orchard.com,2025-01-30,2026-07-28,monthly
cus_000000500819,KESTREL NIMBUS LLC,ap@kestrel.com,2025-05-26,2026-05-26,annual
cus_000000500491,Lakeshore Freight Partners,ap@lakeshore.com,2024-04-10,2026-08-10,monthly
cus_000000501041,ORCHARD PIONEER INC,ap@orchard.com,2026-01-18,2026-08-18,monthly
cus_000000501370,Nightingale Supply Labs,ap@nightingale.com,2025-07-10,2025-10-10,monthly
cus_000000500312,Ashcombe Atlas Holdings,ap@ashcombe.com,2023-07-24,2023-07-24,annual
cus_000000500135,Zenith Freight Group,ap@zenith.com,2022-11-24,2025-11-24,annual
cus_000000501098,Hollowway Sable Systems,ap@hollowway.com,2026-03-11,2026-08-11,monthly
cus_000000500052,Northwind Digital Partners,ap@northwind.com,2022-11-07,2025-11-07,annual
cus_000000501052,Harborview Cascade Inc,ap@harborview.com,2026-02-17,2026-03-17,monthly
cus_000000500410,Meridian Sable Group,ap@meridian.com,2023-12-23,2026-07-23,monthly
cus_000000500192,Hernandez Retail,ap@hernandez.com,2023-01-15,2026-01-22,annual
cus_000000501090,Cerulean Nimbus Labs,ap@cerulean.com,2026-03-20,2026-08-20,monthly
cus_000000501368,Vantage Freight Holdings,ap@vantage.com,2025-07-24,2026-07-24,monthly
cus_000000500006,Sao Bento Coastal,ap@sao.com,2022-11-10,2023-05-10,monthly
cus_000000500404,Cerulean Foundry Labs,ap@cerulean.com,2023-12-25,2025-05-25,monthly
cus_000000500947,Northgate Pioneer,ap@northgate.com,2025-10-24,2025-10-24,annual
cus_000000500480,FERREIRA SERVICOS DIGITAL,ap@ferreira.com,2024-03-17,2026-08-17,monthly
cus_000000500329,Tanglewood Pioneer Inc,ap@tanglewood.com,2023-08-17,2026-04-17,monthly
cus_000000501248,Eastvale Analytics Group,ap@eastvale.com,2024-03-20,2026-08-20,usage
cus_000000500994,Eastvale Trading,ap@eastvale.com,2025-11-25,2026-07-25,usage
cus_000000501056,Zenith Summit Inc,ap@zenith.com,2026-02-12,2026-06-12,usage
cus_000000500570,Underhill Keystone Partners,ap@underhill.com,2024-07-26,2024-07-26,monthly
cus_000000500454,YARROW LUMEN HOLDINGS,ap@yarrow.com,2024-02-08,2024-03-08,monthly
cus_000000501226,Glenrock Foundry Labs,ap@glenrock.com,2026-07-20,2026-08-20,monthly
cus_000000500872,NUNEZ CAPITAL COMPASS,ap@nunez.com,2025-08-25,2026-07-25,monthly
cus_000000500264,Alder Precision Partners,ap@alder.com,2023-04-05,2026-08-05,monthly
cus_000000501147,Northwind Onyx Holdings,ap@northwind.com,2026-04-05,2026-08-05,monthly
cus_000000500116,Oakfield Compass LLC,ap@oakfield.com,2022-10-27,2023-11-05,monthly
cus_000000500895,Harborview Lumen Group,ap@harborview.com,2025-08-18,2026-08-18,monthly
cus_000000500076,Lakeshore Cascade Inc,ap@lakeshore.com,2022-10-31,2025-10-28,annual
cus_000000500283,Marbury Foundry Labs,ap@marbury.com,2023-05-08,2023-11-08,usage
cus_000000501321,Harborview Cascade LLC,ap@harborview.com,2024-12-29,2026-07-28,monthly
cus_000000500053,Northwind Digital Partners - LATAM,ap@northwind.com,2022-11-07,2025-11-07,annual
cus_000000501126,Ironwood Pioneer Labs,ap@ironwood.com,2026-04-14,2026-05-14,monthly
cus_000000501236,Fairmount Trading Inc,ap@fairmount.com,2026-08-17,2026-08-17,usage
cus_000000501227,WESTBROOK SABLE SYSTEMS,ap@westbrook.com,2026-07-02,2026-07-02,annual
cus_000000501038,Eastvale Sable Corp,ap@eastvale.com,2026-01-26,2026-07-26,monthly
cus_000000500325,Whitmore Clinical Corp.,ap@whitmore.com,2023-08-15,2023-08-15,annual
cus_000000501222,Glenrock Cascade,ap@glenrock.com,2026-07-11,2026-08-11,monthly
cus_000000501085,Umbra Sterling Group,ap@umbra.com,2026-03-26,2026-05-26,monthly
cus_000000500975,Ferreira Servicos Foundry II,ap@ferreira.com,2025-11-10,2025-11-10,annual
cus_000000500238,Stonebridge Pioneer Partners,ap@stonebridge.com,2023-03-07,2024-07-07,monthly
cus_000000500970,Nunez Capital Freight,ap@nunez.com,2025-11-03,2026-01-03,monthly
cus_000000500519,Westbrook Clinical LLC,ap@westbrook.com,2024-05-06,2026-08-06,monthly
cus_000000500602,Kestrel Compass Labs,ap@kestrel.com,2024-08-28,2025-10-28,monthly
cus_000000500685,Brightwater Keystone Corp,ap@brightwater.com,2024-12-22,2025-12-22,annual
cus_000000500756,Hollowway Anchor,ap@hollowway.com,2025-03-28,2025-06-28,monthly
cus_000000500815,Northgate Nimbus Corp,ap@northgate.com,2025-05-05,2025-10-05,monthly
cus_000000500453,Stonebridge Lumen Inc,ap@stonebridge.com,2024-02-11,2026-08-11,monthly
cus_000000500990,DOVETAIL VECTOR HOLDINGS,ap@dovetail.com,2025-11-04,2025-11-04,annual
cus_000000501165,Tanglewood Quantum Inc,ap@tanglewood.com,2026-05-18,2026-08-18,monthly
cus_000000500933,Lakeshore Beacon Group,ap@lakeshore.com,2025-10-25,2025-10-25,annual
cus_000000501270,Yarrow Keystone Partners,ap@yarrow.com,2024-03-13,2024-05-13,monthly
cus_000000500816,Meridian Atlas Group,ap@meridian.com,2025-05-10,2026-05-10,annual
cus_000000500074,Ashcombe Pioneer LLC,ap@ashcombe.com,2022-10-27,2022-10-27,monthly
cus_000000501110,Ravenswood Analytics Labs,ap@ravenswood.com,2026-03-22,2026-03-22,annual
cus_000000500767,Lakeshore Lumen Corp,ap@lakeshore.com,2025-03-02,2026-03-02,monthly
cus_000000500580,Sao Bento,ap@sao.com,2024-07-16,2025-07-25,annual
cus_000000500280,Quillfeather Summit Corp,ap@quillfeather.com,2023-05-08,2026-05-08,annual
cus_000000501338,Acme Precision Corp,ap@acme.com,2024-12-09,2026-04-09,monthly
cus_000000500721,Kestrel Onyx,ap@kestrel.com,2025-02-06,2025-03-06,monthly
cus_000000500715,Umbra Onyx Corporation,ap@umbra.com,2025-01-03,2026-02-03,monthly
cus_000000500071,Kestrel Anchor,ap@kestrel.com,2022-12-04,2024-11-13,monthly
cus_000000500881,PEMBERTON ATLAS SYSTEMS,ap@pemberton.com,2025-08-18,2026-08-18,monthly
cus_000000501276,Cranfield Precision Systems,ap@cranfield.com,2024-03-29,2026-07-28,monthly
cus_000000501245,Ravenswood Beacon Group,ap@ravenswood.com,2026-08-01,2026-08-01,annual
cus_000000500230,Eastvale Atlas Labs,ap@eastvale.com,2023-03-01,2026-08-01,monthly
cus_000000501154,Meridian Foundry Holdings,ap@meridian.com,2026-04-18,2026-04-18,monthly
cus_000000500732,Meridian Nimbus Group,ap@meridian.com,2025-02-09,2025-02-09,annual
cus_000000501156,Orchard Foundry Holdings,ap@orchard.com,2026-04-17,2026-04-17,monthly
cus_000000500675,Nunez Capital Vector II,ap@nunez.com,2024-11-18,,annual
cus_000000501292,Larkspur Sterling Systems,ap@larkspur.com,2024-05-06,2026-08-06,monthly
cus_000000500980,Ravenswood Atlas Labs,ap@ravenswood.com,2025-11-15,2025-12-15,monthly
cus_000000500097,Lopez y Asociados,ap@lopez.com,2022-11-04,2026-08-04,monthly
cus_000000501029,Whitmore Atlas LLC,ap@whitmore.com,2026-01-11,2026-01-11,annual
cus_000000501037,Larkspur Nimbus Partners,ap@larkspur.com,2026-01-09,2026-08-09,monthly
cus_000000500426,Fairmount Pioneer LLC,ap@fairmount.com,2024-01-22,2025-12-22,monthly
cus_000000500446,Stonebridge Nimbus Group,ap@stonebridge.com,2024-02-06,2026-08-06,monthly
cus_000000500018,Lakeshore Analytics,ap@lakeshore.com,2022-11-17,2026-08-17,monthly
cus_000000500802,Orchard Trading Group,ap@orchard.com,2025-04-26,2026-04-26,annual
cus_000000500577,Grupo Pena Lumen II,ap@grupo.com,2024-07-17,2024-11-17,monthly
cus_000000500484,Andre Freres,ap@andre.com,2024-03-03,2025-03-03,annual
cus_000000501115,Kestrel Anchor Labs,ap@kestrel.com,2026-03-17,2026-08-17,monthly
cus_000000500068,Hollowway Nimbus Systems,ap@hollowway.com,2022-12-10,2023-12-10,monthly
cus_000000500149,Northgate Beacon Group,ap@northgate.com,2022-10-06,2026-08-06,monthly
cus_000000500371,Orchard Sterling Inc.,ap@orchard.com,2023-10-28,2024-10-28,annual
cus_000000500907,Westbrook Summit Incorporated,ap@westbrook.com,2025-09-16,2025-09-23,annual
cus_000000500073,Silverline Pioneer Partners,ap@silverline.com,2022-12-05,2025-12-05,annual
cus_000000501251,WHITMORE SABLE INC,ap@whitmore.com,2024-05-17,2024-08-17,usage
cus_000000500211,Yellowfin Anchor Holdings,ap@yellowfin.com,2023-02-20,2023-12-20,monthly
cus_000000500036,Larkspur Sterling Incorporated,ap@larkspur.com,2022-10-12,2026-08-12,monthly
cus_000000500997,Stonebridge Freight LLC,ap@stonebridge.com,2025-11-22,2026-07-22,monthly
cus_000000501205,Harborview Quantum Holdings,ap@harborview.com,2026-06-17,2026-08-17,monthly
cus_000000500609,Stonebridge Supply Holdings,ap@stonebridge.com,2024-09-16,2025-09-16,annual
cus_000000501075,Pemberton Analytics Holdings,ap@pemberton.com,2026-02-15,2026-03-15,monthly
cus_000000501293,Dovetail Sterling Holdings,ap@dovetail.com,2024-03-16,2026-03-16,annual
cus_000000500066,Redstone Pioneer Systems,ap@redstone.com,2022-11-30,2026-07-28,monthly
cus_000000501344,UMBRA LUMEN HOLDINGS,ap@umbra.com,2024-11-05,2026-08-05,monthly
cus_000000500115,Ravenswood Trading Inc.,ap@ravenswood.com,2022-10-20,2022-10-20,monthly
cus_000000500092,Westbrook Sterling Systems,ap@westbrook.com,2022-11-22,2025-03-22,monthly
cus_000000501011,Copperfield Clinical Group,ap@copperfield.com,2025-12-27,2026-07-27,monthly
cus_000000500544,GLENROCK QUANTUM LABS,ap@glenrock.com,2024-05-14,2024-06-14,monthly
cus_000000500122,Dovetail Trading Labs,ap@dovetail.com,2022-11-27,2025-11-27,annual
cus_000000500161,Redstone Nimbus Systems,ap@redstone.com,2022-11-19,2025-11-19,annual
cus_000000500689,Verdigris Freight,ap@verdigris.com,2024-12-15,2026-08-15,monthly
cus_000000500509,Yarrow Trading Holdings,ap@yarrow.com,2024-04-16,2025-11-16,monthly
cus_000000501395,Vantage Lumen Partners,ap@vantage.com,2025-08-07,2026-08-07,monthly
cus_000000500478,Hernandez Retail,ap@hernandez.com,2024-03-25,2026-07-25,monthly
cus_000000500347,Inglewood Vector Labs,ap@inglewood.com,2023-09-07,2025-09-07,annual
cus_000000501379,UNDERHILL NIMBUS SYSTEMS,ap@underhill.com,2025-08-27,2026-03-27,usage
cus_000000500221,Cranfield Freight Holdings,ap@cranfield.com,2023-02-11,2026-08-11,monthly
cus_000000500974,Guimaraes Log Sterling,ap@guimaraes.com,2025-11-26,2026-07-26,monthly
cus_000000501067,ANDRE FRERES FREIGHT,ap@andre.com,2026-02-19,2026-08-19,monthly
cus_000000500485,Dovetail Clinical Systems,ap@dovetail.com,2024-03-23,2026-07-23,monthly
cus_000000500438,UMBRA SUMMIT PARTNERS,ap@umbra.com,2024-01-16,2026-08-16,monthly
cus_000000500566,Ironwood Analytics Corp,ap@ironwood.com,2024-06-07,2024-06-07,annual
cus_000000500087,Alder Supply,ap@alder.com,2022-10-09,2025-10-09,annual
cus_000000501340,Nightingale Compass Inc.,ap@nightingale.com,2024-11-13,2025-11-13,annual
cus_000000500919,Glenrock Cascade Holdings,ap@glenrock.com,2025-09-01,2026-08-01,usage
cus_000000501301,Westbrook Onyx Partners,ap@westbrook.com,2024-05-07,2026-05-07,annual
cus_000000500658,Eastvale Quantum Incorporated,ap@eastvale.com,2024-11-12,2025-03-12,monthly
cus_000000500711,Redstone Pioneer Group,ap@redstone.com,2025-01-20,2026-01-20,annual
cus_000000501150,Harborview Atlas Partners,ap@harborview.com,2026-04-15,2026-05-15,monthly
cus_000000500853,Meridian Beacon,ap@meridian.com,2025-07-12,2025-07-12,annual
cus_000000500508,Nightingale Summit Group,ap@nightingale.com,2024-04-03,2024-09-03,monthly
cus_000000500629,Northgate Cascade Inc.,ap@northgate.com,2024-10-10,2024-10-10,monthly
cus_000000500176,Westbrook Supply Systems,ap@westbrook.com,2022-11-10,2024-09-10,monthly
cus_000000501180,Cranfield Trading Group,ap@cranfield.com,2026-05-17,2026-05-17,annual
cus_000000501364,Hollowway Coastal Labs,ap@hollowway.com,2025-08-10,2025-08-10,monthly
cus_000000500515,Stonebridge Anchor,ap@stonebridge.com,2024-04-17,2024-07-17,monthly
cus_000000501158,Grupo Pena Foundry,ap@grupo.com,2026-04-18,2026-08-18,monthly
cus_000000500276,Pinnacle Sable Labs,ap@pinnacle.com,2023-05-01,2024-04-01,monthly
cus_000000500875,Oakfield Quantum,ap@oakfield.com,2025-08-28,2025-08-28,annual
cus_000000500969,Sao Bento Compass II - LATAM,ap@sao.com,2025-11-21,2026-07-21,monthly
cus_000000501317,Larkspur Sable Systems,ap@larkspur.com,2024-12-20,2025-05-20,monthly
cus_000000501386,Stonebridge Beacon Holdings,ap@stonebridge.com,2025-06-18,2026-06-18,annual
cus_000000501274,Fairmount Lumen Group,ap@fairmount.com,2024-04-29,2026-04-28,annual
cus_000000500002,Munoz Holdings Precision,ap@munoz.com,2022-12-05,2025-12-05,annual
cus_000000501136,Yarrow Digital Group,ap@yarrow.com,2026-04-21,2026-07-21,monthly
cus_000000501095,Larkspur Nimbus Corp,ap@larkspur.com,2026-03-02,2026-08-02,monthly
cus_000000501353,Garcia Sistemas Cascade II,ap@garcia.com,2024-12-27,2026-07-27,monthly
cus_000000501118,Underhill Sterling Partners,ap@underhill.com,2026-03-10,2026-08-16,usage
cus_000000500340,Oakfield Freight Group,ap@oakfield.com,2023-09-25,2023-09-25,annual
cus_000000500725,Pinnacle Anchor LLC,ap@pinnacle.com,2025-02-19,2026-08-19,monthly
cus_000000500266,Brightwater Pioneer Group,ap@brightwater.com,2023-04-06,2023-08-06,monthly
cus_000000501210,Pinnacle Sterling LLC,ap@pinnacle.com,2026-06-14,2026-08-14,monthly
cus_000000501151,Stonebridge Foundry LLC,ap@stonebridge.com,2026-04-07,2026-07-07,monthly
cus_000000500549,Silverline Analytics,ap@silverline.com,2024-06-27,2026-06-27,annual
cus_000000500724,Copperfield Nimbus LLC,ap@copperfield.com,2025-02-23,2026-07-23,monthly
cus_000000500936,Inglewood Nimbus Inc.,ap@inglewood.com,2025-10-03,2026-08-03,monthly
cus_000000501103,Quillfeather Supply Holdings,ap@quillfeather.com,2026-03-14,2026-08-14,monthly
cus_000000500298,Underhill Vector Partners,ap@underhill.com,2023-06-19,2023-06-19,annual
cus_000000500497,Inglewood Digital Systems,ap@inglewood.com,2024-04-13,2026-08-13,monthly
cus_000000500989,Oakfield Quantum Systems,ap@oakfield.com,2025-11-14,2025-11-14,annual
cus_000000500194,Guimaraes Log Supply,ap@guimaraes.com,2023-01-26,2023-01-26,monthly
cus_000000500503,Blackthorn Digital Corporation,ap@blackthorn.com,2024-04-07,2024-10-07,usage
cus_000000500481,Grupo Pena Compass,ap@grupo.com,2024-03-07,2026-08-07,monthly
cus_000000501211,Eastvale Lumen Partners,ap@eastvale.com,2026-06-22,2026-07-22,monthly
cus_000000501345,Vantage Quantum Inc,ap@vantage.com,2025-01-24,2026-07-24,monthly
cus_000000501127,Harborview Compass LLC,ap@harborview.com,2026-04-25,2026-07-25,monthly
cus_000000500037,Ashcombe Foundry Labs,ap@ashcombe.com,2022-12-06,2022-12-06,annual
cus_000000500043,Northgate Compass Systems,ap@northgate.com,2022-12-12,2026-08-12,monthly
cus_000000500698,Larkspur Foundry Corp.,ap@larkspur.com,2025-01-09,2026-08-09,monthly
cus_000000500361,Yellowfin Atlas LLC,ap@yellowfin.com,2023-10-25,2025-12-25,monthly
cus_000000500378,NORTHGATE CASCADE LABS,ap@northgate.com,2023-10-24,2026-07-24,monthly
cus_000000500537,Blackthorn Cascade,ap@blackthorn.com,2024-05-25,2026-05-25,annual
cus_000000500832,KESTREL LUMEN GROUP,ap@kestrel.com,2025-06-15,2026-08-15,monthly
cus_000000500492,Redstone Onyx Labs,ap@redstone.com,2024-04-05,2026-08-05,monthly
cus_000000500739,Tanglewood Nimbus Group,ap@tanglewood.com,2025-02-07,2026-08-07,monthly
cus_000000500607,Westbrook Analytics Systems,ap@westbrook.com,2024-09-27,2024-12-27,monthly
cus_000000501081,Yellowfin Freight Inc,ap@yellowfin.com,2026-03-28,2026-07-28,monthly
cus_000000500896,Fairmount Digital Group,ap@fairmount.com,2025-08-14,2026-08-14,annual
cus_000000501398,Cerulean Pioneer Group,ap@cerulean.com,2025-06-29,2025-06-29,monthly
cus_000000501277,Harborview Beacon Partners,ap@harborview.com,2024-03-30,2025-02-28,monthly
cus_000000501034,Quillfeather Anchor,ap@quillfeather.com,2026-01-28,2026-07-28,usage
cus_000000501196,Northwind Anchor,ap@northwind.com,2026-06-22,2026-07-22,monthly
cus_000000500753,Lakeshore Analytics Corp,ap@lakeshore.com,2025-03-04,2026-08-04,monthly
cus_000000500697,Zenith Foundry Group,ap@zenith.com,2025-01-23,2025-08-23,monthly
cus_000000500806,Eastvale Cascade Group,ap@eastvale.com,2025-04-28,2026-07-28,monthly
cus_000000501001,Oakfield Pioneer,ap@oakfield.com,2025-11-27,2025-11-27,annual
cus_000000500939,Eastvale Analytics Systems,ap@eastvale.com,2025-10-27,2025-11-27,monthly
cus_000000500992,Whitmore Compass Group,ap@whitmore.com,2025-11-14,2026-08-14,monthly
cus_000000500210,MARBURY DIGITAL PARTNERS - Div 2,ap@marbury.com,2023-02-06,2023-09-06,monthly
cus_000000500950,Quillfeather Pioneer Holdings,ap@quillfeather.com,2025-10-13,2025-10-13,annual
cus_000000500726,Northgate Vector LLC,ap@northgate.com,2025-02-25,2026-06-25,monthly
cus_000000500696,Quarry Quantum,ap@quarry.com,2025-01-03,2025-11-03,monthly
cus_000000500958,Glenrock Trading Labs,ap@glenrock.com,2025-10-25,2025-10-25,annual
cus_000000501269,Quillfeather Pioneer Labs,ap@quillfeather.com,2024-03-30,2026-02-28,monthly
cus_000000500193,Vasquez Media Coastal,ap@vasquez.com,2023-01-19,2026-01-19,annual
cus_000000500922,Verdigris Nimbus LLC,ap@verdigris.com,2025-09-22,2025-09-22,annual
cus_000000500772,Ferreira Servicos Supply,ap@ferreira.com,2025-03-16,2026-01-16,monthly
cus_000000501305,Thornbury Precision Labs,ap@thornbury.com,2024-04-16,2024-08-16,monthly
cus_000000500422,Hollowway Lumen Holdings,ap@hollowway.com,2024-01-25,2026-07-25,monthly
cus_000000501116,Underhill Coastal Partners,ap@underhill.com,2026-03-20,2026-08-20,monthly
cus_000000500096,IRONWOOD PRECISION INC,ap@ironwood.com,2022-11-29,2023-09-28,monthly
cus_000000500908,Quillfeather Beacon Partners,ap@quillfeather.com,2025-09-08,2026-08-08,monthly
cus_000000500234,Northwind Keystone Systems,ap@northwind.com,2023-03-04,2026-08-04,monthly
cus_000000500474,Underhill Atlas,ap@underhill.com,2024-03-01,2026-03-01,annual
cus_000000500016,BLACKTHORN PIONEER HOLDINGS,ap@blackthorn.com,2022-12-13,2026-08-13,monthly
cus_000000500877,Fairmount Nimbus Systems,ap@fairmount.com,2025-08-23,2026-07-23,monthly
cus_000000501021,Brightwater Atlas Partners,ap@brightwater.com,2025-12-18,2026-08-18,monthly
cus_000000500998,Thornbury Quantum Systems,ap@thornbury.com,2025-11-15,2025-11-15,annual
cus_000000501082,Blackthorn Freight Corp,ap@blackthorn.com,2026-03-11,2026-07-11,monthly
cus_000000500094,Thornbury Compass Corp,ap@thornbury.com,2022-11-09,2025-11-09,annual
cus_000000500754,Pinnacle Coastal Partners,ap@pinnacle.com,2025-03-25,2026-07-25,usage
cus_000000500281,Lakeshore Quantum Labs,ap@lakeshore.com,2023-05-07,2026-05-07,annual
cus_000000500445,Marbury Keystone Partners - Subsidiary,ap@marbury.com,2024-02-15,2026-08-15,monthly
cus_000000500499,Blackthorn Vector Corp,ap@blackthorn.com,2024-04-09,2026-04-09,annual
cus_000000500534,Juniper Freight Group,ap@juniper.com,2024-05-17,2026-05-17,annual
cus_000000500661,QUILLFEATHER LUMEN LABS,ap@quillfeather.com,2024-11-09,2025-08-09,monthly
cus_000000501328,Fairmount Trading LLC,ap@fairmount.com,2024-11-10,2025-02-10,usage
cus_000000501250,Quarry Quantum Partners,ap@quarry.com,2024-04-27,2025-11-27,monthly
cus_000000500168,Alder Beacon Inc,ap@alder.com,2022-11-01,2025-11-01,usage
cus_000000500986,Juniper Digital Systems,ap@juniper.com,2025-11-28,2026-07-28,monthly
cus_000000500022,VERDIGRIS CLINICAL SYSTEMS,ap@verdigris.com,2022-11-18,2025-11-18,annual
cus_000000500487,Eastvale Vector,ap@eastvale.com,2024-03-27,2026-07-27,monthly
cus_000000500928,Eastvale Sterling Holdings,ap@eastvale.com,2025-09-26,2026-07-26,monthly
cus_000000500810,HARBORVIEW DIGITAL LABS,ap@harborview.com,2025-05-08,2026-05-13,annual
cus_000000500707,Oakfield Beacon LLC,ap@oakfield.com,2025-01-04,2026-05-04,monthly
cus_000000500682,Blackthorn Lumen Systems,ap@blackthorn.com,2024-12-10,2024-12-10,annual
cus_000000500019,Quillfeather Sterling Inc,ap@quillfeather.com,2022-11-30,2026-07-28,monthly
cus_000000500595,Inglewood Foundry Holdings,ap@inglewood.com,2024-08-09,2026-08-09,monthly
cus_000000500107,Brightwater Pioneer Inc,ap@brightwater.com,2022-11-02,2024-11-02,annual
cus_000000500914,Stonebridge Trading Inc,ap@stonebridge.com,2025-09-19,2026-08-19,monthly
cus_000000501092,ASHCOMBE TRADING LABS - Subsidiary,ap@ashcombe.com,2026-03-10,2026-08-10,monthly
cus_000000501369,Cranfield Trading,ap@cranfield.com,2025-06-18,2026-06-18,annual
cus_000000500981,Oakfield Clinical,ap@oakfield.com,2025-11-20,2026-03-20,monthly
cus_000000500838,Northgate Atlas,ap@northgate.com,2025-06-01,2026-08-01,monthly
cus_000000501172,TANGLEWOOD SUMMIT INC,ap@tanglewood.com,2026-05-27,2026-07-27,monthly
cus_000000501318,Umbra Atlas Holdings,ap@umbra.com,2024-11-22,2025-05-22,monthly
cus_000000500046,Eastvale Digital LLC,ap@eastvale.com,2022-12-06,2026-08-06,usage
cus_000000500189,Quarry Quantum Corporation,ap@quarry.com,2023-01-11,2023-02-11,monthly
cus_000000500421,INGLEWOOD SABLE INC,ap@inglewood.com,2024-01-10,2025-02-10,monthly
cus_000000501187,Ravenswood Sable Corp,ap@ravenswood.com,2026-06-17,2026-08-17,monthly
cus_000000501148,Inglewood Freight,ap@inglewood.com,2026-04-11,2026-08-11,monthly
cus_000000501350,Ferreira Servicos Precision,ap@ferreira.com,2025-01-16,2026-08-16,monthly
cus_000000501200,Marbury Sterling Partners,ap@marbury.com,2026-06-18,2026-08-18,monthly
cus_000000500242,LARKSPUR NIMBUS LABS - LATAM,ap@larkspur.com,2023-03-10,2023-03-10,annual
cus_000000501257,Vasquez Media Atlas,ap@vasquez.com,2024-04-05,2026-08-05,monthly
cus_000000501077,Meridian Quantum Group,ap@meridian.com,2026-02-06,2026-08-06,monthly
cus_000000501117,Marbury Vector Partners,ap@marbury.com,2026-03-23,2026-03-23,annual
cus_000000500600,Stonebridge Beacon,ap@stonebridge.com,2024-08-05,2026-06-05,monthly
cus_000000500252,Zenith Precision Systems,ap@zenith.com,2023-04-18,2026-04-18,annual
cus_000000501216,Umbra Summit Systems,ap@umbra.com,2026-07-16,2026-08-16,monthly
cus_000000500827,Verdigris Analytics Holdings,ap@verdigris.com,2025-05-25,2026-07-25,monthly
cus_000000500917,Dunmore Pioneer Holdings,ap@dunmore.com,2025-09-18,2026-08-18,usage
cus_000000500925,Lakeshore Analytics Labs,ap@lakeshore.com,2025-09-06,2025-09-06,annual
cus_000000500240,Tanglewood Nimbus Systems,ap@tanglewood.com,2023-03-10,2023-03-10,annual
cus_000000500075,Quarry Sable LLC,ap@quarry.com,2022-10-13,2026-08-13,monthly
cus_000000500228,Larkspur Quantum Systems,ap@larkspur.com,2023-03-17,2023-03-17,annual
cus_000000500784,Westbrook Precision Labs,ap@westbrook.com,2025-04-25,2025-05-25,monthly
cus_000000501159,Munoz Holdings Cascade,ap@munoz.com,2026-04-13,2026-08-13,usage
cus_000000501062,Guimaraes Log Onyx,ap@guimaraes.com,2026-02-28,2026-05-28,monthly
cus_000000501176,Oakfield Nimbus Holdings,ap@oakfield.com,2026-05-27,2026-07-27,monthly
cus_000000501201,Fairmount Atlas,ap@fairmount.com,2026-06-08,2026-06-08,annual
cus_000000500227,Dovetail Lumen Incorporated,ap@dovetail.com,2023-03-07,2026-03-07,annual
cus_000000501304,Blackthorn Clinical Partners,ap@blackthorn.com,2024-04-08,2024-07-08,monthly
cus_000000500687,Kestrel Atlas Corp,ap@kestrel.com,2024-12-26,2026-07-26,monthly
cus_000000500315,Pemberton Vector,ap@pemberton.com,2023-07-03,2023-08-03,monthly
cus_000000500070,PINNACLE KEYSTONE LLC,ap@pinnacle.com,2022-11-22,2025-11-22,annual
cus_000000500666,Northgate Precision,ap@northgate.com,2024-11-06,2026-08-06,monthly
cus_000000500591,Ravenswood Digital Holdings,ap@ravenswood.com,2024-08-10,2025-08-10,annual
cus_000000501283,Cranfield Anchor LLC,ap@cranfield.com,2024-05-10,2026-08-10,monthly
cus_000000501213,Brightwater Freight Partners,ap@brightwater.com,2026-06-05,2026-08-14,usage
cus_000000501125,Alder Anchor Group,ap@alder.com,2026-04-28,2026-07-28,monthly
cus_000000500344,Stonebridge Anchor Group,ap@stonebridge.com,2023-09-28,2025-09-28,annual
cus_000000501026,Thornbury Clinical Systems,ap@thornbury.com,2026-01-01,2026-01-01,annual
cus_000000500248,Quillfeather Precision LLC,ap@quillfeather.com,2023-04-24,2023-04-24,monthly
cus_000000501047,Pemberton Pioneer Corp.,ap@pemberton.com,2026-01-05,2026-01-05,annual
cus_000000500427,Dunmore Trading Holdings,ap@dunmore.com,2024-01-18,2025-03-18,monthly
cus_000000500493,Fairmount Digital Systems,ap@fairmount.com,2024-04-09,2026-08-09,monthly
cus_000000500147,JUNIPER PRECISION LABS,ap@juniper.com,2022-10-14,2022-11-14,monthly
cus_000000500287,Kestrel Onyx,ap@kestrel.com,2023-05-19,2024-07-19,monthly
cus_000000500665,Blackthorn Summit Systems,ap@blackthorn.com,2024-11-26,2026-07-26,monthly
cus_000000501351,Grupo Pena Digital,ap@grupo.com,2025-01-15,2026-01-15,annual
cus_000000500646,Verdigris Beacon Labs,ap@verdigris.com,2024-10-05,2026-02-05,monthly
cus_000000500020,Verdigris Anchor Incorporated,ap@verdigris.com,2022-10-05,2023-04-05,monthly
cus_000000500498,Inglewood Digital Systems - EMEA,ap@inglewood.com,2024-04-13,2026-08-13,monthly
cus_000000501366,Juniper Compass,ap@juniper.com,2025-07-11,2026-08-11,monthly
cus_000000500157,Glenrock Onyx Systems,ap@glenrock.com,2022-10-09,2022-10-09,annual
cus_000000500808,Marbury Lumen LLC,ap@marbury.com,2025-05-21,2026-07-21,monthly
cus_000000501053,Zenith Quantum Holdings,ap@zenith.com,2026-02-25,2026-07-25,monthly
cus_000000500632,Tanglewood Trading LLC,ap@tanglewood.com,2024-10-08,2025-10-08,annual
cus_000000500081,Vantage Summit Partners,ap@vantage.com,2022-10-23,2026-07-23,monthly
cus_000000500638,Northgate Sable,ap@northgate.com,2024-10-28,2026-08-02,usage
cus_000000501279,Lakeshore Coastal Corp,ap@lakeshore.com,2024-04-20,2025-06-20,monthly
cus_000000500704,Juniper Summit Inc,ap@juniper.com,2025-01-21,2026-01-21,annual
cus_000000501005,Nightingale Cascade Systems,ap@nightingale.com,2025-12-25,2026-01-25,monthly
cus_000000501191,Pinnacle Anchor Group,ap@pinnacle.com,2026-06-27,2026-07-27,monthly
cus_000000501106,Ironwood Supply Partners,ap@ironwood.com,2026-03-24,2026-05-24,monthly
cus_000000500160,Redstone Digital Corporation,ap@redstone.com,2022-11-01,2025-11-01,annual
cus_000000501357,Dovetail Nimbus Group,ap@dovetail.com,2025-06-17,2026-08-17,monthly
cus_000000501072,Alder Summit Holdings,ap@alder.com,2026-02-07,2026-08-07,monthly
cus_000000500357,Blackthorn Precision,ap@blackthorn.com,2023-10-16,2026-08-16,monthly
cus_000000500398,Blackthorn Summit Partners,ap@blackthorn.com,2023-11-23,2023-11-23,annual
cus_000000500775,Garcia Sistemas Beacon,ap@garcia.com,2025-03-21,2026-07-21,monthly
cus_000000500110,Copperfield Nimbus,ap@copperfield.com,2022-10-25,2026-07-25,usage
cus_000000500937,Brightwater Clinical Systems,ap@brightwater.com,2025-10-10,2026-05-10,monthly
cus_000000500383,Lopez y Asociados Anchor,ap@lopez.com,2023-11-25,2026-07-25,usage
cus_000000500380,Dovetail Summit,ap@dovetail.com,2023-11-27,2024-03-27,monthly
cus_000000500899,Umbra Trading - Subsidiary,ap@umbra.com,2025-08-25,2026-07-25,monthly
cus_000000500490,Silverline Lumen Holdings,ap@silverline.com,2024-04-16,2024-04-16,annual
cus_000000500912,BLACKTHORN PRECISION SYSTEMS,ap@blackthorn.com,2025-09-21,2026-07-21,monthly
cus_000000500299,Northgate Lumen Labs,ap@northgate.com,2023-06-04,2026-06-04,annual
cus_000000500676,Perez Group,ap@perez.com,2024-11-20,2025-07-20,monthly
cus_000000501381,Alder Anchor LLC,ap@alder.com,2025-08-10,2026-08-10,monthly
cus_000000500982,Stonebridge Sable,ap@stonebridge.com,2025-11-28,2026-07-28,monthly
cus_000000500683,Inglewood Summit Inc.,ap@inglewood.com,2024-12-21,2026-07-21,monthly
cus_000000500391,Underhill Cascade Labs,ap@underhill.com,2023-11-20,2024-03-20,monthly
cus_000000500374,Orchard Supply Corporation,ap@orchard.com,2023-10-16,2023-10-16,annual
cus_000000500369,Pinnacle Onyx Holdings,ap@pinnacle.com,2023-10-16,2024-08-16,monthly
cus_000000501141,Oakfield Atlas Group,ap@oakfield.com,2026-04-02,2026-07-02,monthly
cus_000000500742,Ashcombe Analytics LLC,ap@ashcombe.com,2025-02-13,2026-08-13,monthly
cus_000000500278,Umbra Vector Group,ap@umbra.com,2023-05-03,2023-05-03,monthly
cus_000000500021,Inglewood Compass Corp,ap@inglewood.com,2022-11-06,2022-11-06,annual
cus_000000500829,Yellowfin Atlas Systems,ap@yellowfin.com,2025-06-12,2025-12-12,monthly
cus_000000500903,Juniper Quantum Partners,ap@juniper.com,2025-08-03,2026-08-03,annual
cus_000000501020,DUNMORE KEYSTONE GROUP,ap@dunmore.com,2025-12-21,2026-07-21,monthly
cus_000000500093,Nightingale Lumen Systems,ap@nightingale.com,2022-10-23,2026-07-23,usage
cus_000000500397,Hollowway Precision Labs,ap@hollowway.com,2023-11-13,2025-01-13,monthly
cus_000000500679,Ferreira Servicos Analytics,ap@ferreira.com,2024-12-04,2026-02-04,monthly
cus_000000501054,Tanglewood Trading Inc,ap@tanglewood.com,2026-02-27,2026-02-27,annual
cus_000000500177,Ironwood Precision Holdings,ap@ironwood.com,2022-12-23,2025-12-23,annual
cus_000000501177,Alder Clinical Partners,ap@alder.com,2026-05-23,2026-07-23,monthly
cus_000000500605,Yellowfin Atlas Corp,ap@yellowfin.com,2024-08-08,,monthly
cus_000000500625,Nightingale Anchor,ap@nightingale.com,2024-09-09,2025-09-09,annual
cus_000000501314,Alder Beacon Holdings - LATAM,ap@alder.com,2024-12-05,2025-12-05,annual
cus_000000500486,Ashcombe Foundry Corporation,ap@ashcombe.com,2024-03-22,2026-07-22,usage
cus_000000501104,Meridian Supply Holdings,ap@meridian.com,2026-03-06,2026-03-06,annual
cus_000000500956,Cranfield Foundry LLC,ap@cranfield.com,2025-10-14,2026-05-14,monthly
cus_000000500916,Eastvale Sterling Labs,ap@eastvale.com,2025-09-04,2025-11-04,monthly
cus_000000500394,Juniper Trading,ap@juniper.com,2023-11-08,2026-08-08,usage
cus_000000500631,Marbury Lumen Inc,ap@marbury.com,2024-10-18,2026-08-18,monthly
cus_000000500963,Quarry Supply Corp - Subsidiary,ap@quarry.com,2025-10-07,2025-10-07,annual
cus_000000500817,Glenrock Onyx Corp.,ap@glenrock.com,2025-05-23,2026-07-23,monthly
cus_000000501238,Fairmount Foundry Inc.,ap@fairmount.com,2026-08-14,2026-08-14,monthly
cus_000000500807,Kestrel Compass Inc,ap@kestrel.com,2025-04-17,2025-05-17,monthly
cus_000000500118,Dunmore Lumen Holdings,ap@dunmore.com,2022-11-13,2026-05-13,monthly
cus_000000500855,Quillfeather Keystone,ap@quillfeather.com,2025-07-26,2026-07-26,monthly
cus_000000500578,Munoz Holdings Supply II,ap@munoz.com,2024-07-26,2026-07-26,monthly
cus_000000500232,Umbra Sable Labs,ap@umbra.com,2023-03-19,2026-08-19,monthly
cus_000000500522,Quillfeather Summit,ap@quillfeather.com,2024-05-17,2026-08-17,monthly
cus_000000500483,Garcia Sistemas Lumen,ap@garcia.com,2024-03-21,2026-07-21,monthly
cus_000000501138,Ravenswood Anchor,ap@ravenswood.com,2026-04-15,2026-04-15,annual
cus_000000501208,Ironwood Vector,ap@ironwood.com,2026-06-23,2026-07-23,monthly
cus_000000500207,Quillfeather Freight Incorporated,ap@quillfeather.com,2023-01-01,2024-04-01,monthly
cus_000000500822,Ashcombe Quantum Systems,ap@ashcombe.com,2025-05-17,2026-05-17,annual
cus_000000500547,Nightingale Sable Partners,ap@nightingale.com,2024-06-07,2026-08-07,monthly
cus_000000501289,Lakeshore Pioneer Holdings,ap@lakeshore.com,2024-03-31,2024-03-31,annual
cus_000000500686,IRONWOOD SABLE HOLDINGS,ap@ironwood.com,2024-12-16,2024-12-16,annual
cus_000000500663,Lakeshore Lumen LLC,ap@lakeshore.com,2024-11-25,2026-07-25,monthly
cus_000000500867,Munoz Holdings,ap@munoz.com,2025-07-09,2026-08-09,monthly
cus_000000500524,Juniper Analytics Systems,ap@juniper.com,2024-05-03,2026-05-03,annual
cus_000000500512,Ironwood Sable Corp,ap@ironwood.com,2024-04-19,2025-09-19,monthly
cus_000000500007,Nunez Capital Coastal,ap@nunez.com,2022-10-27,2026-07-27,monthly
cus_000000501008,Zenith Sable Corp,ap@zenith.com,2025-12-18,2026-08-18,monthly
cus_000000500628,Northwind Compass Holdings,ap@northwind.com,2024-10-22,2024-11-22,monthly
cus_000000500095,Glenrock Cascade Corporation,ap@glenrock.com,2022-11-18,2026-08-18,monthly
cus_000000500692,Yarrow Quantum Labs,ap@yarrow.com,2024-12-13,2025-12-13,annual
cus_000000500905,UNDERHILL VECTOR LLC - Div 2,ap@underhill.com,2025-08-16,2026-07-16,monthly
cus_000000500164,Marbury Precision Incorporated,ap@marbury.com,2022-11-14,2026-08-14,monthly
cus_000000501128,Orchard Nimbus,ap@orchard.com,2026-04-17,2026-04-17,monthly
cus_000000500368,ZENITH PIONEER LLC,ap@zenith.com,2023-10-18,2025-10-18,annual
cus_000000500294,Andre Freres Pioneer,ap@andre.com,2023-06-01,2024-06-01,annual
cus_000000500654,Larkspur Sable Holdings,ap@larkspur.com,2024-11-16,2025-04-16,monthly
cus_000000500511,Lakeshore Anchor Inc.,ap@lakeshore.com,2024-04-17,2026-07-17,monthly
cus_000000500945,Westbrook Coastal,ap@westbrook.com,2025-10-10,2026-08-10,monthly
cus_000000500555,RAVENSWOOD COASTAL GROUP,ap@ravenswood.com,2024-06-23,2026-05-23,monthly
cus_000000501239,Dovetail Keystone,ap@dovetail.com,2026-08-14,2026-08-14,monthly
cus_000000500015,Ashcombe Supply,ap@ashcombe.com,2022-11-23,2026-07-23,usage
cus_000000500057,Vantage Atlas,ap@vantage.com,2022-12-01,2026-08-01,usage
cus_000000501254,Nunez Capital Sterling,ap@nunez.com,2024-05-22,2026-07-22,monthly
cus_000000501333,Dunmore Sterling Labs,ap@dunmore.com,2025-01-18,2025-10-18,monthly
cus_000000500670,ALDER ANALYTICS CORP,ap@alder.com,2024-11-22,2025-11-22,annual
cus_000000500495,Ravenswood Foundry,ap@ravenswood.com,2024-04-18,2026-06-18,monthly
cus_000000501397,Yarrow Coastal Group,ap@yarrow.com,2025-07-07,2026-08-07,monthly
cus_000000501219,Cranfield Freight Systems,ap@cranfield.com,2026-07-24,2026-07-24,annual
cus_000000501287,Quillfeather Onyx Corp.,ap@quillfeather.com,2024-04-27,2026-07-27,monthly
cus_000000500859,Hollowway Foundry Labs,ap@hollowway.com,2025-07-10,2025-11-10,monthly
cus_000000500965,Cranfield Quantum,ap@cranfield.com,2025-10-04,2026-08-04,monthly
cus_000000500884,Zenith Precision Partners,ap@zenith.com,2025-08-04,2026-08-04,annual
cus_000000501391,Meridian Analytics LLC,ap@meridian.com,2025-07-09,2026-07-09,annual
cus_000000500034,Whitmore Onyx Corp,ap@whitmore.com,2022-12-15,2023-12-15,annual
cus_000000500465,Redstone Compass,ap@redstone.com,2024-03-01,2026-03-01,annual
cus_000000500513,Ironwood Compass Labs,ap@ironwood.com,2024-04-22,2026-07-22,monthly
cus_000000500132,BRIGHTWATER ANALYTICS LLC,ap@brightwater.com,2022-10-13,2025-10-22,annual
cus_000000500337,Alder Onyx,ap@alder.com,2023-09-27,2026-07-27,monthly
cus_000000501182,Juniper Lumen Holdings,ap@juniper.com,2026-05-11,2026-06-11,monthly
cus_000000501171,Fairmount Digital Corp,ap@fairmount.com,2026-05-10,2026-05-10,annual
cus_000000500206,Whitmore Digital Inc,ap@whitmore.com,2023-01-15,2026-01-15,annual
cus_000000501209,Cranfield Atlas Holdings,ap@cranfield.com,2026-06-05,2026-08-05,monthly
cus_000000500033,Kestrel Trading Group,ap@kestrel.com,2022-10-04,2026-08-04,monthly
cus_000000500837,Oakfield Foundry Corp,ap@oakfield.com,2025-06-05,2026-08-05,monthly
cus_000000500024,Yellowfin Clinical,ap@yellowfin.com,2022-11-27,2025-11-27,annual
cus_000000501355,Glenrock Trading Holdings,ap@glenrock.com,2025-01-05,2025-03-05,monthly
cus_000000500332,Glenrock Foundry,ap@glenrock.com,2023-08-18,2023-12-18,monthly
cus_000000500831,Fairmount Nimbus,ap@fairmount.com,2025-06-07,2026-08-07,monthly
cus_000000501310,PINNACLE ANALYTICS LABS,ap@pinnacle.com,2024-12-24,2026-07-24,monthly
cus_000000500750,Thornbury Sable,ap@thornbury.com,2025-02-01,2026-02-01,annual
cus_000000500984,Thornbury Anchor Systems,ap@thornbury.com,2025-11-27,2025-11-27,annual
cus_000000501316,ALDER CASCADE GROUP,ap@alder.com,2024-12-29,2026-07-28,monthly
cus_000000501199,HARBORVIEW LUMEN LABS,ap@harborview.com,2026-06-11,2026-08-11,monthly
cus_000000500530,Vantage Foundry Holdings,ap@vantage.com,2024-05-05,2026-08-05,monthly
cus_000000500403,Larkspur Lumen Inc,ap@larkspur.com,2023-11-18,2026-08-18,monthly
cus_000000501376,Vantage Coastal Systems,ap@vantage.com,2025-07-14,2026-08-14,monthly
cus_000000500136,Tanglewood Compass Group,ap@tanglewood.com,2022-10-25,2024-09-25,monthly
cus_000000500585,Hollowway Sable Group,ap@hollowway.com,2024-08-11,2026-08-11,annual
cus_000000501102,Alder Lumen Systems,ap@alder.com,2026-03-23,2026-04-23,monthly
cus_000000500472,REDSTONE QUANTUM CORP,ap@redstone.com,2024-03-22,2024-07-22,monthly
cus_000000500213,RAVENSWOOD CASCADE LABS,ap@ravenswood.com,2023-02-06,2026-08-06,monthly
cus_000000500133,Yellowfin Compass Partners,ap@yellowfin.com,2022-11-07,2026-08-07,monthly
cus_000000501059,Dovetail Nimbus Labs,ap@dovetail.com,2026-02-04,2026-02-04,annual
cus_000000501297,Dunmore Cascade Partners,ap@dunmore.com,2024-04-02,2024-07-02,monthly
cus_000000500745,WHITMORE ANCHOR CORP,ap@whitmore.com,2025-02-24,2026-07-24,usage
cus_000000500159,Zenith Quantum Inc.,ap@zenith.com,2022-11-26,2026-07-26,monthly
cus_000000500085,Blackthorn Keystone Partners,ap@blackthorn.com,2022-10-15,2023-04-15,monthly
cus_000000501362,Thornbury Freight,ap@thornbury.com,2025-06-09,2026-08-09,monthly
cus_000000500700,Yellowfin Trading Partners,ap@yellowfin.com,2025-01-12,2026-01-12,annual
cus_000000501347,Whitmore Freight,ap@whitmore.com,2024-11-14,2026-08-14,monthly
cus_000000500167,Inglewood Nimbus LLC,ap@inglewood.com,2022-11-19,2025-11-19,annual
cus_000000500702,Westbrook Summit Partners,ap@westbrook.com,2025-01-04,2026-01-04,annual
cus_000000500590,Juniper Clinical Partners,ap@juniper.com,2024-08-02,2025-02-02,monthly
cus_000000501179,Zenith Analytics Group,ap@zenith.com,2026-05-20,2026-07-20,monthly
cus_000000501365,Hollowway Coastal Labs - EMEA,ap@hollowway.com,2025-08-10,2025-08-10,monthly
cus_000000500047,Yarrow Nimbus Labs,ap@yarrow.com,2022-11-09,2026-08-09,monthly
cus_000000501135,Brightwater Cascade Group,ap@brightwater.com,2026-04-23,2026-04-23,annual
cus_000000500451,Meridian Cascade,ap@meridian.com,2024-02-25,2026-07-25,usage
cus_000000500586,Northgate Cascade LLC,ap@northgate.com,2024-08-27,2026-05-27,monthly
cus_000000500244,Eastvale Lumen Labs,ap@eastvale.com,2023-04-15,2024-04-15,annual
cus_000000500443,Larkspur Sterling,ap@larkspur.com,2024-02-19,2024-02-19,annual
cus_000000501320,Larkspur Analytics Holdings,ap@larkspur.com,2024-11-11,2026-08-11,monthly
cus_000000500738,Ironwood Analytics Incorporated,ap@ironwood.com,2025-02-11,2026-02-11,annual
cus_000000500568,Orchard Atlas Corp,ap@orchard.com,2024-06-05,2026-08-05,monthly
cus_000000500610,Ravenswood Precision,ap@ravenswood.com,2024-09-14,2024-09-14,monthly
cus_000000501382,Larkspur Supply Corp.,ap@larkspur.com,2025-09-02,2025-09-02,annual
cus_000000501286,Northgate Quantum Labs,ap@northgate.com,2024-04-01,2024-04-01,annual
cus_000000500050,Dunmore Sable Group,ap@dunmore.com,2022-11-03,2025-11-03,annual
cus_000000500813,Copperfield Compass Corp.,ap@copperfield.com,2025-05-06,2026-05-13,annual
cus_000000500296,Perez Group Foundry,ap@perez.com,2023-06-06,2026-08-06,monthly
cus_000000500289,Whitmore Cascade Corp.,ap@whitmore.com,2023-06-07,2026-08-07,monthly
cus_000000500860,Pinnacle Compass Corp,ap@pinnacle.com,2025-07-28,2025-07-28,annual
cus_000000501198,Cerulean Onyx Partners,ap@cerulean.com,2026-06-23,2026-07-23,monthly
cus_000000500723,Meridian Precision Inc,ap@meridian.com,2025-02-06,2026-02-06,annual
cus_000000500429,Dunmore Cascade Systems,ap@dunmore.com,2024-01-09,2026-01-09,annual
cus_000000500185,Zenith Atlas Corp,ap@zenith.com,2022-12-10,2023-01-10,monthly
cus_000000501161,Lopez y Asociados Sable,ap@lopez.com,2026-05-06,2026-08-06,monthly
cus_000000500766,Thornbury Foundry Inc,ap@thornbury.com,2025-03-24,2026-07-24,monthly
cus_000000500938,Yarrow Digital,ap@yarrow.com,2025-10-04,2026-01-04,monthly
cus_000000500134,Kestrel Freight Systems,ap@kestrel.com,2022-11-30,2026-07-28,usage
cus_000000500424,Verdigris Pioneer Systems,ap@verdigris.com,2024-01-15,2024-07-15,monthly
cus_000000500878,Copperfield Sterling,ap@copperfield.com,2025-08-13,2026-08-13,annual
cus_000000500083,Yellowfin Clinical Labs,ap@yellowfin.com,2022-11-29,2025-08-28,monthly
cus_000000501389,Quarry Pioneer Inc.,ap@quarry.com,2025-07-29,2025-11-28,monthly
cus_000000501233,Northgate Beacon Labs,ap@northgate.com,2026-08-04,2026-08-04,monthly
cus_000000501294,Umbra Anchor Systems,ap@umbra.com,2024-05-11,2024-10-11,monthly
cus_000000500901,Kestrel Cascade Inc,ap@kestrel.com,2025-08-18,2026-08-18,monthly
cus_000000500195,Ferreira Servicos Foundry,ap@ferreira.com,2023-01-19,2023-03-19,monthly
cus_000000500218,Quarry Lumen Group,ap@quarry.com,2023-02-27,2023-06-27,monthly
cus_000000500694,Oakfield Pioneer Inc,ap@oakfield.com,2024-12-22,2026-07-22,monthly
cus_000000501123,Pemberton Freight Systems,ap@pemberton.com,2026-04-01,2026-08-01,monthly
cus_000000500620,Hollowway Lumen Corp,ap@hollowway.com,2024-09-03,2025-04-03,monthly
cus_000000500961,Northgate Foundry Systems,ap@northgate.com,2025-10-07,2026-04-07,monthly
cus_000000500375,Umbra Analytics Systems,ap@umbra.com,2023-10-24,2023-10-24,annual
cus_000000500615,Marbury Sable Inc,ap@marbury.com,2024-09-08,2024-12-08,monthly
cus_000000500795,Nightingale Keystone,ap@nightingale.com,2025-04-08,2025-05-08,monthly
cus_000000500712,Quillfeather Sterling Labs,ap@quillfeather.com,2025-01-17,2026-08-17,monthly
cus_000000500013,Ashcombe Clinical LLC,ap@ashcombe.com,2022-10-15,2026-08-15,monthly
cus_000000500910,Umbra Keystone Inc.,ap@umbra.com,2025-09-11,2026-08-11,monthly
cus_000000500435,Alder Sterling Partners,ap@alder.com,2024-01-12,2026-08-12,monthly
cus_000000500820,Nightingale Coastal Labs,ap@nightingale.com,2025-05-19,2026-05-19,annual
cus_000000500458,Pinnacle Atlas Inc,ap@pinnacle.com,2024-02-27,2024-02-27,annual
cus_000000500064,Kestrel Vector Systems,ap@kestrel.com,2022-12-08,2025-12-08,annual
cus_000000500593,Lakeshore Supply Inc,ap@lakeshore.com,2024-08-01,2026-08-01,monthly
cus_000000500297,Whitmore Freight Group,ap@whitmore.com,2023-06-28,2026-06-28,annual
cus_000000500311,Tanglewood Sable Corp,ap@tanglewood.com,2023-07-01,2026-08-01,usage
cus_000000500539,Glenrock Onyx Holdings,ap@glenrock.com,2024-05-04,2026-05-04,annual
cus_000000500793,Blackthorn Sterling Labs,ap@blackthorn.com,2025-04-02,2025-04-02,annual
cus_000000500162,Copperfield Precision Group,ap@copperfield.com,2022-11-25,2026-07-25,monthly
cus_000000500418,Oakfield Atlas,ap@oakfield.com,2024-01-13,2026-01-13,annual
cus_000000501249,Silverline Cascade Partners,ap@silverline.com,2024-05-26,2024-06-26,monthly
cus_000000501278,Ravenswood Atlas Systems,ap@ravenswood.com,2024-03-10,2024-10-10,monthly
cus_000000501108,Larkspur Cascade Systems,ap@larkspur.com,2026-03-10,2026-08-10,monthly
cus_000000500235,Copperfield Lumen,ap@copperfield.com,2023-03-11,2026-08-11,monthly
cus_000000500271,DOVETAIL QUANTUM PARTNERS,ap@dovetail.com,2023-05-02,2023-07-02,monthly
cus_000000500835,Inglewood Onyx Group,ap@inglewood.com,2025-06-12,2025-06-12,annual
cus_000000501339,Westbrook Coastal,ap@westbrook.com,2024-12-30,2025-04-28,monthly
cus_000000500196,Grupo Pena Lumen,ap@grupo.com,2023-01-12,2026-01-12,annual
cus_000000501152,Quarry Cascade,ap@quarry.com,2026-04-05,2026-04-05,annual
cus_000000501099,Yellowfin Cascade,ap@yellowfin.com,2026-03-02,2026-08-02,monthly
cus_000000501285,Copperfield Lumen,ap@copperfield.com,2024-04-02,2025-10-02,monthly
cus_000000501207,Yellowfin Sable Group,ap@yellowfin.com,2026-06-02,2026-07-02,monthly
cus_000000500010,Ashcombe Anchor,ap@ashcombe.com,2022-11-14,2026-08-14,monthly
cus_000000500246,Acme Atlas,ap@acme.com,2023-04-16,2026-08-16,monthly
cus_000000500377,Nightingale Freight LLC,ap@nightingale.com,2023-10-05,2026-08-05,monthly
cus_000000500717,Cranfield Nimbus Group,ap@cranfield.com,2025-01-11,2025-01-11,annual
cus_000000500051,Ashcombe Beacon Inc,ap@ashcombe.com,2022-11-24,2026-07-24,monthly
cus_000000500156,Verdigris Coastal Systems,ap@verdigris.com,2022-10-10,2025-10-10,annual
cus_000000501237,Juniper Anchor Inc.,ap@juniper.com,2026-08-01,2026-08-01,annual
cus_000000500290,Pemberton Vector Inc,ap@pemberton.com,2023-06-05,2026-08-05,monthly
cus_000000501142,Larkspur Onyx Partners,ap@larkspur.com,2026-04-10,2026-08-10,monthly
cus_000000500516,Westbrook Analytics Group,ap@westbrook.com,2024-04-02,2026-04-02,annual
cus_000000500730,Westbrook Pioneer Labs,ap@westbrook.com,2025-02-11,2026-02-11,annual
cus_000000500954,Yellowfin Coastal LLC,ap@yellowfin.com,2025-10-18,2026-08-18,monthly
cus_000000500627,MARBURY ONYX PARTNERS,ap@marbury.com,2024-09-15,2025-09-15,annual
cus_000000500089,Orchard Compass Labs,ap@orchard.com,2022-10-25,2026-07-25,usage
cus_000000500542,Pemberton Coastal Systems,ap@pemberton.com,2024-05-08,2026-08-08,monthly
cus_000000500886,Whitmore Nimbus LLC,ap@whitmore.com,2025-08-12,2026-08-12,monthly
cus_000000500137,Underhill Compass LLC,ap@underhill.com,2022-10-04,2023-07-04,monthly
cus_000000500507,Harborview Onyx Group,ap@harborview.com,2024-04-15,2026-08-15,monthly
cus_000000500517,Tanglewood Anchor Group,ap@tanglewood.com,2024-04-25,2024-06-25,monthly
cus_000000500208,Meridian Digital Partners,ap@meridian.com,2023-01-07,2026-01-07,annual
cus_000000500009,Oakfield Trading Holdings,ap@oakfield.com,2022-10-17,2025-10-17,annual
cus_000000501170,Quillfeather Analytics Labs,ap@quillfeather.com,2026-05-02,2026-08-02,monthly
cus_000000500101,Hernandez Retail,ap@hernandez.com,2022-10-26,2024-02-26,usage
cus_000000500482,Munoz Holdings Digital,ap@munoz.com,2024-03-19,2024-03-19,annual
cus_000000501100,Oakfield Compass Labs,ap@oakfield.com,2026-03-01,2026-08-01,usage
cus_000000501107,Nightingale Pioneer,ap@nightingale.com,2026-03-09,2026-03-09,annual
cus_000000500727,Pemberton Vector Corp,ap@pemberton.com,2025-02-09,2026-08-09,monthly
cus_000000500932,RAVENSWOOD BEACON CORP,ap@ravenswood.com,2025-10-28,2026-07-28,monthly
cus_000000500828,Ravenswood Summit Corp,ap@ravenswood.com,2025-05-28,2026-05-28,annual
cus_000000500428,Larkspur Supply LLC,ap@larkspur.com,2024-01-27,2026-07-27,monthly
cus_000000501178,Tanglewood Anchor Holdings,ap@tanglewood.com,2026-05-15,2026-08-15,monthly
cus_000000500705,Dunmore Digital Corp,ap@dunmore.com,2025-01-07,2026-08-07,monthly
cus_000000501139,Underhill Quantum Partners,ap@underhill.com,2026-04-03,2026-04-03,annual
cus_000000500681,Larkspur Digital Systems,ap@larkspur.com,2024-12-09,2025-12-09,usage
cus_000000500678,Guimaraes Log Digital,ap@guimaraes.com,2024-12-09,2026-08-09,monthly
cus_000000500199,Andre Freres,ap@andre.com,2023-01-17,2024-07-17,monthly
cus_000000501027,Verdigris Precision Holdings,ap@verdigris.com,2026-01-01,2026-01-01,annual
cus_000000500575,Tanglewood Anchor,ap@tanglewood.com,2024-07-04,2026-08-04,monthly
cus_000000500876,Kestrel Quantum Partners,ap@kestrel.com,2025-08-08,2025-11-08,monthly
cus_000000500441,Yellowfin Sterling Group,ap@yellowfin.com,2024-02-18,2026-02-18,annual
cus_000000500317,Ironwood Summit Partners,ap@ironwood.com,2023-07-14,2026-08-14,monthly
cus_000000500533,Dovetail Precision Systems,ap@dovetail.com,2024-05-23,2024-09-23,monthly
cus_000000500770,Vasquez Media Digital - LATAM,ap@vasquez.com,2025-03-10,2026-08-10,monthly
cus_000000500005,Lopez y Asociados,ap@lopez.com,2022-12-03,2022-12-03,annual
cus_000000500921,Meridian Nimbus,ap@meridian.com,2025-09-05,2026-08-05,monthly
cus_000000501363,VANTAGE ANCHOR SYSTEMS,ap@vantage.com,2025-08-20,2025-08-20,monthly
cus_000000501327,Pemberton Lumen,ap@pemberton.com,2024-11-07,2025-11-07,annual
cus_000000500845,Cerulean Anchor,ap@cerulean.com,2025-06-13,2026-08-13,monthly
cus_000000500834,Quarry Summit,ap@quarry.com,2025-06-14,2026-08-14,monthly
cus_000000500245,Fairmount Precision LLC,ap@fairmount.com,2023-04-28,2024-08-28,monthly
cus_000000500949,BRIGHTWATER FREIGHT LLC,ap@brightwater.com,2025-10-24,2026-05-24,monthly
cus_000000501051,Ashcombe Supply LLC,ap@ashcombe.com,2026-02-14,2026-08-14,monthly
cus_000000500983,Acme Foundry Group,ap@acme.com,2025-11-14,2026-03-14,monthly
cus_000000501195,Cranfield Coastal Systems,ap@cranfield.com,2026-06-17,2026-08-17,monthly
cus_000000500645,Nightingale Vector Partners,ap@nightingale.com,2024-10-06,2025-10-06,annual
cus_000000500893,Verdigris Clinical Labs,ap@verdigris.com,2025-08-21,2026-07-21,monthly
cus_000000500774,Munoz Holdings Onyx,ap@munoz.com,2025-03-15,2026-08-15,monthly
cus_000000500180,Redstone Summit Corp,ap@redstone.com,2022-12-11,2024-08-11,monthly
cus_000000500760,Verdigris Compass Inc,ap@verdigris.com,2025-03-17,2025-08-17,monthly
cus_000000500527,Pinnacle Foundry - EMEA,ap@pinnacle.com,2024-05-07,2026-05-07,annual
cus_000000500977,Underhill Summit Partners,ap@underhill.com,2025-11-01,2025-11-01,monthly
cus_000000500902,Pemberton Summit Holdings,ap@pemberton.com,2025-08-23,2026-07-23,monthly
cus_000000500477,Dovetail Supply Partners,ap@dovetail.com,2024-03-16,2026-08-16,monthly
cus_000000500182,Glenrock Precision,ap@glenrock.com,2022-12-15,2022-12-15,monthly
cus_000000501124,Quarry Analytics Systems,ap@quarry.com,2026-04-23,2026-07-23,monthly
cus_000000500621,Hollowway Cascade Holdings,ap@hollowway.com,2024-09-19,2025-09-19,annual
cus_000000501003,Hollowway Lumen Systems,ap@hollowway.com,2025-12-02,2025-12-02,annual
cus_000000500695,Acme Compass LLC,ap@acme.com,2024-12-05,2025-02-05,monthly
cus_000000500529,Inglewood Sterling Partners,ap@inglewood.com,2024-05-05,2024-07-05,monthly
cus_000000500857,Cerulean Vector Corp,ap@cerulean.com,2025-07-01,2025-08-01,monthly
cus_000000500719,Yarrow Supply Inc,ap@yarrow.com,2025-01-04,2026-08-04,monthly
cus_000000500564,HOLLOWWAY ANALYTICS SYSTEMS,ap@hollowway.com,2024-06-04,2026-08-04,monthly
cus_000000500065,Kestrel Vector Systems - Subsidiary,ap@kestrel.com,2022-12-08,2025-12-08,annual
cus_000000500866,Grupo Pena Precision,ap@grupo.com,2025-07-20,2026-08-20,monthly
cus_000000500538,Orchard Beacon,ap@orchard.com,2024-05-22,2024-12-22,monthly
cus_000000500588,Pinnacle Trading Systems,ap@pinnacle.com,2024-08-11,2025-10-11,monthly
cus_000000501164,Perez Group Nimbus,ap@perez.com,2026-05-06,2026-08-06,monthly
cus_000000500263,Quillfeather Digital Corp,ap@quillfeather.com,2023-04-21,2026-07-21,usage
cus_000000500885,Ravenswood Compass Labs,ap@ravenswood.com,2025-08-23,2026-07-23,monthly
cus_000000500288,Inglewood Coastal Corp,ap@inglewood.com,2023-06-03,2024-07-03,monthly
cus_000000500155,Quarry Trading Labs,ap@quarry.com,2022-10-03,2022-11-03,monthly
cus_000000500744,Hollowway Supply Partners,ap@hollowway.com,2025-02-09,2025-08-09,monthly
cus_000000501232,Yellowfin Coastal,ap@yellowfin.com,2026-07-24,2026-07-24,monthly
cus_000000500957,Ashcombe Summit Corporation,ap@ashcombe.com,2025-10-12,2026-08-12,monthly
cus_000000500574,Pemberton Atlas,ap@pemberton.com,2024-07-08,2026-08-08,monthly
cus_000000501372,Redstone Keystone,ap@redstone.com,2025-06-15,2025-07-15,monthly
cus_000000501399,Verdigris Sable Labs,ap@verdigris.com,2025-08-08,2026-08-08,monthly
cus_000000501343,Vantage Freight Partners,ap@vantage.com,2025-01-25,2025-04-25,monthly
cus_000000500759,Stonebridge Quantum Labs,ap@stonebridge.com,2025-03-09,2025-09-09,monthly
cus_000000501302,Northwind Supply Partners,ap@northwind.com,2024-06-03,2026-06-03,annual
cus_000000500239,Ravenswood Sterling,ap@ravenswood.com,2023-03-23,2023-07-23,usage
cus_000000500399,Verdigris Atlas,ap@verdigris.com,2023-11-06,2026-08-06,monthly
cus_000000500259,Orchard Foundry Inc,ap@orchard.com,2023-04-06,2024-05-06,monthly
cus_000000500623,ZENITH ANCHOR GROUP,ap@zenith.com,2024-09-15,2026-08-15,monthly
cus_000000500078,Cranfield Summit Partners,ap@cranfield.com,2022-10-20,2026-08-20,monthly
cus_000000501361,Acme Sterling Corp,ap@acme.com,2025-08-24,2025-08-24,annual
cus_000000501133,Vantage Digital Inc,ap@vantage.com,2026-04-01,2026-08-01,monthly
cus_000000500343,Westbrook Coastal,ap@westbrook.com,2023-09-24,2026-07-24,monthly
cus_000000500596,Northwind Analytics Inc.,ap@northwind.com,2024-08-28,2026-07-28,monthly
cus_000000501264,Pinnacle Nimbus LLC,ap@pinnacle.com,2024-06-01,2026-08-01,monthly
cus_000000500125,Acme Clinical Labs,ap@acme.com,2022-12-11,2022-12-11,annual
cus_000000500261,Zenith Coastal Partners,ap@zenith.com,2023-04-28,2026-07-28,monthly
cus_000000500100,Perez Group,ap@perez.com,2022-11-29,2025-11-28,annual
cus_000000500874,Quillfeather Nimbus Holdings,ap@quillfeather.com,2025-08-22,2025-08-22,annual
cus_000000500644,Tanglewood Onyx Partners,ap@tanglewood.com,2024-10-23,2025-08-23,monthly
cus_000000500814,Northgate Anchor Partners,ap@northgate.com,2025-05-05,2025-09-05,monthly
cus_000000500709,Quillfeather Atlas,ap@quillfeather.com,2025-01-04,2025-05-04,monthly
cus_000000500743,Westbrook Digital Labs,ap@westbrook.com,2025-02-20,2026-08-20,monthly
cus_000000500152,Dovetail Compass Corp,ap@dovetail.com,2022-10-10,2023-02-10,monthly
cus_000000501131,Copperfield Supply Partners,ap@copperfield.com,2026-04-08,2026-04-08,annual
cus_000000500548,THORNBURY DIGITAL LLC,ap@thornbury.com,2024-06-15,2026-08-15,monthly
cus_000000501271,Verdigris Anchor Labs,ap@verdigris.com,2024-04-20,2026-08-20,monthly
cus_000000500316,Yarrow Digital Incorporated,ap@yarrow.com,2023-07-01,2025-08-01,monthly
cus_000000500120,Brightwater Nimbus Group,ap@brightwater.com,2022-12-02,2025-02-02,monthly
cus_000000501332,Inglewood Summit Group,ap@inglewood.com,2024-12-13,2026-04-17,usage
cus_000000501086,Copperfield Atlas Partners,ap@copperfield.com,2026-03-06,2026-08-06,monthly
cus_000000500314,Stonebridge Sable Corporation,ap@stonebridge.com,2023-07-24,2026-07-24,usage
cus_000000500384,Sao Bento Foundry II,ap@sao.com,2023-11-16,2023-11-16,monthly
cus_000000500677,Vasquez Media Analytics,ap@vasquez.com,2024-12-02,2026-08-02,monthly
cus_000000500104,Ferreira Servicos Cascade,ap@ferreira.com,2022-10-29,2023-10-28,annual
cus_000000500758,Quarry Cascade,ap@quarry.com,2025-03-16,2026-08-16,usage
cus_000000500868,Garcia Sistemas Coastal,ap@garcia.com,2025-07-26,2026-07-26,monthly
cus_000000500342,Underhill Supply LLC,ap@underhill.com,2023-09-18,2025-01-18,usage
cus_000000500927,Pemberton Freight,ap@pemberton.com,2025-09-05,2026-08-10,monthly
cus_000000501230,Northwind Sable Holdings,ap@northwind.com,2026-07-14,2026-08-14,monthly
cus_000000500415,Hollowway Beacon Systems,ap@hollowway.com,2023-12-06,2025-12-06,annual
cus_000000501120,Pemberton Lumen Group,ap@pemberton.com,2026-03-03,2026-08-03,monthly
cus_000000500335,Meridian Trading,ap@meridian.com,2023-08-05,2026-08-05,monthly
cus_000000500728,Quillfeather Trading Systems,ap@quillfeather.com,2025-02-27,2025-02-27,annual
cus_000000501192,NORTHGATE ANALYTICS PARTNERS,ap@northgate.com,2026-06-28,2026-06-28,annual
cus_000000500191,Acme Nimbus Holdings,ap@acme.com,2023-01-08,2026-08-08,monthly
cus_000000500557,Fairmount Compass LLC,ap@fairmount.com,2024-06-05,2026-06-05,annual
cus_000000500565,Verdigris Sable,ap@verdigris.com,2024-06-03,2026-08-03,monthly
cus_000000500055,Hollowway Onyx Systems,ap@hollowway.com,2022-12-09,2026-08-09,monthly
cus_000000501030,Ashcombe Keystone Holdings,ap@ashcombe.com,2026-01-02,2026-08-02,monthly
cus_000000500941,Thornbury Coastal,ap@thornbury.com,2025-10-12,2026-08-12,monthly
cus_000000500351,Pemberton Analytics Inc,ap@pemberton.com,2023-09-19,2024-09-19,annual
cus_000000500255,Larkspur Pioneer Group,ap@larkspur.com,2023-04-14,2023-11-14,monthly
cus_000000501112,Juniper Compass,ap@juniper.com,2026-03-15,2026-03-15,annual
cus_000000501064,Grupo Pena Pioneer II,ap@grupo.com,2026-02-15,2026-08-15,monthly
cus_000000500172,Pemberton Atlas Inc,ap@pemberton.com,2022-11-14,2023-09-14,monthly
cus_000000500260,Cranfield Cascade Labs,ap@cranfield.com,2023-04-03,2024-05-03,monthly
cus_000000500367,Yarrow Freight Labs,ap@yarrow.com,2023-10-10,2023-10-10,annual
cus_000000500871,Sao Bento Vector,ap@sao.com,2025-08-19,2026-08-19,monthly
cus_000000500431,Harborview Anchor,ap@harborview.com,2024-01-12,2024-07-12,monthly
cus_000000501253,Sao Bento Nimbus,ap@sao.com,2024-05-10,2024-07-10,monthly
cus_000000500253,Verdigris Atlas Inc,ap@verdigris.com,2023-04-08,2026-08-08,monthly
cus_000000500008,Perez Group Vector,ap@perez.com,2022-11-15,2025-11-15,annual
cus_000000500163,Zenith Trading Group,ap@zenith.com,2022-11-25,2022-12-25,monthly
cus_000000500576,Ironwood Digital Holdings,ap@ironwood.com,2024-07-16,2024-07-16,annual
cus_000000500581,Nunez Capital Sable,ap@nunez.com,2024-07-27,2025-05-27,monthly
cus_000000500387,Hernandez Retail,ap@hernandez.com,2023-11-26,2026-07-26,monthly
cus_000000501383,Eastvale Sable Group,ap@eastvale.com,2025-07-11,2026-08-11,monthly
cus_000000501057,Acme Freight Labs,ap@acme.com,2026-02-11,2026-08-11,monthly
cus_000000501259,Ferreira Servicos Vector,ap@ferreira.com,2024-04-26,2024-05-26,usage
cus_000000500891,Westbrook Lumen Group,ap@westbrook.com,2025-08-26,2026-07-26,monthly
cus_000000501228,Silverline Beacon LLC,ap@silverline.com,2026-07-19,2026-08-19,monthly
cus_000000500001,Grupo Pena,ap@grupo.com,2022-10-20,2026-08-20,usage
cus_000000500613,Pemberton Precision Labs,ap@pemberton.com,2024-09-08,2026-06-08,monthly
cus_000000500376,ORCHARD STERLING LABS,ap@orchard.com,2023-10-13,2025-12-13,monthly
cus_000000500863,Pemberton Anchor,ap@pemberton.com,2025-07-18,2026-08-18,monthly
cus_000000500476,Pinnacle Coastal LLC,ap@pinnacle.com,2024-03-13,2026-08-13,monthly
cus_000000501308,Ashcombe Sterling Corp.,ap@ashcombe.com,2025-02-01,2026-08-01,monthly
cus_000000501242,Stonebridge Pioneer Incorporated,ap@stonebridge.com,2026-08-14,2026-08-14,annual
cus_000000500140,Underhill Atlas Holdings,ap@underhill.com,2022-10-12,2026-08-12,monthly
cus_000000500943,Ravenswood Summit Systems,ap@ravenswood.com,2025-10-19,2025-10-19,annual
cus_000000500713,Pinnacle Foundry Systems,ap@pinnacle.com,2025-01-13,2026-01-13,annual
cus_000000501174,Stonebridge Analytics LLC,ap@stonebridge.com,2026-05-20,2026-08-20,monthly
cus_000000500123,ACME CLINICAL SYSTEMS,ap@acme.com,2022-10-03,2026-08-03,monthly
cus_000000500392,Eastvale Freight LLC,ap@eastvale.com,2023-11-11,2026-03-11,monthly
cus_000000500150,Brightwater Quantum Labs,ap@brightwater.com,2022-10-23,2025-10-23,annual
cus_000000500364,Whitmore Quantum,ap@whitmore.com,2023-10-13,2024-03-13,usage
cus_000000500362,Dunmore Trading,ap@dunmore.com,2023-10-27,2023-10-27,annual
cus_000000501044,Fairmount Beacon Labs,ap@fairmount.com,2026-01-15,2026-08-15,monthly
cus_000000501036,Blackthorn Pioneer Labs,ap@blackthorn.com,2026-01-09,2026-01-09,annual
cus_000000501018,Yarrow Beacon Group,ap@yarrow.com,2025-12-09,2025-12-09,annual
cus_000000500649,Underhill Analytics Holdings,ap@underhill.com,2024-10-14,2026-06-14,monthly
cus_000000501311,Northgate Compass LLC,ap@northgate.com,2025-01-02,2026-08-02,monthly
cus_000000500307,Stonebridge Pioneer Systems,ap@stonebridge.com,2023-07-26,2024-04-26,monthly
cus_000000501375,Ashcombe Lumen Group,ap@ashcombe.com,2025-07-17,2026-07-17,annual
cus_000000500599,Copperfield Freight Corp.,ap@copperfield.com,2024-08-21,2026-07-21,monthly
cus_000000500757,Westbrook Freight Corp.,ap@westbrook.com,2025-03-16,2026-08-20,usage
cus_000000501295,Underhill Sterling Corp,ap@underhill.com,2024-03-21,2026-03-21,annual
cus_000000501153,UMBRA CASCADE INC,ap@umbra.com,2026-04-21,2026-04-21,annual
cus_000000500442,Underhill Trading,ap@underhill.com,2024-02-28,2024-08-28,monthly
cus_000000501335,Dovetail Sterling Group,ap@dovetail.com,2025-01-06,2025-01-06,monthly
cus_000000500292,Munoz Holdings Precision II,ap@munoz.com,2023-06-12,2026-06-12,annual
cus_000000500684,Pemberton Sterling Partners,ap@pemberton.com,2024-12-16,2026-08-16,monthly
cus_000000501070,Dunmore Analytics,ap@dunmore.com,2026-02-18,2026-08-18,monthly
cus_000000500131,Quillfeather Quantum Corp.,ap@quillfeather.com,2022-11-04,2026-08-04,monthly
cus_000000500633,Glenrock Digital Inc,ap@glenrock.com,2024-10-13,2025-07-18,usage
cus_000000501336,Cranfield Atlas Partners,ap@cranfield.com,2024-12-07,2026-08-07,monthly
cus_000000500269,Nightingale Freight Holdings,ap@nightingale.com,2023-05-17,2025-01-17,usage
cus_000000500449,Yellowfin Nimbus,ap@yellowfin.com,2024-02-11,2026-08-11,usage
cus_000000500466,COPPERFIELD ONYX LABS,ap@copperfield.com,2024-03-01,2026-08-01,monthly
cus_000000500407,Hollowway Cascade LLC,ap@hollowway.com,2023-12-15,2025-03-15,monthly
cus_000000500763,Yarrow Analytics Systems,ap@yarrow.com,2025-03-21,2026-03-21,annual
cus_000000501329,Zenith Summit Group,ap@zenith.com,2024-11-05,2026-07-05,monthly
cus_000000501084,Quillfeather Precision,ap@quillfeather.com,2026-03-20,2026-03-20,annual
cus_000000500567,Thornbury Trading Group,ap@thornbury.com,2024-06-06,2026-06-06,annual
cus_000000501012,Larkspur Supply,ap@larkspur.com,2025-12-12,2026-08-12,monthly
cus_000000500044,Eastvale Trading,ap@eastvale.com,2022-11-16,2026-08-16,monthly
cus_000000500114,Thornbury Vector Partners,ap@thornbury.com,2022-11-15,2026-08-15,monthly
cus_000000500714,Cerulean Supply Corporation,ap@cerulean.com,2025-01-19,2025-11-19,monthly
cus_000000501013,Acme Analytics LLC,ap@acme.com,2025-12-15,2025-12-15,annual
cus_000000500589,Cerulean Lumen Systems,ap@cerulean.com,2024-08-17,2025-02-17,monthly
cus_000000501155,Whitmore Cascade Systems,ap@whitmore.com,2026-04-23,2026-08-01,monthly
cus_000000500718,Oakfield Sterling,ap@oakfield.com,2025-01-09,2026-07-09,monthly
cus_000000500324,Pinnacle Keystone Group,ap@pinnacle.com,2023-08-24,2025-02-24,monthly
cus_000000500241,Larkspur Nimbus Labs,ap@larkspur.com,2023-03-10,2023-03-10,annual
cus_000000500518,Pemberton Freight LLC,ap@pemberton.com,2024-05-13,2026-08-13,monthly
cus_000000500841,Meridian Trading Inc,ap@meridian.com,2025-06-22,2026-07-22,usage
cus_000000500848,Cerulean Summit Holdings,ap@cerulean.com,2025-06-10,2026-06-10,annual
cus_000000500401,Eastvale Onyx Systems,ap@eastvale.com,2023-11-23,2025-10-23,monthly
cus_000000500179,Meridian Atlas Holdings,ap@meridian.com,2022-12-14,2024-12-14,annual
cus_000000500339,Dunmore Anchor LLC,ap@dunmore.com,2023-09-21,2026-07-21,monthly
cus_000000501078,Harborview Beacon Systems,ap@harborview.com,2026-02-08,2026-08-08,monthly
cus_000000501220,Dovetail Digital,ap@dovetail.com,2026-07-26,2026-07-26,annual
cus_000000500425,Acme Quantum Holdings,ap@acme.com,2024-01-06,2026-08-06,monthly
cus_000000501290,Brightwater Coastal Labs,ap@brightwater.com,2024-05-29,2026-07-28,monthly
cus_000000500323,Nightingale Precision Group,ap@nightingale.com,2023-08-10,2026-06-10,monthly
cus_000000500475,Verdigris Pioneer LLC,ap@verdigris.com,2024-03-08,2024-04-08,monthly
cus_000000500746,Silverline Anchor Corp,ap@silverline.com,2025-02-10,2025-06-10,monthly
cus_000000500951,Meridian Onyx,ap@meridian.com,2025-10-17,2025-10-17,annual
cus_000000500637,Redstone Sable Labs,ap@redstone.com,2024-10-21,2025-10-21,annual
cus_000000500437,Northgate Digital Labs,ap@northgate.com,2024-01-11,2026-08-11,monthly
cus_000000500169,Northgate Summit Corp.,ap@northgate.com,2022-11-04,2023-05-04,monthly
cus_000000500708,Meridian Pioneer Labs,ap@meridian.com,2025-01-14,2025-02-14,monthly
cus_000000500821,Umbra Clinical Partners,ap@umbra.com,2025-05-24,2026-07-24,monthly
cus_000000500733,Orchard Lumen Inc,ap@orchard.com,2025-02-27,2025-07-27,monthly
cus_000000501186,Orchard Trading,ap@orchard.com,2026-06-01,2026-08-01,monthly
cus_000000500214,Yellowfin Vector Partners,ap@yellowfin.com,2023-02-17,2026-02-17,annual
cus_000000500794,Zenith Compass Inc,ap@zenith.com,2025-04-17,2025-04-17,annual
cus_000000500209,Marbury Digital,ap@marbury.com,2023-02-06,2023-09-06,monthly
cus_000000501291,Quillfeather Summit Holdings,ap@quillfeather.com,2024-03-15,2026-08-15,monthly
cus_000000500178,Copperfield Onyx Partners,ap@copperfield.com,2022-12-05,2023-04-05,monthly
cus_000000501074,Whitmore Foundry Group,ap@whitmore.com,2026-02-19,2026-02-19,annual
cus_000000500545,Dovetail Trading,ap@dovetail.com,2024-05-25,2026-07-25,usage
cus_000000500067,Tanglewood Cascade Inc,ap@tanglewood.com,2022-11-09,2025-11-09,annual
cus_000000501169,Fairmount Keystone Holdings,ap@fairmount.com,2026-05-17,2026-08-17,monthly
cus_000000501015,Oakfield Analytics Labs,ap@oakfield.com,2025-12-22,2026-05-22,usage
cus_000000500170,Cerulean Onyx LLC,ap@cerulean.com,2022-11-12,2026-08-12,monthly
cus_000000500641,Orchard Anchor Partners,ap@orchard.com,2024-10-19,2026-08-19,monthly
cus_000000500800,Redstone Beacon,ap@redstone.com,2025-04-18,2025-09-18,monthly
cus_000000500306,Acme Vector,ap@acme.com,2023-07-03,2026-08-03,monthly
cus_000000500520,Glenrock Freight Holdings,ap@glenrock.com,2024-05-14,2024-08-14,monthly
cus_000000500113,Cranfield Beacon Group,ap@cranfield.com,2022-10-08,2025-10-08,annual
cus_000000500433,Acme Anchor Labs,ap@acme.com,2024-01-20,2024-08-20,monthly
cus_000000500920,Whitmore Anchor,ap@whitmore.com,2025-09-23,2026-07-23,monthly
cus_000000500224,Northwind Anchor,ap@northwind.com,2023-03-04,2026-03-04,annual
cus_000000501091,Ashcombe Trading,ap@ashcombe.com,2026-03-10,2026-08-10,monthly
cus_000000500198,Garcia Sistemas Summit,ap@garcia.com,2023-01-19,2026-08-19,monthly
cus_000000500165,ASHCOMBE TRADING PARTNERS,ap@ashcombe.com,2022-11-05,2026-08-05,monthly
cus_000000500856,Thornbury Summit LLC,ap@thornbury.com,2025-07-09,2025-08-09,monthly
cus_000000501217,Harborview Supply LLC,ap@harborview.com,2026-07-08,2026-08-11,usage
cus_000000501087,Tanglewood Anchor Systems,ap@tanglewood.com,2026-03-12,2026-08-12,monthly
cus_000000500303,Cranfield Pioneer Systems,ap@cranfield.com,2023-06-16,2024-06-16,annual
cus_000000500219,Underhill Compass Corp.,ap@underhill.com,2023-02-17,2026-02-17,annual
cus_000000500279,Acme Precision,ap@acme.com,2023-05-14,2026-05-14,annual
cus_000000500058,Westbrook Nimbus Systems,ap@westbrook.com,2022-11-27,2026-07-27,monthly
cus_000000500734,Lakeshore Compass Partners,ap@lakeshore.com,2025-02-26,2026-02-26,annual
cus_000000501002,TANGLEWOOD BEACON GROUP,ap@tanglewood.com,2025-11-07,2025-11-07,annual
cus_000000500056,Oakfield Quantum,ap@oakfield.com,2022-12-14,2023-12-14,annual
cus_000000501168,Nightingale Anchor LLC,ap@nightingale.com,2026-05-13,2026-05-13,annual
cus_000000500652,Kestrel Sterling Systems,ap@kestrel.com,2024-10-14,2025-08-14,monthly
cus_000000501183,Umbra Compass Systems,ap@umbra.com,2026-05-08,2026-05-08,annual
cus_000000500038,Quillfeather Anchor,ap@quillfeather.com,2022-10-11,2025-10-11,annual
cus_000000500143,Westbrook Nimbus Group,ap@westbrook.com,2022-10-13,2025-10-13,monthly
cus_000000500025,Kestrel Summit Partners,ap@kestrel.com,2022-11-29,2025-12-05,annual
cus_000000500432,Northwind Clinical Corp,ap@northwind.com,2024-01-24,2026-01-24,annual
cus_000000500145,Copperfield Digital Corp,ap@copperfield.com,2022-10-11,2026-08-11,monthly
cus_000000501354,Andre Freres Analytics,ap@andre.com,2025-01-24,2026-01-24,annual
cus_000000500662,OAKFIELD PIONEER PARTNERS,ap@oakfield.com,2024-11-02,2024-12-02,monthly
cus_000000500197,Munoz Holdings Supply,ap@munoz.com,2023-01-22,2026-01-22,annual
cus_000000500217,Inglewood Atlas Group,ap@inglewood.com,2023-02-05,2026-02-05,annual
cus_000000500390,Ferreira Servicos,ap@ferreira.com,2023-11-27,2025-03-27,monthly
cus_000000500617,QUARRY COASTAL HOLDINGS,ap@quarry.com,2024-09-22,2026-07-22,monthly
cus_000000500223,Marbury Clinical,ap@marbury.com,2023-02-14,2023-06-14,monthly
cus_000000500779,Quillfeather Coastal Holdings,ap@quillfeather.com,2025-03-04,2026-08-04,monthly
cus_000000501162,Sao Bento Precision,ap@sao.com,2026-05-09,2026-08-09,monthly
cus_000000500117,Quarry Quantum Holdings,ap@quarry.com,2022-12-13,2023-01-13,monthly
cus_000000501202,Hollowway Lumen LLC,ap@hollowway.com,2026-06-27,2026-07-27,monthly
cus_000000500032,Oakfield Foundry,ap@oakfield.com,2022-10-07,2026-08-07,monthly
cus_000000500457,Stonebridge Pioneer Holdings,ap@stonebridge.com,2024-02-18,2026-02-18,annual
cus_000000500843,Dovetail Cascade Holdings,ap@dovetail.com,2025-06-28,2026-08-06,monthly
cus_000000500270,Underhill Precision Group,ap@underhill.com,2023-05-01,2023-07-01,monthly
cus_000000500923,Lakeshore Onyx Group,ap@lakeshore.com,2025-09-07,2026-08-07,monthly
cus_000000500414,Whitmore Foundry Partners,ap@whitmore.com,2023-12-02,2024-03-02,monthly
cus_000000500370,Alder Precision Holdings,ap@alder.com,2023-10-06,2026-08-06,monthly
cus_000000501323,Glenrock Keystone Systems - Subsidiary,ap@glenrock.com,2024-12-14,2025-12-14,annual
cus_000000500556,KESTREL SABLE GROUP,ap@kestrel.com,2024-06-10,2026-08-10,usage
cus_000000501166,Hollowway Nimbus LLC,ap@hollowway.com,2026-05-17,2026-05-17,annual
cus_000000500805,Juniper Compass Systems,ap@juniper.com,2025-04-24,2026-02-24,monthly
cus_000000500205,Ravenswood Precision Group,ap@ravenswood.com,2023-01-26,2026-07-26,monthly
cus_000000500003,Garcia Sistemas Cascade,ap@garcia.com,2022-11-22,2026-07-22,monthly
cus_000000500572,Juniper Summit LLC,ap@juniper.com,2024-07-28,2025-07-28,annual
cus_000000500146,Tanglewood Foundry Labs,ap@tanglewood.com,2022-10-11,2024-06-11,monthly
cus_000000500039,Brightwater Sterling LLC,ap@brightwater.com,2022-10-27,2026-07-27,monthly
cus_000000501393,WESTBROOK VECTOR GROUP,ap@westbrook.com,2025-06-08,2026-05-17,monthly
cus_000000501160,Garcia Sistemas Analytics,ap@garcia.com,2026-05-08,2026-05-11,monthly
cus_000000500352,Pinnacle Cascade LLC,ap@pinnacle.com,2023-09-14,2023-09-14,monthly
cus_000000500601,Copperfield Trading Systems,ap@copperfield.com,2024-08-27,2026-07-27,monthly
cus_000000501377,Vantage Keystone LLC,ap@vantage.com,2025-08-27,2026-07-27,monthly
cus_000000501299,Pinnacle Nimbus Holdings,ap@pinnacle.com,2024-03-07,2024-07-07,monthly
cus_000000500839,Oakfield Lumen Labs,ap@oakfield.com,2025-06-04,2026-06-04,usage
cus_000000501121,Orchard Vector,ap@orchard.com,2026-03-24,2026-07-24,monthly
cus_000000500331,Fairmount Anchor Systems,ap@fairmount.com,2023-08-07,2026-01-07,monthly
cus_000000500236,Ravenswood Compass Group,ap@ravenswood.com,2023-03-26,2026-07-26,monthly
cus_000000500455,Northgate Keystone Labs,ap@northgate.com,2024-02-21,2026-07-21,monthly
cus_000000500295,Lopez y Asociados Precision,ap@lopez.com,2023-06-15,2024-06-15,annual
cus_000000500389,Guimaraes Log Beacon,ap@guimaraes.com,2023-11-24,2025-11-24,annual
cus_000000501105,Nightingale Supply Corp,ap@nightingale.com,2026-03-23,2026-07-23,monthly
cus_000000500691,Redstone Atlas Labs,ap@redstone.com,2024-12-03,2026-08-03,monthly
cus_000000501360,Vantage Keystone Corp,ap@vantage.com,2025-08-03,2026-07-03,monthly
cus_000000501218,Meridian Quantum Holdings,ap@meridian.com,2026-07-15,2026-08-15,monthly
cus_000000500419,Kestrel Keystone Group,ap@kestrel.com,2024-01-24,2024-03-24,monthly
cus_000000500882,Whitmore Atlas Inc,ap@whitmore.com,2025-08-07,2025-09-07,monthly
cus_000000500543,PINNACLE PRECISION PARTNERS,ap@pinnacle.com,2024-05-24,2026-07-24,monthly
cus_000000501267,Larkspur Lumen Group,ap@larkspur.com,2024-04-14,2026-08-14,monthly
cus_000000500736,Northwind Compass Group,ap@northwind.com,2025-02-06,2025-02-06,annual
cus_000000501143,GLENROCK VECTOR CORP,ap@glenrock.com,2026-04-13,2026-08-13,monthly
cus_000000501312,PEMBERTON ONYX GROUP,ap@pemberton.com,2024-11-18,2026-08-18,usage
cus_000000501235,Verdigris Analytics Labs,ap@verdigris.com,2026-08-17,2026-08-17,monthly
cus_000000500640,Westbrook Foundry Labs,ap@westbrook.com,2024-10-07,2026-08-07,monthly
cus_000000500789,Dovetail Summit,ap@dovetail.com,2025-04-19,2026-08-19,monthly
cus_000000500158,Pemberton Compass LLC,ap@pemberton.com,2022-11-21,2026-07-21,usage
cus_000000500672,Blackthorn Atlas Labs,ap@blackthorn.com,2024-11-12,2026-08-12,monthly
cus_000000500991,Hollowway Foundry Inc,ap@hollowway.com,2025-11-20,2026-08-20,monthly
cus_000000500946,Nightingale Cascade Labs,ap@nightingale.com,2025-10-09,2026-08-09,monthly
cus_000000500971,Perez Group Beacon,ap@perez.com,2025-11-13,2025-11-13,annual
cus_000000500559,Silverline Analytics Partners,ap@silverline.com,2024-06-16,2026-06-16,annual
cus_000000500664,Silverline Vector Corp.,ap@silverline.com,2024-11-08,2024-11-08,annual
cus_000000501114,Whitmore Sterling Group,ap@whitmore.com,2026-03-16,2026-04-16,monthly
cus_000000501244,Westbrook Lumen Corp,ap@westbrook.com,2026-08-16,2026-08-16,monthly
cus_000000500082,Blackthorn Sable Inc,ap@blackthorn.com,2022-11-15,2026-08-15,monthly
cus_000000500506,Northwind Quantum Corporation,ap@northwind.com,2024-04-25,2025-01-25,monthly
cus_000000500604,Harborview Supply Group,ap@harborview.com,2024-08-17,2026-08-17,monthly
cus_000000500103,Guimaraes Log Clinical,ap@guimaraes.com,2022-10-13,2022-10-13,annual
cus_000000500247,Nightingale Freight,ap@nightingale.com,2023-04-28,2024-11-28,monthly
cus_000000501303,Whitmore Atlas,ap@whitmore.com,2024-05-30,2026-05-28,annual
cus_000000501009,Cerulean Cascade,ap@cerulean.com,2025-12-14,2025-12-14,annual
cus_000000500277,Fairmount Summit Labs,ap@fairmount.com,2023-05-17,2025-06-17,usage
cus_000000501247,Meridian Coastal,ap@meridian.com,2024-05-11,2024-12-11,monthly
cus_000000500471,Yellowfin Cascade Partners,ap@yellowfin.com,2024-03-18,2024-03-18,monthly
cus_000000500496,Inglewood Compass Group,ap@inglewood.com,2024-04-16,2025-04-16,annual
cus_000000500915,Meridian Cascade Group,ap@meridian.com,2025-09-09,2025-09-09,annual
cus_000000500080,Northgate Foundry Group,ap@northgate.com,2022-11-25,2024-11-25,annual
cus_000000501066,Garcia Sistemas,ap@garcia.com,2026-02-06,2026-02-06,annual
cus_000000500004,Andre Freres Summit,ap@andre.com,2022-10-22,2026-07-22,monthly
cus_000000500489,Yarrow Nimbus,ap@yarrow.com,2024-04-16,2026-08-16,monthly
cus_000000500201,Whitmore Digital,ap@whitmore.com,2023-01-21,2026-01-27,annual
cus_000000500226,Ravenswood Supply Inc.,ap@ravenswood.com,2023-03-03,2026-07-03,monthly
cus_000000500801,Umbra Beacon Group,ap@umbra.com,2025-04-16,2026-08-16,monthly
cus_000000500310,Thornbury Onyx Systems,ap@thornbury.com,2023-07-18,2023-09-18,monthly
cus_000000501396,Inglewood Clinical,ap@inglewood.com,2025-06-20,2026-06-20,annual
cus_000000500505,Vantage Pioneer Incorporated,ap@vantage.com,2024-04-09,2026-04-09,annual
cus_000000501061,Vasquez Media Compass,ap@vasquez.com,2026-02-15,2026-08-15,monthly
cus_000000501175,VANTAGE ANCHOR CORP,ap@vantage.com,2026-05-09,2026-08-09,monthly
cus_000000500735,Blackthorn Keystone Systems,ap@blackthorn.com,2025-02-17,2026-08-17,monthly
cus_000000501349,Vasquez Media,ap@vasquez.com,2025-01-03,2026-08-03,monthly
cus_000000501262,Meridian Sterling Labs,ap@meridian.com,2024-04-13,2026-08-13,monthly
cus_000000501194,Alder Sable Inc,ap@alder.com,2026-06-17,2026-08-17,monthly
cus_000000501134,Blackthorn Onyx Inc,ap@blackthorn.com,2026-04-14,2026-08-14,monthly
cus_000000500929,Quarry Analytics,ap@quarry.com,2025-09-20,2025-09-20,annual
cus_000000500188,Yarrow Anchor Partners,ap@yarrow.com,2022-12-17,2026-08-17,usage
cus_000000500911,Copperfield Compass,ap@copperfield.com,2025-09-09,2025-09-09,annual
cus_000000500225,Cerulean Supply,ap@cerulean.com,2023-03-28,2026-03-28,annual
cus_000000500320,PINNACLE SABLE LLC,ap@pinnacle.com,2023-08-26,2024-03-26,monthly
cus_000000501258,Guimaraes Log Quantum,ap@guimaraes.com,2024-03-20,2026-08-20,monthly
cus_000000500668,Yarrow Nimbus Group,ap@yarrow.com,2024-11-04,2024-11-04,annual
cus_000000500356,Orchard Clinical,ap@orchard.com,2023-10-08,2023-10-08,annual
cus_000000500778,Harborview Atlas LLC,ap@harborview.com,2025-03-27,2026-03-27,annual
cus_000000500639,Copperfield Cascade,ap@copperfield.com,2024-10-01,2025-10-01,annual
cus_000000500470,Nightingale Summit Systems,ap@nightingale.com,2024-03-24,2024-03-24,monthly
cus_000000500341,Inglewood Pioneer Group,ap@inglewood.com,2023-09-25,2025-05-25,monthly
cus_000000500931,Juniper Analytics Corporation,ap@juniper.com,2025-09-18,2025-09-18,annual
cus_000000501319,Ashcombe Summit LLC,ap@ashcombe.com,2024-11-19,2026-08-19,usage
cus_000000501109,Verdigris Onyx Holdings,ap@verdigris.com,2026-03-13,2026-07-13,monthly
cus_000000500408,Fairmount Coastal Labs,ap@fairmount.com,2023-12-12,2025-12-12,annual
cus_000000500722,Dunmore Supply Inc,ap@dunmore.com,2025-02-08,2026-08-08,monthly
cus_000000500237,Eastvale Nimbus,ap@eastvale.com,2023-03-22,2023-04-22,monthly
cus_000000501331,Cerulean Compass Partners,ap@cerulean.com,2025-01-04,2025-12-04,monthly
cus_000000500416,Fairmount Analytics,ap@fairmount.com,2024-01-05,2024-01-05,annual
cus_000000500436,Inglewood Precision Partners,ap@inglewood.com,2024-01-22,2026-07-22,monthly
cus_000000500359,Pemberton Anchor Labs,ap@pemberton.com,2023-10-09,2026-08-09,monthly
cus_000000500372,Alder Compass Holdings,ap@alder.com,2023-10-25,2026-07-25,monthly
cus_000000500535,Dunmore Quantum Corp,ap@dunmore.com,2024-05-24,2026-05-24,annual
cus_000000500284,Marbury Keystone Corp.,ap@marbury.com,2023-05-09,2026-08-09,monthly
cus_000000500305,NORTHGATE LUMEN SYSTEMS,ap@northgate.com,2023-07-11,2025-07-11,annual
cus_000000500379,Harborview Analytics,ap@harborview.com,2023-10-02,2026-08-02,monthly
cus_000000500141,Verdigris Coastal Corp.,ap@verdigris.com,2022-10-22,2023-11-22,monthly
cus_000000500541,Stonebridge Keystone LLC,ap@stonebridge.com,2024-05-14,2024-08-14,monthly
cus_000000500184,Tanglewood Analytics Incorporated,ap@tanglewood.com,2022-12-04,2024-09-04,monthly
cus_000000500409,Ashcombe Compass Partners,ap@ashcombe.com,2023-12-21,2025-12-25,annual
cus_000000500777,Northgate Coastal,ap@northgate.com,2025-03-16,2026-03-16,annual
cus_000000500061,Ravenswood Clinical Systems,ap@ravenswood.com,2022-10-23,2026-07-23,monthly
cus_000000500521,Yellowfin Foundry LLC,ap@yellowfin.com,2024-05-08,2026-05-08,monthly
cus_000000500203,Harborview Coastal Group,ap@harborview.com,2023-01-13,2026-05-13,monthly
cus_000000500900,Ashcombe Compass,ap@ashcombe.com,2025-08-10,2025-10-10,monthly
cus_000000500978,Underhill Freight LLC,ap@underhill.com,2025-11-13,2025-11-13,annual
cus_000000501324,Pemberton Sterling,ap@pemberton.com,2025-01-31,2026-01-28,monthly
cus_000000501197,Lakeshore Lumen,ap@lakeshore.com,2026-06-16,2026-06-16,annual
cus_000000500494,Underhill Summit Labs,ap@underhill.com,2024-04-11,2026-04-11,annual
cus_000000500102,Vasquez Media Summit,ap@vasquez.com,2022-10-18,2026-08-18,monthly
cus_000000501093,Juniper Nimbus Corp,ap@juniper.com,2026-03-27,2026-07-27,monthly
cus_000000500186,Stonebridge Onyx,ap@stonebridge.com,2022-12-08,2026-03-08,monthly
cus_000000501137,Silverline Quantum Group,ap@silverline.com,2026-04-18,2026-04-18,annual
cus_000000500220,Cranfield Clinical Incorporated,ap@cranfield.com,2023-02-13,2023-10-13,monthly
cus_000000500153,Thornbury Sable Group,ap@thornbury.com,2022-10-09,2026-08-09,monthly
cus_000000500365,Marbury Clinical Group,ap@marbury.com,2023-10-20,2025-10-20,annual
cus_000000500674,Sao Bento Foundry II II,ap@sao.com,2024-11-06,2026-08-06,monthly
cus_000000500612,Nightingale Quantum Labs,ap@nightingale.com,2024-09-22,2026-07-22,monthly
cus_000000500382,Thornbury Precision Holdings,ap@thornbury.com,2023-11-16,2024-11-16,annual
cus_000000500622,Dovetail Compass Partners,ap@dovetail.com,2024-09-05,2024-09-05,annual
cus_000000500405,Copperfield Sable,ap@copperfield.com,2023-12-22,2026-07-22,monthly
cus_000000500706,Brightwater Freight Group,ap@brightwater.com,2025-01-24,2026-07-24,monthly
cus_000000500138,WESTBROOK LUMEN LLC,ap@westbrook.com,2022-10-12,2025-03-12,monthly
cus_000000500265,Eastvale Digital Labs,ap@eastvale.com,2023-04-06,2024-02-06,usage
cus_000000500461,Harborview Onyx,ap@harborview.com,2024-02-06,2024-06-06,monthly
cus_000000500350,Quillfeather Nimbus Inc,ap@quillfeather.com,2023-09-26,2025-09-26,annual
cus_000000500833,Cerulean Pioneer LLC,ap@cerulean.com,2025-06-19,2026-05-19,monthly
cus_000000500286,Northgate Compass Corporation,ap@northgate.com,2023-05-06,2024-03-06,usage
cus_000000500587,Dunmore Digital Inc,ap@dunmore.com,2024-08-06,2026-08-06,monthly
cus_000000500858,Stonebridge Pioneer Corporation,ap@stonebridge.com,2025-07-05,2026-07-05,annual
cus_000000501204,Thornbury Foundry Partners,ap@thornbury.com,2026-06-10,2026-08-10,monthly
cus_000000501000,Dovetail Sterling LLC - LATAM,ap@dovetail.com,2025-11-14,2025-11-14,annual
cus_000000501378,Ravenswood Beacon LLC,ap@ravenswood.com,2025-06-27,2026-07-27,monthly
cus_000000500148,Harborview Compass Group,ap@harborview.com,2022-10-21,2026-07-21,monthly
cus_000000500562,Kestrel Pioneer,ap@kestrel.com,2024-06-07,2024-11-07,monthly
cus_000000500313,Marbury Beacon Labs,ap@marbury.com,2023-07-08,2025-06-08,monthly
cus_000000500420,Fairmount Onyx LLC,ap@fairmount.com,2024-01-13,2026-08-13,monthly
cus_000000500091,Pinnacle Digital Group,ap@pinnacle.com,2022-10-07,2026-04-07,usage
cus_000000500558,Northwind Sterling,ap@northwind.com,2024-06-23,2026-06-23,annual
cus_000000500892,Underhill Sable Group,ap@underhill.com,2025-08-01,2026-08-01,annual
cus_000000500029,Dunmore Lumen,ap@dunmore.com,2022-11-07,2025-06-07,monthly
cus_000000500462,Zenith Lumen LLC,ap@zenith.com,2024-02-22,2026-07-22,usage
cus_000000501358,Acme Lumen Group,ap@acme.com,2025-07-28,2025-07-28,annual
cus_000000500444,Marbury Keystone Partners,ap@marbury.com,2024-02-15,2026-08-15,monthly
cus_000000500751,Pinnacle Sable,ap@pinnacle.com,2025-03-11,2026-03-11,annual
cus_000000500396,ALDER VECTOR LLC,ap@alder.com,2023-11-26,2023-12-29,monthly
cus_000000500463,Northgate Sterling Labs,ap@northgate.com,2024-03-18,2026-08-18,monthly
cus_000000500729,Dovetail Coastal Group,ap@dovetail.com,2025-02-19,2026-08-19,usage
cus_000000500797,Yellowfin Quantum Inc,ap@yellowfin.com,2025-04-06,2026-08-06,monthly
cus_000000500952,Pinnacle Lumen,ap@pinnacle.com,2025-10-07,2026-08-07,monthly
cus_000000500573,Umbra Digital Systems,ap@umbra.com,2024-07-21,2024-07-21,annual
cus_000000500272,Inglewood Nimbus Labs,ap@inglewood.com,2023-05-14,2023-05-14,annual
cus_000000501387,Vantage Cascade,ap@vantage.com,2025-06-04,2026-08-04,monthly
cus_000000501346,Lakeshore Digital Partners,ap@lakeshore.com,2025-02-02,2026-08-02,monthly
cus_000000500233,Umbra Sable Labs - LATAM,ap@umbra.com,2023-03-19,2026-08-19,monthly
cus_000000500385,Nunez Capital Quantum,ap@nunez.com,2023-11-26,2026-07-26,monthly
cus_000000501231,Cerulean Freight Systems,ap@cerulean.com,2026-07-21,,monthly
cus_000000501280,Inglewood Cascade Partners,ap@inglewood.com,2024-05-07,2024-06-07,monthly
cus_000000500854,SILVERLINE CLINICAL INC,ap@silverline.com,2025-07-13,2025-07-13,monthly
cus_000000500500,Yellowfin Quantum Group,ap@yellowfin.com,2024-04-26,2025-06-26,monthly
cus_000000501214,Tanglewood Anchor,ap@tanglewood.com,2026-06-03,2026-08-03,monthly
cus_000000500747,Quarry Precision Group,ap@quarry.com,2025-02-03,2026-08-03,monthly
cus_000000501058,NORTHGATE FREIGHT LABS,ap@northgate.com,2026-02-14,2026-08-14,monthly
cus_000000500934,Cerulean Analytics Partners,ap@cerulean.com,2025-10-17,2025-10-17,annual
cus_000000500111,Whitmore Precision Group,ap@whitmore.com,2022-11-09,2026-08-09,usage
cus_000000500127,Orchard Trading Inc,ap@orchard.com,2022-10-22,2025-10-22,annual
cus_000000500563,Kestrel Pioneer Holdings - LATAM,ap@kestrel.com,2024-06-07,2024-11-07,monthly
cus_000000500781,Fairmount Keystone Systems,ap@fairmount.com,2025-04-16,2026-08-16,monthly
cus_000000500502,Fairmount Cascade Holdings,ap@fairmount.com,2024-04-14,2024-09-14,monthly
cus_000000500326,Redstone Clinical Holdings,ap@redstone.com,2023-08-28,2025-08-28,annual
cus_000000501263,CRANFIELD PRECISION INC,ap@cranfield.com,2024-05-19,2026-08-19,monthly
cus_000000501261,Larkspur Nimbus Group,ap@larkspur.com,2024-04-06,2024-04-06,annual
cus_000000500660,Stonebridge Compass Partners,ap@stonebridge.com,2024-11-20,2026-08-20,monthly
cus_000000500348,Whitmore Sable Systems,ap@whitmore.com,2023-09-12,2023-11-12,monthly
cus_000000500979,Juniper Analytics Inc,ap@juniper.com,2025-11-07,2026-08-07,monthly
cus_000000500776,Andre Freres Compass,ap@andre.com,2025-03-17,2026-08-17,monthly
cus_000000501089,Quarry Keystone LLC,ap@quarry.com,2026-03-18,2026-03-18,monthly
cus_000000501145,Meridian Supply Corp,ap@meridian.com,2026-04-16,2026-04-16,annual
cus_000000500973,Vasquez Media Anchor,ap@vasquez.com,2025-11-11,,annual
cus_000000501394,Thornbury Precision Inc,ap@thornbury.com,2025-08-27,2025-08-27,annual
cus_000000501042,Vantage Summit Labs,ap@vantage.com,2026-01-05,2026-08-05,monthly
cus_000000500964,Ashcombe Clinical,ap@ashcombe.com,2025-10-01,2025-10-01,annual
cus_000000500319,Ravenswood Coastal Systems,ap@ravenswood.com,2023-08-20,2026-08-20,monthly
cus_000000500804,Harborview Analytics Holdings,ap@harborview.com,2025-04-19,2026-01-19,monthly
cus_000000501255,Perez Group Supply,ap@perez.com,2024-04-07,2025-07-07,monthly
cus_000000500995,Thornbury Atlas,ap@thornbury.com,2025-11-02,2025-11-02,annual
cus_000000501111,Silverline Supply Partners,ap@silverline.com,2026-03-28,2026-03-28,annual
cus_000000501203,Northwind Digital Systems,ap@northwind.com,2026-06-27,2026-07-27,monthly
cus_000000500870,Lopez y Asociados Lumen,ap@lopez.com,2025-07-17,2026-07-17,annual
cus_000000500360,Dunmore Clinical Labs,ap@dunmore.com,2023-10-25,2025-10-25,annual
cus_000000500346,Yellowfin Compass Group,ap@yellowfin.com,2023-09-03,2025-08-03,monthly
cus_000000500773,Grupo Pena Pioneer,ap@grupo.com,2025-03-04,2026-08-04,usage
cus_000000501039,Whitmore Onyx Group,ap@whitmore.com,2026-01-14,2026-08-14,monthly
cus_000000500017,Stonebridge Vector Holdings,ap@stonebridge.com,2022-12-04,2026-08-04,monthly
cus_000000500042,Ashcombe Coastal Group,ap@ashcombe.com,2022-11-01,2025-11-01,annual
cus_000000500030,Zenith Compass Group,ap@zenith.com,2022-10-26,2026-07-26,monthly
cus_000000500536,Brightwater Digital Systems,ap@brightwater.com,2024-05-08,2025-04-08,monthly
cus_000000500703,Ravenswood Pioneer LLC,ap@ravenswood.com,2025-01-20,2026-01-20,annual
cus_000000501374,Hollowway Anchor,ap@hollowway.com,2025-08-06,2026-08-06,annual
cus_000000500302,HOLLOWWAY SUPPLY LLC,ap@hollowway.com,2023-06-10,2024-09-10,monthly
cus_000000500430,Lakeshore Atlas Inc,ap@lakeshore.com,2024-01-21,2026-06-21,usage
cus_000000500657,Vantage Precision Corp,ap@vantage.com,2024-11-04,2026-08-04,monthly
cus_000000500955,Quillfeather Analytics,ap@quillfeather.com,2025-10-14,2025-10-14,annual
cus_000000501023,Lakeshore Anchor Holdings,ap@lakeshore.com,2025-12-12,2025-12-12,monthly
cus_000000500611,Verdigris Sterling Labs,ap@verdigris.com,2024-09-26,2026-07-26,monthly
cus_000000501004,Marbury Quantum Corp,ap@marbury.com,2025-12-18,2025-12-18,annual
cus_000000500780,Verdigris Nimbus Partners,ap@verdigris.com,2025-04-24,2025-04-28,monthly
cus_000000500079,Larkspur Pioneer LLC,ap@larkspur.com,2022-11-28,2025-11-28,annual
cus_000000500651,Glenrock Anchor Systems,ap@glenrock.com,2024-10-09,2025-10-09,annual
cus_000000500532,Verdigris Analytics Partners,ap@verdigris.com,2024-05-25,2026-07-25,monthly
cus_000000500249,EASTVALE PIONEER INC,ap@eastvale.com,2023-04-21,2024-07-21,monthly
cus_000000500904,Underhill Vector LLC,ap@underhill.com,2025-08-16,2026-07-16,monthly
cus_000000500386,Perez Group Lumen,ap@perez.com,2023-11-09,2025-11-09,annual
cus_000000500373,KESTREL ANALYTICS SYSTEMS,ap@kestrel.com,2023-10-28,2025-06-28,monthly
cus_000000501212,Ravenswood Atlas Inc,ap@ravenswood.com,2026-06-02,2026-06-02,annual
cus_000000501163,Nunez Capital Digital,ap@nunez.com,2026-05-26,2026-07-26,usage
cus_000000500930,Dovetail Analytics Labs,ap@dovetail.com,2025-09-04,2026-01-04,monthly
cus_000000500112,Umbra Beacon Labs,ap@umbra.com,2022-12-14,2026-08-14,monthly
cus_000000500786,Oakfield Pioneer Holdings,ap@oakfield.com,2025-04-25,2026-07-25,monthly
cus_000000501388,Ironwood Anchor Labs,ap@ironwood.com,2025-07-17,2026-03-17,monthly
cus_000000501309,Ashcombe Foundry Partners,ap@ashcombe.com,2024-11-25,2024-11-25,annual
cus_000000500333,Tanglewood Atlas LLC,ap@tanglewood.com,2023-08-17,2025-02-17,monthly
cus_000000500880,Meridian Cascade Labs,ap@meridian.com,2025-08-25,2026-07-25,monthly
cus_000000500996,Kestrel Supply,ap@kestrel.com,2025-11-10,2026-08-10,monthly
cus_000000501385,Meridian Keystone,ap@meridian.com,2025-06-10,2026-08-10,usage
cus_000000500395,Ravenswood Keystone Holdings,ap@ravenswood.com,2023-11-19,2025-05-19,monthly
cus_000000500468,Ravenswood Quantum Group,ap@ravenswood.com,2024-03-11,2024-03-11,annual
cus_000000500012,Pemberton Summit Inc.,ap@pemberton.com,2022-11-26,2025-11-26,annual
cus_000000500788,Westbrook Vector Partners,ap@westbrook.com,2025-04-17,2026-06-17,monthly
cus_000000500782,Pemberton Coastal LLC,ap@pemberton.com,2025-04-07,2026-03-07,monthly
cus_000000501326,Marbury Sterling LLC,ap@marbury.com,2025-02-01,2026-08-01,monthly
cus_000000501184,SILVERLINE KEYSTONE PARTNERS,ap@silverline.com,2026-05-10,2026-08-10,monthly
cus_000000500553,Yarrow Coastal,ap@yarrow.com,2024-06-01,2025-03-01,monthly
cus_000000500300,Tanglewood Digital Corp.,ap@tanglewood.com,2023-06-13,2026-06-13,annual
cus_000000500023,Glenrock Summit Inc,ap@glenrock.com,2022-10-24,2026-07-24,monthly
cus_000000500358,Glenrock Sable Group,ap@glenrock.com,2023-10-25,2026-07-25,monthly
cus_000000500811,Marbury Keystone LLC,ap@marbury.com,2025-05-12,2026-05-12,annual
cus_000000500327,Vantage Precision Holdings,ap@vantage.com,2023-08-03,2024-07-03,monthly
cus_000000500579,Garcia Sistemas Lumen II,ap@garcia.com,2024-07-11,2025-03-11,monthly
cus_000000500456,Redstone Foundry Group,ap@redstone.com,2024-02-24,2026-02-24,annual
cus_000000500669,Underhill Lumen Group,ap@underhill.com,2024-11-25,2026-07-25,monthly
cus_000000500469,Cranfield Trading Inc.,ap@cranfield.com,2024-03-03,2025-03-03,annual
cus_000000500282,Brightwater Vector,ap@brightwater.com,2023-05-18,2023-05-18,monthly
cus_000000500381,Yarrow Foundry,ap@yarrow.com,2023-11-22,2023-11-22,annual
cus_000000500336,LARKSPUR QUANTUM PARTNERS,ap@larkspur.com,2023-09-23,2025-09-23,annual
cus_000000500129,Quillfeather Digital Systems,ap@quillfeather.com,2022-11-02,2026-08-02,usage
cus_000000501024,Ironwood Atlas Group,ap@ironwood.com,2026-01-19,2026-08-19,monthly
cus_000000500525,Pinnacle Freight Systems,ap@pinnacle.com,2024-05-25,2026-06-25,monthly
cus_000000500011,Orchard Summit,ap@orchard.com,2022-11-13,2024-11-13,annual
cus_000000500764,Northwind Vector Labs,ap@northwind.com,2025-03-17,2026-03-17,annual
cus_000000500501,Cerulean Compass Inc.,ap@cerulean.com,2024-04-03,2024-04-06,annual
cus_000000500353,Umbra Quantum Partners,ap@umbra.com,2023-09-28,2026-07-28,monthly
cus_000000500898,Umbra Trading LLC,ap@umbra.com,2025-08-25,2026-07-25,monthly
cus_000000500069,Pinnacle Foundry Inc,ap@pinnacle.com,2022-12-12,2026-08-12,monthly
cus_000000500452,Larkspur Coastal Corp,ap@larkspur.com,2024-02-07,2024-02-07,usage
cus_000000501371,Vantage Beacon Labs,ap@vantage.com,2025-07-30,2026-07-28,monthly
cus_000000500690,Orchard Analytics Inc,ap@orchard.com,2024-12-17,2025-12-17,annual
cus_000000500948,Alder Compass LLC,ap@alder.com,2025-10-01,2026-08-01,usage
cus_000000500546,GLENROCK SUPPLY INC,ap@glenrock.com,2024-06-21,2025-06-21,annual
cus_000000500204,Inglewood Anchor Corp,ap@inglewood.com,2023-01-14,2026-08-14,monthly
cus_000000500154,Larkspur Freight Holdings,ap@larkspur.com,2022-10-11,2025-10-11,annual
cus_000000501185,Ravenswood Sterling Partners,ap@ravenswood.com,2026-05-17,2026-08-17,monthly
cus_000000500406,WHITMORE STERLING SYSTEMS,ap@whitmore.com,2023-12-22,2023-12-22,monthly
cus_000000500014,Eastvale Foundry Labs,ap@eastvale.com,2022-10-13,2022-10-13,annual
cus_000000501341,Harborview Clinical Partners,ap@harborview.com,2025-01-18,2026-08-18,monthly
cus_000000500844,Silverline Precision Group,ap@silverline.com,2025-06-06,2026-08-06,monthly
cus_000000501273,Copperfield Foundry Holdings,ap@copperfield.com,2024-03-13,2026-03-13,annual
cus_000000501071,Dunmore Analytics Corp - EMEA,ap@dunmore.com,2026-02-18,2026-08-18,monthly
cus_000000500473,Inglewood Digital Labs,ap@inglewood.com,2024-03-07,2024-07-07,usage
cus_000000500510,Marbury Digital Labs,ap@marbury.com,2024-04-22,2026-04-22,annual
cus_000000500027,Copperfield Digital Group,ap@copperfield.com,2022-11-25,2025-11-25,annual
cus_000000500618,Juniper Nimbus Partners,ap@juniper.com,2024-09-26,2026-07-26,monthly
cus_000000500130,Westbrook Sterling LLC,ap@westbrook.com,2022-11-06,2026-08-06,monthly
cus_000000500330,Silverline Freight,ap@silverline.com,2023-08-26,2025-08-26,annual
cus_000000501252,Lopez y Asociados Digital,ap@lopez.com,2024-04-22,2026-04-22,annual
cus_000000501130,Kestrel Quantum Corp.,ap@kestrel.com,2026-04-27,2026-04-27,annual
cus_000000501288,Ravenswood Precision Holdings,ap@ravenswood.com,2024-03-07,2026-08-07,monthly
cus_000000501007,Acme Onyx,ap@acme.com,2025-12-24,2026-07-24,monthly
cus_000000501019,FAIRMOUNT COASTAL CORP,ap@fairmount.com,2025-12-03,2026-08-03,monthly
cus_000000501337,Fairmount Compass Systems,ap@fairmount.com,2025-01-18,2026-08-18,monthly
cus_000000500412,Nightingale Digital Corp,ap@nightingale.com,2023-12-19,2023-12-19,monthly
cus_000000500985,Vantage Vector Holdings,ap@vantage.com,2025-11-01,2026-08-01,usage
cus_000000500889,Northgate Analytics,ap@northgate.com,2025-08-08,2026-08-08,annual
cus_000000500894,Pinnacle Pioneer Inc.,ap@pinnacle.com,2025-08-04,2026-08-04,annual
cus_000000500334,Westbrook Digital Partners,ap@westbrook.com,2023-08-07,2023-11-07,monthly
cus_000000501010,Quarry Sable Systems,ap@quarry.com,2025-12-11,2026-08-11,monthly
cus_000000501315,Nightingale Lumen LLC,ap@nightingale.com,2025-01-31,2025-01-31,monthly
cus_000000500139,Cranfield Clinical Holdings,ap@cranfield.com,2022-10-27,2024-05-27,monthly
cus_000000500968,SAO BENTO COMPASS II,ap@sao.com,2025-11-21,2026-07-21,monthly
cus_000000501190,Ashcombe Freight Systems,ap@ashcombe.com,2026-06-11,2026-08-11,usage
cus_000000501094,Yarrow Analytics,ap@yarrow.com,2026-03-13,2026-08-13,monthly
cus_000000501048,Blackthorn Keystone Holdings,ap@blackthorn.com,2026-01-06,2026-01-06,annual
cus_000000501069,Fairmount Nimbus Holdings,ap@fairmount.com,2026-02-05,2026-03-05,monthly
cus_000000501113,Brightwater Coastal,ap@brightwater.com,2026-03-13,2026-06-13,monthly
cus_000000501122,Northwind Supply LLC,ap@northwind.com,2026-03-16,2026-03-16,annual
cus_000000501132,Fairmount Cascade Labs,ap@fairmount.com,2026-04-03,2026-08-03,monthly
cus_000000500761,Alder Cascade Holdings,ap@alder.com,2025-03-15,2026-05-15,monthly
cus_000000500796,Larkspur Vector Inc,ap@larkspur.com,2025-04-25,2026-07-25,monthly
cus_000000500897,Marbury Clinical Inc.,ap@marbury.com,2025-08-10,2026-08-10,monthly
cus_000000500293,Garcia Sistemas Compass,ap@garcia.com,2023-06-26,2026-07-26,monthly
cus_000000500173,Westbrook Vector Holdings,ap@westbrook.com,2022-11-13,2023-11-13,annual
cus_000000500423,Kestrel Trading Inc.,ap@kestrel.com,2024-01-25,2025-02-25,monthly
cus_000000501272,Dunmore Keystone Systems,ap@dunmore.com,2024-04-26,2026-08-03,monthly
cus_000000500128,Copperfield Quantum Inc,ap@copperfield.com,2022-11-12,2022-11-12,annual
cus_000000500215,Silverline Anchor Labs,ap@silverline.com,2023-02-12,2026-02-12,annual
cus_000000501144,Lakeshore Coastal Holdings,ap@lakeshore.com,2026-04-07,2026-08-07,monthly
cus_000000500322,Pemberton Digital LLC,ap@pemberton.com,2023-08-16,2023-08-16,monthly
cus_000000500842,Thornbury Onyx Labs,ap@thornbury.com,2025-06-12,2026-08-12,monthly
cus_000000500653,Stonebridge Quantum,ap@stonebridge.com,2024-11-19,2026-08-19,monthly
cus_000000501045,Tanglewood Digital Labs,ap@tanglewood.com,2026-01-05,2026-01-05,monthly
cus_000000500598,Brightwater Nimbus Holdings,ap@brightwater.com,2024-08-22,2024-08-22,monthly
cus_000000501215,Copperfield Beacon Inc.,ap@copperfield.com,2026-07-13,2026-08-13,usage
cus_000000501241,Silverline Nimbus,ap@silverline.com,2026-08-02,2026-08-02,monthly
cus_000000500077,Cranfield Freight,ap@cranfield.com,2022-11-18,2022-12-18,monthly
cus_000000500088,Ironwood Trading Holdings,ap@ironwood.com,2022-11-26,2026-07-26,monthly
cus_000000501352,Munoz Holdings Foundry,ap@munoz.com,2024-12-09,2025-12-09,annual
cus_000000500345,Alder Digital Labs,ap@alder.com,2023-09-21,2026-07-21,monthly
cus_000000500040,KESTREL LUMEN CORP,ap@kestrel.com,2022-10-03,2025-10-03,annual
cus_000000500231,Nightingale Vector Labs,ap@nightingale.com,2023-03-15,2023-03-15,monthly
cus_000000501028,Ironwood Atlas Labs,ap@ironwood.com,2026-01-10,2026-08-10,monthly
cus_000000500846,Quarry Onyx LLC,ap@quarry.com,2025-06-01,2026-08-01,monthly
cus_000000501322,Glenrock Keystone Systems,ap@glenrock.com,2024-12-14,2025-12-14,annual
cus_000000501188,Blackthorn Trading LLC,ap@blackthorn.com,2026-06-27,2026-07-27,monthly
cus_000000500440,Harborview Onyx Partners,ap@harborview.com,2024-01-08,2024-06-08,monthly
cus_000000501016,Whitmore Anchor Labs,ap@whitmore.com,2025-12-02,2025-12-02,annual
cus_000000500643,Ashcombe Quantum Inc,ap@ashcombe.com,2024-10-25,2026-07-25,usage
cus_000000500650,Yarrow Quantum Partners,ap@yarrow.com,2024-10-18,2025-10-18,annual
cus_000000501097,Westbrook Quantum Corp,ap@westbrook.com,2026-03-15,2026-08-15,monthly
cus_000000500569,Eastvale Compass Partners,ap@eastvale.com,2024-07-18,2024-12-18,monthly
cus_000000501129,Copperfield Quantum Group,ap@copperfield.com,2026-04-04,2026-08-04,monthly
cus_000000500967,LOPEZ Y ASOCIADOS BEACON II,ap@lopez.com,2025-10-04,2026-08-04,monthly
cus_000000500086,Brightwater Nimbus,ap@brightwater.com,2022-11-10,2025-11-10,annual
cus_000000500887,Whitmore Nimbus LLC - LATAM,ap@whitmore.com,2025-08-12,2026-08-12,monthly
cus_000000500688,Juniper Summit Group,ap@juniper.com,2024-12-06,2026-08-06,monthly
cus_000000500304,Lakeshore Compass Group,ap@lakeshore.com,2023-07-12,2023-08-12,usage
cus_000000500926,Ironwood Cascade Labs,ap@ironwood.com,2025-09-01,2026-07-01,monthly
cus_000000500924,Whitmore Compass LLC,ap@whitmore.com,2025-09-22,2025-09-22,monthly
cus_000000500791,Whitmore Nimbus,ap@whitmore.com,2025-04-14,2026-04-14,annual
cus_000000501080,Verdigris Foundry Systems,ap@verdigris.com,2026-02-07,2026-08-07,monthly
cus_000000501390,Larkspur Compass Holdings,ap@larkspur.com,2025-06-06,2025-06-06,annual
cus_000000500098,Sao Bento Foundry,ap@sao.com,2022-11-19,2023-08-19,monthly
cus_000000500309,Zenith Sterling Corp,ap@zenith.com,2023-07-19,2024-11-19,monthly
cus_000000501246,Umbra Foundry Labs,ap@umbra.com,2026-08-01,2026-08-05,monthly
cus_000000500523,Ravenswood Onyx Labs,ap@ravenswood.com,2024-05-05,2026-08-05,monthly
cus_000000500966,Northwind Sterling Holdings,ap@northwind.com,2025-10-04,2026-08-04,monthly
cus_000000500142,Silverline Trading Group,ap@silverline.com,2022-10-03,2025-10-03,annual
cus_000000500229,Zenith Atlas Labs,ap@zenith.com,2023-03-21,2024-11-21,monthly
cus_000000500552,Underhill Freight,ap@underhill.com,2024-06-14,2024-08-20,monthly
cus_000000500105,Northgate Clinical Systems,ap@northgate.com,2022-10-12,2024-08-12,monthly
cus_000000500190,Brightwater Foundry LLC,ap@brightwater.com,2023-01-20,2025-10-20,monthly
cus_000000500771,Guimaraes Log,ap@guimaraes.com,2025-03-01,2026-03-01,annual
cus_000000501325,Zenith Sterling Partners,ap@zenith.com,2024-12-21,2026-02-21,monthly
cus_000000500635,Brightwater Pioneer Holdings,ap@brightwater.com,2024-10-01,2025-04-01,monthly
cus_000000500035,Oakfield Digital Corporation,ap@oakfield.com,2022-10-10,2022-10-10,annual
cus_000000500869,Andre Freres Compass II,ap@andre.com,2025-07-12,2026-08-12,monthly
cus_000000500551,BRIGHTWATER BEACON LABS,ap@brightwater.com,2024-06-18,2024-12-18,monthly
cus_000000500119,Hollowway Trading Group,ap@hollowway.com,2022-12-04,2025-12-04,annual
cus_000000500222,Vantage Clinical Group,ap@vantage.com,2023-02-12,2023-04-12,monthly
cus_000000501065,Munoz Holdings Onyx II,ap@munoz.com,2026-02-10,2026-08-10,monthly
cus_000000500659,Ashcombe Freight Holdings,ap@ashcombe.com,2024-11-05,2025-11-05,annual
cus_000000500762,Marbury Trading Labs,ap@marbury.com,2025-03-09,2026-08-09,usage
cus_000000500583,Verdigris Onyx Inc,ap@verdigris.com,2024-07-05,2026-08-05,monthly
cus_000000500072,Lakeshore Quantum,ap@lakeshore.com,2022-10-07,2026-08-07,monthly
cus_000000501342,Glenrock Anchor LLC,ap@glenrock.com,2025-01-07,2026-08-07,usage
cus_000000500060,Northgate Freight Partners,ap@northgate.com,2022-11-08,2026-08-08,monthly
cus_000000500212,Northgate Trading LLC,ap@northgate.com,2023-02-11,2026-08-11,monthly
cus_000000500636,Copperfield Pioneer Partners,ap@copperfield.com,2024-10-23,2024-10-23,annual
cus_000000500106,VANTAGE TRADING CORP,ap@vantage.com,2022-12-02,2025-12-02,annual
cus_000000500940,Zenith Freight,ap@zenith.com,2025-10-06,2026-08-06,usage
cus_000000501234,Northgate Sterling,ap@northgate.com,2026-08-06,2026-08-06,monthly
cus_000000501275,Acme Lumen Holdings,ap@acme.com,2024-05-31,2026-07-28,monthly
cus_000000501306,Redstone Sable Holdings,ap@redstone.com,2024-11-07,2025-11-07,annual
cus_000000500608,DUNMORE COASTAL LLC,ap@dunmore.com,2024-09-23,2025-09-23,annual
cus_000000501119,Nightingale Clinical LLC,ap@nightingale.com,2026-03-13,2026-08-13,monthly
cus_000000501373,Yarrow Clinical Systems,ap@yarrow.com,2025-08-04,2026-08-04,monthly
cus_000000500273,Pinnacle Summit,ap@pinnacle.com,2023-05-02,2023-10-02,monthly
cus_000000500603,Alder Precision Corporation,ap@alder.com,2024-08-28,2026-07-28,monthly
cus_000000500755,Zenith Foundry Corp,ap@zenith.com,2025-03-17,2026-08-17,monthly
cus_000000500411,Nightingale Compass Systems,ap@nightingale.com,2023-12-20,2026-08-20,monthly
cus_000000500363,Pinnacle Pioneer Partners,ap@pinnacle.com,2023-10-11,2026-08-11,monthly
cus_000000501225,Juniper Atlas Corporation,ap@juniper.com,2026-07-08,2026-07-08,usage
cus_000000501206,TANGLEWOOD SABLE INC,ap@tanglewood.com,2026-06-06,2026-08-06,monthly
cus_000000500250,Ironwood Vector Systems,ap@ironwood.com,2023-04-01,2026-04-01,annual
cus_000000500737,Brightwater Sable Partners,ap@brightwater.com,2025-02-07,2026-02-07,annual
cus_000000501348,HERNANDEZ RETAIL NIMBUS,ap@hernandez.com,2025-01-23,2026-02-23,monthly
cus_000000501384,Brightwater Precision Labs,ap@brightwater.com,2025-07-18,2025-08-18,monthly
cus_000000500026,Brightwater Sterling Inc,ap@brightwater.com,2022-10-12,2025-10-12,annual
cus_000000500439,Quarry Precision,ap@quarry.com,2024-01-12,2026-08-12,monthly
cus_000000500852,Cranfield Vector Holdings,ap@cranfield.com,2025-07-14,2026-07-14,annual
cus_000000500187,Pemberton Lumen Labs,ap@pemberton.com,2022-12-04,2026-08-04,usage
cus_000000500740,Alder Sterling Labs,ap@alder.com,2025-02-26,2026-02-26,annual
cus_000000500540,Umbra Keystone Corp,ap@umbra.com,2024-05-28,2026-07-28,monthly
cus_000000500268,Silverline Analytics Holdings,ap@silverline.com,2023-04-09,2023-08-09,monthly
cus_000000501330,Hollowway Compass Partners,ap@hollowway.com,2025-01-07,2025-01-07,annual
cus_000000500254,Meridian Clinical LLC,ap@meridian.com,2023-04-19,2026-04-19,annual
cus_000000500667,Fairmount Analytics,ap@fairmount.com,2024-11-18,2026-08-18,monthly
cus_000000500798,Oakfield Atlas Partners,ap@oakfield.com,2025-04-02,2026-08-02,monthly
cus_000000500434,Copperfield Cascade Corp.,ap@copperfield.com,2024-01-17,2026-01-17,annual
cus_000000501149,Silverline Keystone Corp,ap@silverline.com,2026-04-09,2026-08-09,monthly
cus_000000500267,Acme Sable Partners,ap@acme.com,2023-04-24,2024-01-24,monthly
cus_000000501300,Cranfield Sterling,ap@cranfield.com,2024-05-06,2026-08-06,monthly
cus_000000501063,Ferreira Servicos Beacon,ap@ferreira.com,2026-02-21,2026-07-21,monthly
cus_000000501035,Quillfeather Anchor,ap@quillfeather.com,2026-01-02,2026-06-02,monthly
cus_000000500962,Quarry Supply Corp,ap@quarry.com,2025-10-07,2025-10-07,annual
cus_000000500321,Kestrel Quantum Holdings,ap@kestrel.com,2023-08-11,2026-08-11,annual
cus_000000501033,Glenrock Supply Holdings,ap@glenrock.com,2026-01-25,2026-07-25,monthly
cus_000000500826,Cranfield Atlas Systems,ap@cranfield.com,2025-05-10,2026-05-10,annual
cus_000000501193,Silverline Quantum,ap@silverline.com,2026-06-21,2026-07-21,usage
cus_000000501240,NORTHGATE SABLE PARTNERS,ap@northgate.com,2026-08-13,2026-08-13,monthly
cus_000000500592,Harborview Summit Systems,ap@harborview.com,2024-08-22,2024-11-22,monthly
cus_000000500584,Umbra Anchor,ap@umbra.com,2024-08-20,2026-08-20,monthly
cus_000000500275,Orchard Beacon Group,ap@orchard.com,2023-05-04,2026-05-04,annual
cus_000000500561,Cerulean Supply Inc.,ap@cerulean.com,2024-06-13,2026-08-13,monthly
cus_000000500803,DOVETAIL COMPASS LABS,ap@dovetail.com,2025-04-01,2026-04-10,annual
cus_000000500783,Lakeshore Trading Systems,ap@lakeshore.com,2025-04-03,2026-08-03,monthly
cus_000000500624,Whitmore Pioneer Partners,ap@whitmore.com,2024-09-13,2025-09-13,annual
cus_000000500054,Ravenswood Cascade Partners,ap@ravenswood.com,2022-11-15,2025-11-15,annual
cus_000000500041,Tanglewood Freight,ap@tanglewood.com,2022-10-15,2026-08-15,monthly
cus_000000500673,Lopez y Asociados Beacon,ap@lopez.com,2024-11-14,2025-11-14,annual
cus_000000500861,Copperfield Trading Group,ap@copperfield.com,2025-07-24,2026-07-24,usage
cus_000000501189,Blackthorn Trading LLC - Div 2,ap@blackthorn.com,2026-06-27,2026-07-27,monthly
cus_000000500338,Tanglewood Onyx,ap@tanglewood.com,2023-09-09,2026-08-09,monthly
cus_000000500825,Dovetail Beacon,ap@dovetail.com,2025-05-11,2025-05-11,monthly
cus_000000500262,Meridian Analytics Systems,ap@meridian.com,2023-04-07,2026-04-07,annual
cus_000000500285,Vantage Sterling,ap@vantage.com,2023-05-03,2026-08-03,monthly
cus_000000500879,Pinnacle Quantum Systems,ap@pinnacle.com,2025-08-10,2026-08-10,annual
cus_000000501298,Verdigris Quantum LLC,ap@verdigris.com,2024-05-09,2026-01-09,monthly
cus_000000500824,Umbra Summit Inc,ap@umbra.com,2025-05-22,2026-07-22,monthly
cus_000000500847,Pinnacle Vector Partners,ap@pinnacle.com,2025-06-06,2026-08-06,monthly
cus_000000501083,Brightwater Analytics Systems,ap@brightwater.com,2026-03-25,2026-03-25,annual
cus_000000500504,Westbrook Pioneer Holdings,ap@westbrook.com,2024-04-03,2026-07-03,monthly
cus_000000500890,Quillfeather Digital Holdings,ap@quillfeather.com,2025-08-07,2026-08-07,monthly
cus_000000500918,Acme Clinical Corp,ap@acme.com,2025-09-18,2026-08-18,monthly
cus_000000500906,Westbrook Cascade Partners,ap@westbrook.com,2025-09-06,2026-08-06,monthly
cus_000000500417,Lakeshore Atlas Systems,ap@lakeshore.com,2024-01-21,2026-07-21,monthly
cus_000000500619,Harborview Cascade Partners,ap@harborview.com,2024-09-17,2026-08-17,monthly
cus_000000500999,Dovetail Sterling LLC,ap@dovetail.com,2025-11-14,2025-11-14,annual
cus_000000501046,Zenith Digital Systems,ap@zenith.com,2026-01-10,2026-08-10,monthly
cus_000000500531,HARBORVIEW FREIGHT HOLDINGS,ap@harborview.com,2024-05-05,2025-06-05,monthly
cus_000000500257,Silverline Freight LLC,ap@silverline.com,2023-04-09,2023-09-09,monthly
cus_000000501068,Larkspur Anchor Corp,ap@larkspur.com,2026-02-05,2026-08-05,monthly
cus_000000501050,Westbrook Lumen Systems,ap@westbrook.com,2026-02-10,2026-02-10,annual
cus_000000500467,Quarry Beacon Corp,ap@quarry.com,2024-03-02,2026-02-02,monthly
cus_000000500720,Glenrock Coastal Systems,ap@glenrock.com,2025-01-04,2025-09-04,monthly
cus_000000500976,Silverline Nimbus Labs,ap@silverline.com,2025-11-13,2026-08-13,monthly
cus_000000500200,Northgate Atlas Corp.,ap@northgate.com,2023-01-06,2026-01-06,annual
cus_000000500680,Kestrel Sable LLC,ap@kestrel.com,2024-12-23,2026-07-23,usage
cus_000000501022,Stonebridge Foundry Labs,ap@stonebridge.com,2025-12-11,2025-12-11,annual
cus_000000501055,Alder Nimbus Corp,ap@alder.com,2026-02-16,2026-08-16,monthly
cus_000000500488,Ravenswood Analytics Corp,ap@ravenswood.com,2024-04-22,2026-04-22,annual
cus_000000501359,Pemberton Coastal Labs,ap@pemberton.com,2025-08-29,2026-05-28,monthly
cus_000000500528,Silverline Summit LLC,ap@silverline.com,2024-05-09,2026-08-09,monthly
cus_000000500642,Redstone Nimbus Inc,ap@redstone.com,2024-10-02,2025-03-02,monthly
cus_000000500769,Vasquez Media Digital,ap@vasquez.com,2025-03-10,2026-08-10,monthly
cus_000000500413,ALDER LUMEN INC,ap@alder.com,2023-12-02,2024-01-02,monthly
