invoice_id,customer_ref,invoice_date,amount_usd,status,currency
in_000000001,cus_000000500001,2023-09-01,22644.22,paid,USD
in_000000002,cus_000000500001,2024-08-31,24768.80,paid,USD
in_000000003,cus_000000500002,2022-12-24,3502.44,paid,USD
in_000000004,cus_000000500002,2023-12-23,3783.32,paid,USD
in_000000005,cus_000000500002,2024-12-24,3574.54,paid,USD
in_000000006,cus_000000500002,2025-12-25,3902.61,paid,USD
in_000000007,cus_000000500003,2023-03-03,28532.77,paid,USD
in_000000008,cus_000000500003,2024-03-04,26641.85,paid,USD
in_000000009,cus_000000500003,2025-03-04,28433.07,paid,USD
in_000000010,cus_000000500004,2024-12-07,432.67,paid,USD
in_000000011,cus_000000500004,2025-01-06,441.20,paid,USD
in_000000012,cus_000000500004,2025-02-08,457.28,refunded,USD
in_000000013,cus_000000500004,2025-03-11,475.57,paid,USD
in_000000014,cus_000000500004,2025-04-12,472.74,paid,USD
in_000000015,cus_000000500004,2025-05-11,447.76,paid,USD
in_000000016,cus_000000500004,2025-06-09,454.82,paid,USD
in_000000017,cus_000000500004,2025-07-06,412.98,paid,USD
in_000000018,cus_000000500004,2025-08-08,458.74,paid,USD
in_000000019,cus_000000500004,2025-09-05,477.79,paid,USD
in_000000020,cus_000000500004,2025-10-07,448.97,paid,USD
in_000000021,cus_000000500004,2025-11-03,399.28,paid,USD
in_000000022,cus_000000500004,2025-12-05,418.66,paid,USD
in_000000023,cus_000000500004,2026-01-03,481.40,paid,USD
in_000000024,cus_000000500004,2026-01-31,456.00,void,USD
in_000000025,cus_000000500004,2026-02-27,444.54,paid,USD
in_000000026,cus_000000500004,2026-03-28,417.38,paid,USD
in_000000027,cus_000000500004,2026-04-28,436.62,paid,USD
in_000000028,cus_000000500004,2026-05-29,439.35,paid,USD
in_000000029,cus_000000500004,2026-06-28,432.20,paid,USD
in_000000030,cus_000000500004,2026-07-26,458.27,paid,USD
in_000000031,cus_000000500005,2024-05-18,2373.25,paid,USD
in_000000032,cus_000000500005,2024-06-16,2741.29,paid,USD
in_000000033,cus_000000500005,2024-07-19,2545.20,paid,USD
in_000000034,cus_000000500005,2024-08-15,2289.77,paid,USD
in_000000035,cus_000000500005,2024-09-15,2387.76,paid,USD
in_000000036,cus_000000500005,2024-10-16,2355.56,paid,USD
in_000000037,cus_000000500005,2024-11-14,2372.58,paid,USD
in_000000038,cus_000000500005,2024-12-15,2337.11,paid,USD
in_000000039,cus_000000500005,2025-01-15,2544.97,paid,USD
in_000000040,cus_000000500005,2025-02-14,2588.58,paid,USD
in_000000041,cus_000000500005,2025-03-14,2491.55,paid,USD
in_000000042,cus_000000500005,2025-04-15,2396.14,paid,USD
in_000000043,cus_000000500005,2025-05-17,2613.01,paid,USD
in_000000044,cus_000000500005,2025-06-14,2357.92,paid,USD
in_000000045,cus_000000500005,2025-07-14,2469.99,paid,USD
in_000000046,cus_000000500005,2025-08-15,2395.71,paid,USD
in_000000047,cus_000000500005,2025-09-14,2450.53,paid,USD
in_000000048,cus_000000500005,2025-10-14,2582.50,paid,USD
in_000000049,cus_000000500005,2025-11-10,2488.94,paid,USD
in_000000050,cus_000000500005,2025-12-07,2394.02,paid,USD
in_000000051,cus_000000500005,2026-01-07,2449.48,paid,USD
in_000000052,cus_000000500005,2026-02-08,2408.62,paid,USD
in_000000053,cus_000000500005,2026-03-13,2367.38,paid,USD
in_000000054,cus_000000500005,2026-04-11,2669.76,paid,USD
in_000000055,cus_000000500005,2026-05-14,2728.60,paid,USD
in_000000056,cus_000000500005,2026-06-12,2413.58,paid,USD
in_000000057,cus_000000500005,2026-07-10,2441.00,paid,USD
in_000000058,cus_000000500005,2026-08-07,2665.70,paid,USD
in_000000059,cus_000000500006,2023-10-26,70407.30,paid,USD
in_000000060,cus_000000500006,2024-10-25,60911.13,paid,USD
in_000000061,cus_000000500007,2024-11-26,117694.80,paid,USD
in_000000062,cus_000000500008,2025-02-23,250.25,paid,USD
in_000000063,cus_000000500008,2025-03-25,240.63,paid,USD
in_000000064,cus_000000500008,2025-04-27,244.76,paid,USD
in_000000065,cus_000000500008,2025-05-29,246.40,paid,USD
in_000000066,cus_000000500008,2025-06-25,253.78,paid,USD
in_000000067,cus_000000500008,2025-07-27,221.93,paid,USD
in_000000068,cus_000000500008,2025-08-24,258.82,paid,USD
in_000000069,cus_000000500008,2025-09-25,224.86,paid,USD
in_000000070,cus_000000500008,2025-10-26,227.20,paid,USD
in_000000071,cus_000000500008,2025-11-22,257.16,paid,USD
in_000000072,cus_000000500008,2025-12-24,249.38,paid,USD
in_000000073,cus_000000500008,2026-01-22,263.07,paid,USD
in_000000074,cus_000000500008,2026-02-20,261.76,paid,USD
in_000000075,cus_000000500008,2026-03-19,258.95,paid,USD
in_000000076,cus_000000500008,2026-04-21,235.19,paid,USD
in_000000077,cus_000000500008,2026-05-21,223.74,paid,USD
in_000000078,cus_000000500008,2026-06-21,261.13,paid,USD
in_000000079,cus_000000500008,2026-07-18,232.82,paid,USD
in_000000080,cus_000000500008,2026-08-18,221.58,paid,USD
in_000000081,cus_000000500009,2026-05-15,976.75,paid,USD
in_000000082,cus_000000500009,2026-06-13,1039.31,paid,USD
in_000000083,cus_000000500009,2026-07-11,986.92,paid,USD
in_000000084,cus_000000500009,2026-08-10,1121.83,paid,USD
in_000000085,cus_000000500011,2025-04-13,15808.99,paid,USD
in_000000086,cus_000000500011,2026-04-16,14494.89,paid,USD
in_000000087,cus_000000500012,2024-03-13,305.91,paid,USD
in_000000088,cus_000000500012,2024-04-11,313.60,paid,USD
in_000000089,cus_000000500012,2024-05-12,322.57,paid,USD
in_000000090,cus_000000500012,2024-06-10,279.32,paid,USD
in_000000091,cus_000000500012,2024-07-12,277.29,paid,USD
in_000000092,cus_000000500012,2024-08-09,297.64,paid,USD
in_000000093,cus_000000500012,2024-09-09,308.12,paid,USD
in_000000094,cus_000000500012,2024-10-12,273.54,paid,USD
in_000000095,cus_000000500012,2024-11-11,273.33,paid,USD
in_000000096,cus_000000500012,2024-12-08,275.64,paid,USD
in_000000097,cus_000000500012,2025-01-04,298.98,paid,USD
in_000000098,cus_000000500013,2024-08-05,464.27,paid,USD
in_000000099,cus_000000500013,2024-09-06,460.80,paid,USD
in_000000100,cus_000000500013,2024-10-08,440.01,paid,USD
in_000000101,cus_000000500013,2024-11-09,389.90,paid,USD
in_000000102,cus_000000500013,2024-12-08,394.54,paid,USD
in_000000103,cus_000000500013,2025-01-09,423.66,paid,USD
in_000000104,cus_000000500013,2025-02-07,428.85,paid,USD
in_000000105,cus_000000500013,2025-03-10,428.81,paid,USD
in_000000106,cus_000000500013,2025-04-11,419.33,void,USD
in_000000107,cus_000000500013,2025-05-10,422.85,refunded,USD
in_000000108,cus_000000500013,2025-06-12,451.53,paid,USD
in_000000109,cus_000000500013,2025-07-09,387.27,paid,USD
in_000000110,cus_000000500013,2025-08-09,380.29,paid,USD
in_000000111,cus_000000500013,2025-09-10,405.81,paid,USD
in_000000112,cus_000000500013,2025-10-11,411.92,void,USD
in_000000113,cus_000000500014,2023-10-20,838.80,paid,USD
in_000000114,cus_000000500014,2023-11-17,782.81,paid,USD
in_000000115,cus_000000500014,2023-12-15,898.67,paid,USD
in_000000116,cus_000000500014,2024-01-16,821.47,paid,USD
in_000000117,cus_000000500014,2024-02-18,751.87,paid,USD
in_000000118,cus_000000500014,2024-03-16,860.89,paid,USD
in_000000119,cus_000000500014,2024-04-14,783.07,paid,USD
in_000000120,cus_000000500014,2024-05-16,842.75,paid,USD
in_000000121,cus_000000500014,2024-06-18,765.96,paid,USD
in_000000122,cus_000000500014,2024-07-17,903.31,paid,USD
in_000000123,cus_000000500014,2024-08-18,762.55,paid,USD
in_000000124,cus_000000500014,2024-09-14,745.77,paid,USD
in_000000125,cus_000000500014,2024-10-11,814.27,void,USD
in_000000126,cus_000000500014,2024-11-12,904.86,paid,USD
in_000000127,cus_000000500014,2024-12-13,818.02,paid,USD
in_000000128,cus_000000500014,2025-01-10,750.01,paid,USD
in_000000129,cus_000000500014,2025-02-11,905.85,paid,USD
in_000000130,cus_000000500014,2025-03-15,833.63,paid,USD
in_000000131,cus_000000500014,2025-04-12,867.93,paid,USD
in_000000132,cus_000000500014,2025-05-12,813.26,paid,USD
in_000000133,cus_000000500014,2025-06-09,878.59,paid,USD
in_000000134,cus_000000500014,2025-07-12,884.76,paid,USD
in_000000135,cus_000000500014,2025-08-12,758.49,paid,USD
in_000000136,cus_000000500014,2025-09-10,848.53,paid,USD
in_000000137,cus_000000500014,2025-10-11,835.91,paid,USD
in_000000138,cus_000000500014,2025-11-09,796.64,void,USD
in_000000139,cus_000000500014,2025-12-12,837.81,paid,USD
in_000000140,cus_000000500015,2023-07-03,4874.73,paid,USD
in_000000141,cus_000000500015,2023-08-04,4688.20,paid,USD
in_000000142,cus_000000500015,2023-09-02,4217.98,void,USD
in_000000143,cus_000000500015,2023-10-02,4362.82,paid,USD
in_000000144,cus_000000500015,2023-11-03,4191.81,paid,USD
in_000000145,cus_000000500015,2023-12-06,4701.28,paid,USD
in_000000146,cus_000000500015,2024-01-07,4586.47,paid,USD
in_000000147,cus_000000500015,2024-02-05,4188.62,paid,USD
in_000000148,cus_000000500015,2024-03-03,4593.35,paid,USD
in_000000149,cus_000000500015,2024-04-02,4209.67,paid,USD
in_000000150,cus_000000500015,2024-04-29,4263.15,paid,USD
in_000000151,cus_000000500015,2024-05-31,4949.88,paid,USD
in_000000152,cus_000000500015,2024-06-30,5033.78,paid,USD
in_000000153,cus_000000500015,2024-07-28,4385.81,paid,USD
in_000000154,cus_000000500015,2024-08-27,4368.76,paid,USD
in_000000155,cus_000000500015,2024-09-29,4537.13,paid,USD
in_000000156,cus_000000500015,2024-10-29,4262.19,paid,USD
in_000000157,cus_000000500015,2024-11-28,5005.07,paid,USD
in_000000158,cus_000000500015,2024-12-28,5041.08,paid,USD
in_000000159,cus_000000500015,2025-01-30,4283.22,paid,USD
in_000000160,cus_000000500015,2025-03-03,4688.64,paid,USD
in_000000161,cus_000000500015,2025-04-02,4770.30,paid,USD
in_000000162,cus_000000500015,2025-05-02,4564.78,paid,USD
in_000000163,cus_000000500015,2025-06-01,4689.79,paid,USD
in_000000164,cus_000000500015,2025-07-04,5047.23,paid,USD
in_000000165,cus_000000500015,2025-08-04,4541.16,paid,USD
in_000000166,cus_000000500015,2025-08-31,4650.89,paid,USD
in_000000167,cus_000000500015,2025-09-27,4309.18,paid,USD
in_000000168,cus_000000500015,2025-10-28,4443.33,paid,USD
in_000000169,cus_000000500015,2025-11-27,4397.97,paid,USD
in_000000170,cus_000000500015,2025-12-27,4665.00,paid,USD
in_000000171,cus_000000500015,2026-01-27,4314.46,paid,USD
in_000000172,cus_000000500015,2026-02-23,4520.30,failed,USD
in_000000173,cus_000000500016,2025-06-20,295.30,paid,USD
in_000000174,cus_000000500016,2025-07-23,284.69,paid,USD
in_000000175,cus_000000500016,2025-08-24,288.33,paid,USD
in_000000176,cus_000000500016,2025-09-24,267.92,paid,USD
in_000000177,cus_000000500016,2025-10-23,255.02,paid,USD
in_000000178,cus_000000500016,2025-11-21,258.08,paid,USD
in_000000179,cus_000000500016,2025-12-21,251.68,paid,USD
in_000000180,cus_000000500016,2026-01-22,280.29,paid,USD
in_000000181,cus_000000500016,2026-02-21,264.28,paid,USD
in_000000182,cus_000000500016,2026-03-22,282.22,void,USD
in_000000183,cus_000000500016,2026-04-18,296.33,paid,USD
in_000000184,cus_000000500016,2026-05-16,298.12,paid,USD
in_000000185,cus_000000500016,2026-06-18,254.72,paid,USD
in_000000186,cus_000000500016,2026-07-17,279.79,paid,USD
in_000000187,cus_000000500016,2026-08-19,267.07,paid,USD
in_000000188,cus_000000500017,2025-05-01,310.91,paid,USD
in_000000189,cus_000000500017,2025-05-30,304.56,paid,USD
in_000000190,cus_000000500017,2025-06-27,270.14,paid,USD
in_000000191,cus_000000500017,2025-07-28,312.71,paid,USD
in_000000192,cus_000000500017,2025-08-27,276.65,paid,USD
in_000000193,cus_000000500017,2025-09-23,312.96,paid,USD
in_000000194,cus_000000500017,2025-10-25,283.86,paid,USD
in_000000195,cus_000000500017,2025-11-26,325.13,paid,USD
in_000000196,cus_000000500017,2025-12-26,279.55,paid,USD
in_000000197,cus_000000500017,2026-01-25,314.57,paid,USD
in_000000198,cus_000000500017,2026-02-26,311.96,paid,USD
in_000000199,cus_000000500017,2026-03-28,296.87,paid,USD
in_000000200,cus_000000500017,2026-04-25,318.56,paid,USD
in_000000201,cus_000000500017,2026-05-26,294.09,paid,USD
in_000000202,cus_000000500017,2026-06-25,274.11,paid,USD
in_000000203,cus_000000500017,2026-07-28,313.75,paid,USD
in_000000204,cus_000000500018,2024-09-24,72207.22,paid,USD
in_000000205,cus_000000500018,2025-09-22,66998.52,paid,USD
in_000000206,cus_000000500019,2024-08-14,26781.28,paid,USD
in_000000207,cus_000000500019,2025-08-16,27500.08,paid,USD
in_000000208,cus_000000500019,2026-08-14,29414.52,paid,USD
in_000000209,cus_000000500020,2024-03-21,3758.91,paid,USD
in_000000210,cus_000000500020,2025-03-19,3920.96,paid,USD
in_000000211,cus_000000500020,2026-03-20,3497.26,paid,USD
in_000000212,cus_000000500022,2024-08-02,16681.42,paid,USD
in_000000213,cus_000000500022,2025-08-05,16992.29,paid,USD
in_000000214,cus_000000500023,2026-04-12,303.75,paid,USD
in_000000215,cus_000000500023,2026-05-10,293.85,paid,USD
in_000000216,cus_000000500023,2026-06-08,304.28,paid,USD
in_000000217,cus_000000500023,2026-07-11,323.14,paid,USD
in_000000218,cus_000000500023,2026-08-13,320.93,paid,USD
in_000000219,cus_000000500024,2025-01-09,14344.35,paid,USD
in_000000220,cus_000000500025,2025-06-05,126172.45,paid,USD
in_000000221,cus_000000500025,2026-06-02,122295.67,paid,USD
in_000000222,cus_000000500026,2025-05-17,281.86,paid,USD
in_000000223,cus_000000500026,2025-06-17,287.69,paid,USD
in_000000224,cus_000000500026,2025-07-19,294.70,paid,USD
in_000000225,cus_000000500026,2025-08-20,312.26,paid,USD
in_000000226,cus_000000500026,2025-09-21,300.44,paid,USD
in_000000227,cus_000000500026,2025-10-22,283.18,paid,USD
in_000000228,cus_000000500026,2025-11-19,316.16,paid,USD
in_000000229,cus_000000500026,2025-12-18,328.88,paid,USD
in_000000230,cus_000000500026,2026-01-20,319.11,paid,USD
in_000000231,cus_000000500026,2026-02-19,315.04,paid,USD
in_000000232,cus_000000500026,2026-03-21,280.76,paid,USD
in_000000233,cus_000000500026,2026-04-22,301.35,paid,USD
in_000000234,cus_000000500026,2026-05-20,282.55,paid,USD
in_000000235,cus_000000500026,2026-06-18,284.48,paid,USD
in_000000236,cus_000000500026,2026-07-15,278.34,paid,USD
in_000000237,cus_000000500026,2026-08-14,288.70,paid,USD
in_000000238,cus_000000500027,2025-12-23,2766.87,paid,USD
in_000000239,cus_000000500027,2026-01-24,2511.85,paid,USD
in_000000240,cus_000000500027,2026-02-22,2378.46,paid,USD
in_000000241,cus_000000500027,2026-03-25,2627.52,paid,USD
in_000000242,cus_000000500027,2026-04-22,2538.96,paid,USD
in_000000243,cus_000000500027,2026-05-23,2436.61,paid,USD
in_000000244,cus_000000500027,2026-06-24,2788.29,paid,USD
in_000000245,cus_000000500027,2026-07-26,2358.71,paid,USD
in_000000246,cus_000000500028,2025-01-23,5126.03,paid,USD
in_000000247,cus_000000500028,2025-02-21,4698.78,paid,USD
in_000000248,cus_000000500028,2025-03-20,4669.73,paid,USD
in_000000249,cus_000000500028,2025-04-21,4441.97,paid,USD
in_000000250,cus_000000500028,2025-05-18,4656.16,paid,USD
in_000000251,cus_000000500028,2025-06-17,4273.13,paid,USD
in_000000252,cus_000000500028,2025-07-16,4444.34,paid,USD
in_000000253,cus_000000500028,2025-08-18,5120.11,paid,USD
in_000000254,cus_000000500028,2025-09-16,4832.11,paid,USD
in_000000255,cus_000000500028,2025-10-15,5062.90,paid,USD
in_000000256,cus_000000500028,2025-11-14,4652.63,paid,USD
in_000000257,cus_000000500028,2025-12-14,4661.67,paid,USD
in_000000258,cus_000000500028,2026-01-10,4554.95,paid,USD
in_000000259,cus_000000500028,2026-02-07,5113.08,paid,USD
in_000000260,cus_000000500028,2026-03-06,4549.22,paid,USD
in_000000261,cus_000000500028,2026-04-02,4824.59,paid,USD
in_000000262,cus_000000500028,2026-05-05,4853.35,paid,USD
in_000000263,cus_000000500028,2026-06-05,5119.53,paid,USD
in_000000264,cus_000000500028,2026-07-02,4543.48,paid,USD
in_000000265,cus_000000500029,2025-11-10,3872.95,paid,USD
in_000000266,cus_000000500030,2026-01-16,201.12,paid,USD
in_000000267,cus_000000500030,2026-02-15,204.54,paid,USD
in_000000268,cus_000000500030,2026-03-16,229.98,paid,USD
in_000000269,cus_000000500030,2026-04-12,215.26,refunded,USD
in_000000270,cus_000000500030,2026-05-13,198.69,paid,USD
in_000000271,cus_000000500030,2026-06-09,226.00,paid,USD
in_000000272,cus_000000500030,2026-07-10,199.38,paid,USD
in_000000273,cus_000000500030,2026-08-12,219.61,paid,USD
in_000000274,cus_000000500031,2024-08-26,285.55,paid,USD
in_000000275,cus_000000500031,2024-09-23,297.34,paid,USD
in_000000276,cus_000000500031,2024-10-21,319.43,paid,USD
in_000000277,cus_000000500031,2024-11-18,306.24,paid,USD
in_000000278,cus_000000500031,2024-12-19,317.33,paid,USD
in_000000279,cus_000000500031,2025-01-16,300.63,paid,USD
in_000000280,cus_000000500031,2025-02-13,318.57,paid,USD
in_000000281,cus_000000500031,2025-03-14,297.74,paid,USD
in_000000282,cus_000000500031,2025-04-13,296.00,paid,USD
in_000000283,cus_000000500031,2025-05-11,311.57,void,USD
in_000000284,cus_000000500031,2025-06-13,316.92,paid,USD
in_000000285,cus_000000500031,2025-07-14,325.47,void,USD
in_000000286,cus_000000500031,2025-08-15,319.11,paid,USD
in_000000287,cus_000000500031,2025-09-17,315.71,paid,USD
in_000000288,cus_000000500031,2025-10-16,314.81,paid,USD
in_000000289,cus_000000500031,2025-11-16,306.27,paid,USD
in_000000290,cus_000000500031,2025-12-16,298.62,paid,USD
in_000000291,cus_000000500031,2026-01-12,314.32,paid,USD
in_000000292,cus_000000500031,2026-02-11,293.25,paid,USD
in_000000293,cus_000000500031,2026-03-14,312.19,paid,USD
in_000000294,cus_000000500031,2026-04-15,296.15,paid,USD
in_000000295,cus_000000500031,2026-05-15,285.42,paid,USD
in_000000296,cus_000000500031,2026-06-14,305.02,paid,USD
in_000000297,cus_000000500031,2026-07-16,302.53,paid,USD
in_000000298,cus_000000500031,2026-08-17,304.78,paid,USD
in_000000299,cus_000000500032,2023-09-13,977.63,paid,USD
in_000000300,cus_000000500032,2023-10-15,1090.02,paid,USD
in_000000301,cus_000000500032,2023-11-11,1014.63,paid,USD
in_000000302,cus_000000500032,2023-12-09,1049.14,paid,USD
in_000000303,cus_000000500032,2024-01-05,1049.92,paid,USD
in_000000304,cus_000000500032,2024-02-04,983.96,paid,USD
in_000000305,cus_000000500032,2024-03-07,1035.43,paid,USD
in_000000306,cus_000000500032,2024-04-07,1027.79,paid,USD
in_000000307,cus_000000500032,2024-05-07,998.69,paid,USD
in_000000308,cus_000000500032,2024-06-03,1081.26,paid,USD
in_000000309,cus_000000500032,2024-07-03,1035.70,paid,USD
in_000000310,cus_000000500032,2024-08-03,1018.28,paid,USD
in_000000311,cus_000000500032,2024-08-31,1012.09,paid,USD
in_000000312,cus_000000500032,2024-09-30,1176.78,paid,USD
in_000000313,cus_000000500032,2024-10-27,1044.41,paid,USD
in_000000314,cus_000000500032,2024-11-23,1099.86,paid,USD
in_000000315,cus_000000500032,2024-12-21,1065.46,paid,USD
in_000000316,cus_000000500032,2025-01-21,1059.40,paid,USD
in_000000317,cus_000000500032,2025-02-21,1164.79,paid,USD
in_000000318,cus_000000500032,2025-03-24,1124.24,paid,USD
in_000000319,cus_000000500032,2025-04-25,1028.58,void,USD
in_000000320,cus_000000500032,2025-05-26,1103.84,paid,USD
in_000000321,cus_000000500032,2025-06-23,1051.21,paid,USD
in_000000322,cus_000000500032,2025-07-23,1085.69,paid,USD
in_000000323,cus_000000500032,2025-08-23,1005.73,paid,USD
in_000000324,cus_000000500032,2025-09-24,1183.34,paid,USD
in_000000325,cus_000000500032,2025-10-22,1139.01,paid,USD
in_000000326,cus_000000500032,2025-11-24,1070.68,paid,USD
in_000000327,cus_000000500032,2025-12-24,998.13,paid,USD
in_000000328,cus_000000500032,2026-01-25,1051.75,paid,USD
in_000000329,cus_000000500032,2026-02-25,1013.60,paid,USD
in_000000330,cus_000000500032,2026-03-27,1161.72,paid,USD
in_000000331,cus_000000500032,2026-04-24,1008.25,paid,USD
in_000000332,cus_000000500032,2026-05-25,976.78,paid,USD
in_000000333,cus_000000500033,2023-09-20,1037.95,paid,USD
in_000000334,cus_000000500033,2023-10-22,1054.73,paid,USD
in_000000335,cus_000000500033,2023-11-23,993.38,paid,USD
in_000000336,cus_000000500033,2023-12-21,1011.99,paid,USD
in_000000337,cus_000000500033,2024-01-20,1014.49,paid,USD
in_000000338,cus_000000500033,2024-02-20,976.16,paid,USD
in_000000339,cus_000000500033,2024-03-24,978.06,paid,USD
in_000000340,cus_000000500033,2024-04-21,1134.72,paid,USD
in_000000341,cus_000000500033,2024-05-18,1161.87,paid,USD
in_000000342,cus_000000500033,2024-06-16,1129.62,refunded,USD
in_000000343,cus_000000500033,2024-07-13,1171.09,paid,USD
in_000000344,cus_000000500033,2024-08-15,975.11,paid,USD
in_000000345,cus_000000500033,2024-09-16,1050.55,paid,USD
in_000000346,cus_000000500033,2024-10-18,1001.13,paid,USD
in_000000347,cus_000000500033,2024-11-19,1036.17,paid,USD
in_000000348,cus_000000500033,2024-12-17,1173.41,void,USD
in_000000349,cus_000000500033,2025-01-16,1120.14,paid,USD
in_000000350,cus_000000500033,2025-02-14,1011.20,paid,USD
in_000000351,cus_000000500033,2025-03-18,1029.07,paid,USD
in_000000352,cus_000000500033,2025-04-15,991.90,paid,USD
in_000000353,cus_000000500033,2025-05-12,1034.37,paid,USD
in_000000354,cus_000000500033,2025-06-11,1149.13,paid,USD
in_000000355,cus_000000500033,2025-07-14,1156.89,paid,USD
in_000000356,cus_000000500033,2025-08-14,1021.70,paid,USD
in_000000357,cus_000000500033,2025-09-11,1064.57,paid,USD
in_000000358,cus_000000500033,2025-10-09,1106.13,paid,USD
in_000000359,cus_000000500033,2025-11-08,1107.20,paid,USD
in_000000360,cus_000000500033,2025-12-09,1015.40,paid,USD
in_000000361,cus_000000500033,2026-01-09,1179.89,paid,USD
in_000000362,cus_000000500033,2026-02-07,1035.40,paid,USD
in_000000363,cus_000000500033,2026-03-12,982.93,paid,USD
in_000000364,cus_000000500033,2026-04-08,1071.85,paid,USD
in_000000365,cus_000000500033,2026-05-11,1049.45,paid,USD
in_000000366,cus_000000500033,2026-06-10,1118.11,paid,USD
in_000000367,cus_000000500034,2025-01-18,325.66,paid,USD
in_000000368,cus_000000500034,2025-02-16,292.72,paid,USD
in_000000369,cus_000000500034,2025-03-20,305.60,paid,USD
in_000000370,cus_000000500034,2025-04-21,293.49,paid,USD
in_000000371,cus_000000500034,2025-05-24,307.82,paid,USD
in_000000372,cus_000000500034,2025-06-26,305.91,paid,USD
in_000000373,cus_000000500034,2025-07-29,329.60,paid,USD
in_000000374,cus_000000500034,2025-08-30,305.30,paid,USD
in_000000375,cus_000000500034,2025-09-30,287.43,paid,USD
in_000000376,cus_000000500034,2025-10-27,285.58,paid,USD
in_000000377,cus_000000500034,2025-11-24,323.63,void,USD
in_000000378,cus_000000500034,2025-12-21,277.60,paid,USD
in_000000379,cus_000000500034,2026-01-17,287.44,paid,USD
in_000000380,cus_000000500034,2026-02-15,324.17,paid,USD
in_000000381,cus_000000500034,2026-03-16,304.01,paid,USD
in_000000382,cus_000000500034,2026-04-13,317.85,paid,USD
in_000000383,cus_000000500034,2026-05-11,312.61,paid,USD
in_000000384,cus_000000500034,2026-06-08,308.63,void,USD
in_000000385,cus_000000500034,2026-07-08,325.51,paid,USD
in_000000386,cus_000000500034,2026-08-05,296.36,paid,USD
in_000000387,cus_000000500035,2023-02-22,58826.43,paid,USD
in_000000388,cus_000000500035,2024-02-23,61465.14,paid,USD
in_000000389,cus_000000500035,2025-02-24,59672.21,paid,USD
in_000000390,cus_000000500035,2026-02-27,59255.64,paid,USD
in_000000391,cus_000000500036,2023-12-23,50327.64,paid,USD
in_000000392,cus_000000500036,2024-12-20,59743.54,paid,USD
in_000000393,cus_000000500036,2025-12-18,51937.32,paid,USD
in_000000394,cus_000000500037,2023-10-28,60577.02,paid,USD
in_000000395,cus_000000500037,2024-10-30,72376.70,paid,USD
in_000000396,cus_000000500037,2025-10-29,65448.04,paid,USD
in_000000397,cus_000000500038,2024-07-25,364.21,paid,USD
in_000000398,cus_000000500038,2024-08-23,320.16,paid,USD
in_000000399,cus_000000500038,2024-09-23,372.49,paid,USD
in_000000400,cus_000000500038,2024-10-21,381.26,paid,USD
in_000000401,cus_000000500038,2024-11-18,334.47,paid,USD
in_000000402,cus_000000500038,2024-12-21,371.43,paid,USD
in_000000403,cus_000000500038,2025-01-21,351.00,paid,USD
in_000000404,cus_000000500038,2025-02-21,332.61,paid,USD
in_000000405,cus_000000500038,2025-03-23,333.45,paid,USD
in_000000406,cus_000000500038,2025-04-25,327.97,paid,USD
in_000000407,cus_000000500038,2025-05-25,334.76,paid,USD
in_000000408,cus_000000500038,2025-06-23,356.22,paid,USD
in_000000409,cus_000000500038,2025-07-25,354.39,paid,USD
in_000000410,cus_000000500038,2025-08-24,364.83,paid,USD
in_000000411,cus_000000500038,2025-09-21,340.55,paid,USD
in_000000412,cus_000000500038,2025-10-23,359.32,paid,USD
in_000000413,cus_000000500038,2025-11-24,374.23,paid,USD
in_000000414,cus_000000500038,2025-12-24,372.43,paid,USD
in_000000415,cus_000000500038,2026-01-20,350.85,paid,USD
in_000000416,cus_000000500038,2026-02-18,338.90,paid,USD
in_000000417,cus_000000500038,2026-03-20,323.96,paid,USD
in_000000418,cus_000000500038,2026-04-20,373.23,paid,USD
in_000000419,cus_000000500038,2026-05-20,337.46,paid,USD
in_000000420,cus_000000500038,2026-06-17,315.86,paid,USD
in_000000421,cus_000000500038,2026-07-16,335.54,paid,USD
in_000000422,cus_000000500038,2026-08-18,369.71,paid,USD
in_000000423,cus_000000500039,2025-04-30,3529.53,paid,USD
in_000000424,cus_000000500039,2026-04-28,3801.03,paid,USD
in_000000425,cus_000000500040,2026-02-27,271.79,paid,USD
in_000000426,cus_000000500040,2026-03-26,287.23,paid,USD
in_000000427,cus_000000500040,2026-04-23,326.57,paid,USD
in_000000428,cus_000000500040,2026-05-23,292.41,paid,USD
in_000000429,cus_000000500040,2026-06-19,316.52,paid,USD
in_000000430,cus_000000500040,2026-07-19,329.00,paid,USD
in_000000431,cus_000000500040,2026-08-19,283.87,paid,USD
in_000000432,cus_000000500041,2024-01-12,4719.31,failed,USD
in_000000433,cus_000000500041,2025-01-12,5088.35,paid,USD
in_000000434,cus_000000500041,2026-01-10,5162.85,paid,USD
in_000000435,cus_000000500042,2024-12-04,243.40,paid,USD
in_000000436,cus_000000500042,2025-01-01,255.19,failed,USD
in_000000437,cus_000000500042,2025-01-30,236.35,paid,USD
in_000000438,cus_000000500042,2025-03-03,218.88,paid,USD
in_000000439,cus_000000500042,2025-04-05,225.86,paid,USD
in_000000440,cus_000000500043,2025-09-28,8074.65,paid,USD
in_000000441,cus_000000500044,2023-07-19,10435.08,paid,USD
in_000000442,cus_000000500044,2023-08-17,10914.56,paid,USD
in_000000443,cus_000000500044,2023-09-17,9187.71,paid,USD
in_000000444,cus_000000500044,2023-10-15,10212.99,paid,USD
in_000000445,cus_000000500044,2023-11-13,10444.24,paid,USD
in_000000446,cus_000000500044,2023-12-16,10066.57,paid,USD
in_000000447,cus_000000500044,2024-01-18,9801.12,paid,USD
in_000000448,cus_000000500044,2024-02-14,10527.73,paid,USD
in_000000449,cus_000000500044,2024-03-14,10809.12,paid,USD
in_000000450,cus_000000500044,2024-04-15,9585.74,void,USD
in_000000451,cus_000000500044,2024-05-16,9475.24,paid,USD
in_000000452,cus_000000500044,2024-06-17,9661.79,paid,USD
in_000000453,cus_000000500044,2024-07-20,9294.73,paid,USD
in_000000454,cus_000000500044,2024-08-20,10462.15,paid,USD
in_000000455,cus_000000500044,2024-09-16,9234.08,paid,USD
in_000000456,cus_000000500044,2024-10-16,9346.47,paid,USD
in_000000457,cus_000000500044,2024-11-14,9659.49,paid,USD
in_000000458,cus_000000500044,2024-12-12,9523.03,paid,USD
in_000000459,cus_000000500044,2025-01-08,10314.84,paid,USD
in_000000460,cus_000000500044,2025-02-09,9211.83,paid,USD
in_000000461,cus_000000500044,2025-03-11,9273.09,paid,USD
in_000000462,cus_000000500044,2025-04-07,9064.73,paid,USD
in_000000463,cus_000000500044,2025-05-06,9584.04,paid,USD
in_000000464,cus_000000500044,2025-06-02,9647.27,paid,USD
in_000000465,cus_000000500044,2025-06-30,10849.88,paid,USD
in_000000466,cus_000000500044,2025-07-31,10673.25,paid,USD
in_000000467,cus_000000500044,2025-08-31,9743.42,paid,USD
in_000000468,cus_000000500044,2025-10-01,9740.04,paid,USD
in_000000469,cus_000000500044,2025-11-02,9181.91,paid,USD
in_000000470,cus_000000500044,2025-12-04,9793.66,paid,USD
in_000000471,cus_000000500044,2026-01-05,10255.56,paid,USD
in_000000472,cus_000000500044,2026-02-02,10460.54,paid,USD
in_000000473,cus_000000500044,2026-03-07,10673.49,refunded,USD
in_000000474,cus_000000500044,2026-04-03,10157.48,paid,USD
in_000000475,cus_000000500044,2026-05-04,10346.39,paid,USD
in_000000476,cus_000000500044,2026-06-06,9764.24,paid,USD
in_000000477,cus_000000500044,2026-07-04,9894.39,paid,USD
in_000000478,cus_000000500044,2026-07-31,10682.13,paid,USD
in_000000479,cus_000000500045,2023-11-29,9699.65,paid,USD
in_000000480,cus_000000500045,2023-12-27,9980.21,paid,USD
in_000000481,cus_000000500045,2024-01-26,8379.58,paid,USD
in_000000482,cus_000000500045,2024-02-22,9248.04,paid,USD
in_000000483,cus_000000500045,2024-03-24,8235.76,paid,USD
in_000000484,cus_000000500045,2024-04-20,8890.59,paid,USD
in_000000485,cus_000000500045,2024-05-21,9403.46,paid,USD
in_000000486,cus_000000500045,2024-06-23,9360.54,paid,USD
in_000000487,cus_000000500045,2024-07-21,8407.57,paid,USD
in_000000488,cus_000000500045,2024-08-22,9518.74,refunded,USD
in_000000489,cus_000000500045,2024-09-22,8665.96,failed,USD
in_000000490,cus_000000500045,2024-10-20,9905.50,paid,USD
in_000000491,cus_000000500045,2024-11-16,8632.41,paid,USD
in_000000492,cus_000000500045,2024-12-18,8379.24,paid,USD
in_000000493,cus_000000500045,2025-01-20,9453.09,paid,USD
in_000000494,cus_000000500045,2025-02-20,9075.08,paid,USD
in_000000495,cus_000000500045,2025-03-22,9177.56,paid,USD
in_000000496,cus_000000500045,2025-04-24,8294.23,paid,USD
in_000000497,cus_000000500045,2025-05-22,9935.92,paid,USD
in_000000498,cus_000000500045,2025-06-24,9606.17,paid,USD
in_000000499,cus_000000500045,2025-07-24,9066.72,paid,USD
in_000000500,cus_000000500045,2025-08-25,9187.30,paid,USD
in_000000501,cus_000000500045,2025-09-21,9044.73,paid,USD
in_000000502,cus_000000500045,2025-10-24,8438.29,paid,USD
in_000000503,cus_000000500045,2025-11-21,9722.57,paid,USD
in_000000504,cus_000000500045,2025-12-23,8407.85,paid,USD
in_000000505,cus_000000500046,2024-06-01,3464.15,paid,USD
in_000000506,cus_000000500046,2025-05-30,3784.42,paid,USD
in_000000507,cus_000000500047,2023-12-11,732.10,paid,USD
in_000000508,cus_000000500047,2024-01-08,746.39,paid,USD
in_000000509,cus_000000500047,2024-02-07,664.24,paid,USD
in_000000510,cus_000000500047,2024-03-09,683.85,paid,USD
in_000000511,cus_000000500047,2024-04-09,703.64,paid,USD
in_000000512,cus_000000500047,2024-05-11,693.75,refunded,USD
in_000000513,cus_000000500047,2024-06-07,693.48,paid,USD
in_000000514,cus_000000500047,2024-07-10,715.63,paid,USD
in_000000515,cus_000000500047,2024-08-07,685.73,paid,USD
in_000000516,cus_000000500047,2024-09-07,692.07,paid,USD
in_000000517,cus_000000500047,2024-10-09,647.59,paid,USD
in_000000518,cus_000000500047,2024-11-09,647.80,paid,USD
in_000000519,cus_000000500047,2024-12-07,638.52,paid,USD
in_000000520,cus_000000500047,2025-01-08,754.45,paid,USD
in_000000521,cus_000000500047,2025-02-05,768.70,paid,USD
in_000000522,cus_000000500047,2025-03-05,703.11,paid,USD
in_000000523,cus_000000500047,2025-04-04,704.82,paid,USD
in_000000524,cus_000000500047,2025-05-07,765.07,paid,USD
in_000000525,cus_000000500047,2025-06-04,764.61,paid,USD
in_000000526,cus_000000500047,2025-07-01,669.26,paid,USD
in_000000527,cus_000000500047,2025-07-31,643.69,paid,USD
in_000000528,cus_000000500047,2025-08-30,738.38,paid,USD
in_000000529,cus_000000500047,2025-09-28,673.40,refunded,USD
in_000000530,cus_000000500047,2025-10-31,753.23,paid,USD
in_000000531,cus_000000500047,2025-12-03,715.00,paid,USD
in_000000532,cus_000000500047,2025-12-31,648.06,paid,USD
in_000000533,cus_000000500047,2026-01-29,695.17,failed,USD
in_000000534,cus_000000500047,2026-02-28,634.92,paid,USD
in_000000535,cus_000000500047,2026-03-27,646.80,paid,USD
in_000000536,cus_000000500047,2026-04-23,717.05,paid,USD
in_000000537,cus_000000500048,2026-03-23,1962.77,paid,USD
in_000000538,cus_000000500049,2026-04-02,1784.46,paid,USD
in_000000539,cus_000000500050,2024-07-02,58707.17,paid,USD
in_000000540,cus_000000500050,2025-07-01,53777.40,paid,USD
in_000000541,cus_000000500050,2026-07-04,57848.57,paid,USD
in_000000542,cus_000000500051,2023-09-03,2776.96,paid,USD
in_000000543,cus_000000500051,2023-10-05,2652.61,paid,USD
in_000000544,cus_000000500051,2023-11-03,2909.34,paid,USD
in_000000545,cus_000000500051,2023-12-02,2903.42,paid,USD
in_000000546,cus_000000500051,2024-01-04,2529.33,paid,USD
in_000000547,cus_000000500051,2024-02-02,2681.42,paid,USD
in_000000548,cus_000000500051,2024-03-03,2807.14,failed,USD
in_000000549,cus_000000500051,2024-04-01,2604.41,paid,USD
in_000000550,cus_000000500051,2024-05-01,2478.47,paid,USD
in_000000551,cus_000000500051,2024-05-29,2830.57,void,USD
in_000000552,cus_000000500051,2024-06-26,2520.67,paid,USD
in_000000553,cus_000000500051,2024-07-23,2443.21,paid,USD
in_000000554,cus_000000500051,2024-08-20,2774.69,paid,USD
in_000000555,cus_000000500051,2024-09-21,2775.82,paid,USD
in_000000556,cus_000000500051,2024-10-23,2859.92,paid,USD
in_000000557,cus_000000500051,2024-11-22,2482.98,paid,USD
in_000000558,cus_000000500051,2024-12-20,2521.94,paid,USD
in_000000559,cus_000000500051,2025-01-22,2741.85,paid,USD
in_000000560,cus_000000500051,2025-02-19,2670.27,paid,USD
in_000000561,cus_000000500051,2025-03-22,2579.18,paid,USD
in_000000562,cus_000000500051,2025-04-21,2898.48,paid,USD
in_000000563,cus_000000500051,2025-05-20,2449.38,paid,USD
in_000000564,cus_000000500051,2025-06-17,2858.40,paid,USD
in_000000565,cus_000000500051,2025-07-14,2589.60,paid,USD
in_000000566,cus_000000500051,2025-08-16,2899.53,paid,USD
in_000000567,cus_000000500051,2025-09-16,2787.99,paid,USD
in_000000568,cus_000000500051,2025-10-15,2393.46,paid,USD
in_000000569,cus_000000500051,2025-11-16,2836.51,paid,USD
in_000000570,cus_000000500051,2025-12-16,2888.41,paid,USD
in_000000571,cus_000000500051,2026-01-14,2594.55,paid,USD
in_000000572,cus_000000500051,2026-02-14,2849.37,paid,USD
in_000000573,cus_000000500051,2026-03-16,2604.07,paid,USD
in_000000574,cus_000000500051,2026-04-17,2408.07,paid,USD
in_000000575,cus_000000500051,2026-05-14,2671.80,refunded,USD
in_000000576,cus_000000500051,2026-06-16,2601.33,paid,USD
in_000000577,cus_000000500051,2026-07-14,2806.59,paid,USD
in_000000578,cus_000000500051,2026-08-16,2910.91,paid,USD
in_000000579,cus_000000500052,2025-05-19,1197.09,paid,USD
in_000000580,cus_000000500052,2025-06-15,1044.73,paid,USD
in_000000581,cus_000000500052,2025-07-15,1208.79,paid,USD
in_000000582,cus_000000500052,2025-08-12,1074.59,paid,USD
in_000000583,cus_000000500052,2025-09-09,1188.04,paid,USD
in_000000584,cus_000000500052,2025-10-07,1010.69,refunded,USD
in_000000585,cus_000000500052,2025-11-08,1155.31,paid,USD
in_000000586,cus_000000500052,2025-12-11,1034.81,paid,USD
in_000000587,cus_000000500052,2026-01-08,1159.53,paid,USD
in_000000588,cus_000000500052,2026-02-04,1208.93,paid,USD
in_000000589,cus_000000500052,2026-03-08,1038.06,paid,USD
in_000000590,cus_000000500052,2026-04-09,1137.29,paid,USD
in_000000591,cus_000000500052,2026-05-07,1145.58,paid,USD
in_000000592,cus_000000500052,2026-06-06,1220.17,paid,USD
in_000000593,cus_000000500052,2026-07-05,1107.35,paid,USD
in_000000594,cus_000000500052,2026-08-05,1151.28,paid,USD
in_000000595,cus_000000500053,2023-05-28,356.53,paid,USD
in_000000596,cus_000000500053,2023-06-25,351.13,paid,USD
in_000000597,cus_000000500053,2023-07-23,426.74,paid,USD
in_000000598,cus_000000500053,2023-08-23,402.36,paid,USD
in_000000599,cus_000000500053,2023-09-22,372.76,paid,USD
in_000000600,cus_000000500053,2023-10-23,413.83,paid,USD
in_000000601,cus_000000500053,2023-11-25,377.05,paid,USD
in_000000602,cus_000000500053,2023-12-27,374.77,paid,USD
in_000000603,cus_000000500053,2024-01-29,387.78,refunded,USD
in_000000604,cus_000000500053,2024-02-27,359.90,paid,USD
in_000000605,cus_000000500053,2024-03-26,393.46,paid,USD
in_000000606,cus_000000500053,2024-04-25,425.34,paid,USD
in_000000607,cus_000000500053,2024-05-24,404.20,paid,USD
in_000000608,cus_000000500053,2024-06-21,355.08,paid,USD
in_000000609,cus_000000500053,2024-07-18,406.63,paid,USD
in_000000610,cus_000000500053,2024-08-15,361.47,paid,USD
in_000000611,cus_000000500053,2024-09-15,406.41,paid,USD
in_000000612,cus_000000500053,2024-10-18,354.04,failed,USD
in_000000613,cus_000000500053,2024-11-19,371.04,paid,USD
in_000000614,cus_000000500053,2024-12-21,361.68,refunded,USD
in_000000615,cus_000000500053,2025-01-19,407.77,paid,USD
in_000000616,cus_000000500053,2025-02-15,426.04,paid,USD
in_000000617,cus_000000500053,2025-03-17,415.07,refunded,USD
in_000000618,cus_000000500053,2025-04-14,353.01,refunded,USD
in_000000619,cus_000000500053,2025-05-15,423.63,paid,USD
in_000000620,cus_000000500053,2025-06-15,350.58,paid,USD
in_000000621,cus_000000500053,2025-07-13,362.57,paid,USD
in_000000622,cus_000000500053,2025-08-13,418.43,paid,USD
in_000000623,cus_000000500053,2025-09-13,408.51,paid,USD
in_000000624,cus_000000500053,2025-10-12,398.60,paid,USD
in_000000625,cus_000000500053,2025-11-13,424.01,paid,USD
in_000000626,cus_000000500053,2025-12-14,407.93,paid,USD
in_000000627,cus_000000500053,2026-01-14,408.82,paid,USD
in_000000628,cus_000000500053,2026-02-14,366.80,paid,USD
in_000000629,cus_000000500053,2026-03-17,359.48,paid,USD
in_000000630,cus_000000500053,2026-04-15,370.93,paid,USD
in_000000631,cus_000000500054,2022-12-05,3848.00,paid,USD
in_000000632,cus_000000500054,2023-12-02,3830.32,refunded,USD
in_000000633,cus_000000500054,2024-11-29,3888.87,paid,USD
in_000000634,cus_000000500054,2025-11-28,3295.66,paid,USD
in_000000635,cus_000000500055,2025-01-02,1442.53,paid,USD
in_000000636,cus_000000500055,2025-01-29,1378.12,paid,USD
in_000000637,cus_000000500055,2025-03-02,1409.09,paid,USD
in_000000638,cus_000000500055,2025-03-30,1199.93,paid,USD
in_000000639,cus_000000500055,2025-04-26,1357.28,refunded,USD
in_000000640,cus_000000500055,2025-05-25,1317.57,failed,USD
in_000000641,cus_000000500055,2025-06-21,1427.00,paid,USD
in_000000642,cus_000000500055,2025-07-18,1251.09,paid,USD
in_000000643,cus_000000500055,2025-08-18,1208.34,paid,USD
in_000000644,cus_000000500055,2025-09-15,1291.95,paid,USD
in_000000645,cus_000000500055,2025-10-16,1224.11,paid,USD
in_000000646,cus_000000500055,2025-11-12,1374.21,paid,USD
in_000000647,cus_000000500055,2025-12-12,1340.32,paid,USD
in_000000648,cus_000000500055,2026-01-13,1355.01,refunded,USD
in_000000649,cus_000000500055,2026-02-14,1212.13,paid,USD
in_000000650,cus_000000500055,2026-03-16,1212.90,paid,USD
in_000000651,cus_000000500055,2026-04-18,1270.05,paid,USD
in_000000652,cus_000000500055,2026-05-16,1277.28,paid,USD
in_000000653,cus_000000500055,2026-06-16,1222.52,paid,USD
in_000000654,cus_000000500055,2026-07-18,1319.66,paid,USD
in_000000655,cus_000000500055,2026-08-19,1352.32,paid,USD
in_000000656,cus_000000500056,2024-05-29,279.17,paid,USD
in_000000657,cus_000000500056,2024-06-30,293.75,paid,USD
in_000000658,cus_000000500056,2024-07-30,275.06,paid,USD
in_000000659,cus_000000500056,2024-08-31,274.07,paid,USD
in_000000660,cus_000000500056,2024-09-29,307.13,paid,USD
in_000000661,cus_000000500056,2024-10-30,279.90,paid,USD
in_000000662,cus_000000500056,2024-11-28,306.15,refunded,USD
in_000000663,cus_000000500056,2024-12-26,320.21,paid,USD
in_000000664,cus_000000500056,2025-01-25,296.70,paid,USD
in_000000665,cus_000000500056,2025-02-24,305.72,paid,USD
in_000000666,cus_000000500056,2025-03-27,292.73,paid,USD
in_000000667,cus_000000500056,2025-04-29,289.90,paid,USD
in_000000668,cus_000000500056,2025-05-29,295.87,paid,USD
in_000000669,cus_000000500056,2025-07-01,281.47,paid,USD
in_000000670,cus_000000500056,2025-07-28,280.07,paid,USD
in_000000671,cus_000000500056,2025-08-25,320.77,paid,USD
in_000000672,cus_000000500056,2025-09-26,275.84,paid,USD
in_000000673,cus_000000500056,2025-10-23,303.10,failed,USD
in_000000674,cus_000000500056,2025-11-19,292.68,paid,USD
in_000000675,cus_000000500056,2025-12-16,305.25,paid,USD
in_000000676,cus_000000500056,2026-01-17,280.38,paid,USD
in_000000677,cus_000000500056,2026-02-13,293.29,paid,USD
in_000000678,cus_000000500056,2026-03-16,290.24,paid,USD
in_000000679,cus_000000500056,2026-04-16,316.95,paid,USD
in_000000680,cus_000000500056,2026-05-17,284.88,paid,USD
in_000000681,cus_000000500056,2026-06-13,326.00,paid,USD
in_000000682,cus_000000500056,2026-07-16,295.78,paid,USD
in_000000683,cus_000000500056,2026-08-13,306.58,paid,USD
in_000000684,cus_000000500057,2023-12-19,107770.31,paid,USD
in_000000685,cus_000000500057,2024-12-15,114882.06,paid,USD
in_000000686,cus_000000500057,2025-12-15,114863.33,paid,USD
in_000000687,cus_000000500058,2023-12-22,8651.79,paid,USD
in_000000688,cus_000000500058,2024-01-19,8209.35,paid,USD
in_000000689,cus_000000500058,2024-02-17,7789.26,refunded,USD
in_000000690,cus_000000500058,2024-03-17,9035.08,paid,USD
in_000000691,cus_000000500058,2024-04-15,8739.26,paid,USD
in_000000692,cus_000000500058,2024-05-14,8961.85,paid,USD
in_000000693,cus_000000500058,2024-06-13,7675.25,paid,USD
in_000000694,cus_000000500058,2024-07-15,9063.29,paid,USD
in_000000695,cus_000000500058,2024-08-13,9028.76,paid,USD
in_000000696,cus_000000500058,2024-09-10,7684.15,paid,USD
in_000000697,cus_000000500058,2024-10-12,8698.58,paid,USD
in_000000698,cus_000000500058,2024-11-13,8698.63,paid,USD
in_000000699,cus_000000500058,2024-12-12,8754.04,paid,USD
in_000000700,cus_000000500058,2025-01-13,7902.23,paid,USD
in_000000701,cus_000000500058,2025-02-13,8600.51,paid,USD
in_000000702,cus_000000500058,2025-03-14,8349.84,paid,USD
in_000000703,cus_000000500058,2025-04-10,8271.14,paid,USD
in_000000704,cus_000000500058,2025-05-13,7992.57,paid,USD
in_000000705,cus_000000500058,2025-06-12,8335.51,paid,USD
in_000000706,cus_000000500058,2025-07-12,8210.43,paid,USD
in_000000707,cus_000000500058,2025-08-09,8520.86,void,USD
in_000000708,cus_000000500058,2025-09-09,8063.89,paid,USD
in_000000709,cus_000000500058,2025-10-09,8458.90,paid,USD
in_000000710,cus_000000500058,2025-11-10,8729.80,paid,USD
in_000000711,cus_000000500058,2025-12-11,8365.26,paid,USD
in_000000712,cus_000000500058,2026-01-11,7786.85,paid,USD
in_000000713,cus_000000500058,2026-02-08,9199.96,paid,USD
in_000000714,cus_000000500058,2026-03-08,7725.57,paid,USD
in_000000715,cus_000000500058,2026-04-06,8161.62,failed,USD
in_000000716,cus_000000500058,2026-05-07,9144.58,paid,USD
in_000000717,cus_000000500059,2024-03-24,3684.78,paid,USD
in_000000718,cus_000000500059,2025-03-23,3455.17,paid,USD
in_000000719,cus_000000500060,2024-10-29,9603.31,paid,USD
in_000000720,cus_000000500060,2025-11-01,9734.25,refunded,USD
in_000000721,cus_000000500061,2023-08-11,223.02,paid,USD
in_000000722,cus_000000500061,2023-09-08,208.81,paid,USD
in_000000723,cus_000000500061,2023-10-10,225.09,paid,USD
in_000000724,cus_000000500061,2023-11-12,212.98,paid,USD
in_000000725,cus_000000500061,2023-12-13,220.68,paid,USD
in_000000726,cus_000000500061,2024-01-13,198.50,paid,USD
in_000000727,cus_000000500061,2024-02-14,224.81,void,USD
in_000000728,cus_000000500061,2024-03-16,222.65,paid,USD
in_000000729,cus_000000500061,2024-04-15,214.95,paid,USD
in_000000730,cus_000000500061,2024-05-18,220.35,paid,USD
in_000000731,cus_000000500061,2024-06-20,238.63,paid,USD
in_000000732,cus_000000500061,2024-07-22,197.09,paid,USD
in_000000733,cus_000000500061,2024-08-24,226.14,paid,USD
in_000000734,cus_000000500061,2024-09-23,200.85,paid,USD
in_000000735,cus_000000500061,2024-10-24,222.13,paid,USD
in_000000736,cus_000000500061,2024-11-22,217.15,paid,USD
in_000000737,cus_000000500061,2024-12-19,236.78,refunded,USD
in_000000738,cus_000000500061,2025-01-17,226.75,paid,USD
in_000000739,cus_000000500061,2025-02-16,200.21,paid,USD
in_000000740,cus_000000500061,2025-03-20,197.84,paid,USD
in_000000741,cus_000000500061,2025-04-22,235.11,paid,USD
in_000000742,cus_000000500061,2025-05-22,202.41,paid,USD
in_000000743,cus_000000500061,2025-06-23,234.69,paid,USD
in_000000744,cus_000000500061,2025-07-26,213.16,paid,USD
in_000000745,cus_000000500061,2025-08-26,233.54,paid,USD
in_000000746,cus_000000500061,2025-09-27,222.14,paid,USD
in_000000747,cus_000000500061,2025-10-30,218.69,paid,USD
in_000000748,cus_000000500061,2025-11-28,204.30,paid,USD
in_000000749,cus_000000500061,2025-12-26,227.50,paid,USD
in_000000750,cus_000000500061,2026-01-25,206.05,paid,USD
in_000000751,cus_000000500061,2026-02-26,208.54,paid,USD
in_000000752,cus_000000500061,2026-03-28,197.40,paid,USD
in_000000753,cus_000000500061,2026-04-28,226.95,paid,USD
in_000000754,cus_000000500062,2025-06-10,321.88,paid,USD
in_000000755,cus_000000500062,2025-07-12,302.10,paid,USD
in_000000756,cus_000000500062,2025-08-11,299.43,paid,USD
in_000000757,cus_000000500062,2025-09-07,298.35,paid,USD
in_000000758,cus_000000500062,2025-10-07,311.64,paid,USD
in_000000759,cus_000000500062,2025-11-08,273.95,paid,USD
in_000000760,cus_000000500062,2025-12-05,314.68,paid,USD
in_000000761,cus_000000500062,2026-01-05,311.49,paid,USD
in_000000762,cus_000000500062,2026-02-06,298.04,paid,USD
in_000000763,cus_000000500062,2026-03-07,306.33,paid,USD
in_000000764,cus_000000500062,2026-04-04,274.61,paid,USD
in_000000765,cus_000000500062,2026-05-01,328.81,paid,USD
in_000000766,cus_000000500063,2024-06-30,5002.70,paid,USD
in_000000767,cus_000000500063,2024-07-28,4999.98,paid,USD
in_000000768,cus_000000500063,2024-08-29,4408.71,paid,USD
in_000000769,cus_000000500063,2024-09-30,4144.19,paid,USD
in_000000770,cus_000000500063,2024-11-02,4785.90,paid,USD
in_000000771,cus_000000500063,2024-11-30,4596.24,paid,USD
in_000000772,cus_000000500063,2024-12-29,4134.43,paid,USD
in_000000773,cus_000000500063,2025-01-26,4789.30,paid,USD
in_000000774,cus_000000500063,2025-02-27,4718.69,paid,USD
in_000000775,cus_000000500063,2025-04-01,4630.20,paid,USD
in_000000776,cus_000000500063,2025-04-29,4880.93,paid,USD
in_000000777,cus_000000500063,2025-05-26,4742.09,paid,USD
in_000000778,cus_000000500063,2025-06-22,4528.61,paid,USD
in_000000779,cus_000000500063,2025-07-19,4519.71,paid,USD
in_000000780,cus_000000500063,2025-08-21,4170.89,paid,USD
in_000000781,cus_000000500063,2025-09-23,4654.00,paid,USD
in_000000782,cus_000000500063,2025-10-22,4742.03,paid,USD
in_000000783,cus_000000500063,2025-11-23,4754.75,paid,USD
in_000000784,cus_000000500063,2025-12-21,4800.17,paid,USD
in_000000785,cus_000000500063,2026-01-17,4459.41,paid,USD
in_000000786,cus_000000500063,2026-02-15,4634.13,paid,USD
in_000000787,cus_000000500063,2026-03-20,4504.39,paid,USD
in_000000788,cus_000000500063,2026-04-20,4849.91,paid,USD
in_000000789,cus_000000500063,2026-05-20,4916.85,void,USD
in_000000790,cus_000000500063,2026-06-17,4950.44,paid,USD
in_000000791,cus_000000500063,2026-07-15,4135.88,paid,USD
in_000000792,cus_000000500063,2026-08-17,4355.93,paid,USD
in_000000793,cus_000000500064,2025-05-02,17315.56,paid,USD
in_000000794,cus_000000500065,2024-09-19,2881.04,paid,USD
in_000000795,cus_000000500065,2025-09-21,2757.91,paid,USD
in_000000796,cus_000000500066,2025-03-16,8449.76,paid,USD
in_000000797,cus_000000500066,2026-03-14,7100.79,paid,USD
in_000000798,cus_000000500068,2023-04-15,85361.37,paid,USD
in_000000799,cus_000000500068,2024-04-13,94068.44,void,USD
in_000000800,cus_000000500068,2025-04-10,84892.36,paid,USD
in_000000801,cus_000000500068,2026-04-11,101839.35,paid,USD
in_000000802,cus_000000500069,2026-07-15,5167.61,paid,USD
in_000000803,cus_000000500069,2026-08-15,5494.11,paid,USD
in_000000804,cus_000000500070,2025-04-15,3485.51,paid,USD
in_000000805,cus_000000500070,2026-04-12,3597.43,paid,USD
in_000000806,cus_000000500071,2026-05-04,1110.84,paid,USD
in_000000807,cus_000000500071,2026-05-31,1035.96,paid,USD
in_000000808,cus_000000500071,2026-07-02,1193.42,paid,USD
in_000000809,cus_000000500071,2026-07-31,1054.38,paid,USD
in_000000810,cus_000000500072,2023-11-18,3693.67,paid,USD
in_000000811,cus_000000500072,2024-11-16,3816.16,paid,USD
in_000000812,cus_000000500073,2025-06-11,193.80,paid,USD
in_000000813,cus_000000500073,2025-07-08,227.56,paid,USD
in_000000814,cus_000000500073,2025-08-09,214.79,paid,USD
in_000000815,cus_000000500073,2025-09-10,211.54,paid,USD
in_000000816,cus_000000500073,2025-10-09,217.14,paid,USD
in_000000817,cus_000000500073,2025-11-05,203.54,paid,USD
in_000000818,cus_000000500073,2025-12-04,212.05,paid,USD
in_000000819,cus_000000500073,2026-01-02,194.64,paid,USD
in_000000820,cus_000000500073,2026-01-30,222.01,paid,USD
in_000000821,cus_000000500073,2026-03-02,225.45,paid,USD
in_000000822,cus_000000500073,2026-04-01,204.91,paid,USD
in_000000823,cus_000000500073,2026-05-02,226.21,paid,USD
in_000000824,cus_000000500073,2026-06-01,208.49,paid,USD
in_000000825,cus_000000500073,2026-06-29,201.06,paid,USD
in_000000826,cus_000000500073,2026-08-01,196.93,void,USD
in_000000827,cus_000000500074,2025-09-05,851.11,paid,USD
in_000000828,cus_000000500074,2025-10-06,801.28,paid,USD
in_000000829,cus_000000500074,2025-11-07,811.98,paid,USD
in_000000830,cus_000000500074,2025-12-04,700.60,paid,USD
in_000000831,cus_000000500074,2026-01-05,761.95,paid,USD
in_000000832,cus_000000500074,2026-02-05,822.98,paid,USD
in_000000833,cus_000000500074,2026-03-07,743.47,paid,USD
in_000000834,cus_000000500074,2026-04-05,750.29,paid,USD
in_000000835,cus_000000500074,2026-05-04,813.24,paid,USD
in_000000836,cus_000000500074,2026-06-03,746.47,paid,USD
in_000000837,cus_000000500074,2026-07-05,849.07,void,USD
in_000000838,cus_000000500074,2026-08-07,775.29,paid,USD
in_000000839,cus_000000500075,2025-04-03,10904.43,void,USD
in_000000840,cus_000000500075,2025-05-04,9977.09,paid,USD
in_000000841,cus_000000500075,2025-06-05,9980.10,paid,USD
in_000000842,cus_000000500075,2025-07-02,9761.54,paid,USD
in_000000843,cus_000000500075,2025-08-03,10920.89,paid,USD
in_000000844,cus_000000500075,2025-09-01,9344.32,paid,USD
in_000000845,cus_000000500075,2025-10-04,10747.98,paid,USD
in_000000846,cus_000000500075,2025-11-01,9360.44,paid,USD
in_000000847,cus_000000500075,2025-11-30,9509.60,paid,USD
in_000000848,cus_000000500075,2026-01-01,10466.66,paid,USD
in_000000849,cus_000000500075,2026-01-31,9698.69,paid,USD
in_000000850,cus_000000500075,2026-03-01,9808.84,paid,USD
in_000000851,cus_000000500075,2026-04-03,10561.01,paid,USD
in_000000852,cus_000000500075,2026-05-06,9553.01,paid,USD
in_000000853,cus_000000500075,2026-06-02,9208.45,failed,USD
in_000000854,cus_000000500075,2026-07-02,9917.82,paid,USD
in_000000855,cus_000000500075,2026-08-03,9373.06,paid,USD
in_000000856,cus_000000500076,2024-02-16,293.92,paid,USD
in_000000857,cus_000000500076,2024-03-17,315.01,void,USD
in_000000858,cus_000000500076,2024-04-19,277.63,paid,USD
in_000000859,cus_000000500076,2024-05-18,323.78,paid,USD
in_000000860,cus_000000500076,2024-06-16,292.35,paid,USD
in_000000861,cus_000000500076,2024-07-15,286.65,paid,USD
in_000000862,cus_000000500076,2024-08-13,325.54,paid,USD
in_000000863,cus_000000500076,2024-09-09,276.64,paid,USD
in_000000864,cus_000000500076,2024-10-12,309.54,paid,USD
in_000000865,cus_000000500076,2024-11-11,323.86,paid,USD
in_000000866,cus_000000500076,2024-12-10,327.96,paid,USD
in_000000867,cus_000000500076,2025-01-10,275.40,paid,USD
in_000000868,cus_000000500076,2025-02-07,321.57,failed,USD
in_000000869,cus_000000500076,2025-03-08,302.94,paid,USD
in_000000870,cus_000000500076,2025-04-08,299.31,paid,USD
in_000000871,cus_000000500076,2025-05-07,283.19,paid,USD
in_000000872,cus_000000500076,2025-06-06,277.86,paid,USD
in_000000873,cus_000000500076,2025-07-07,306.70,paid,USD
in_000000874,cus_000000500076,2025-08-06,300.47,paid,USD
in_000000875,cus_000000500076,2025-09-02,270.99,paid,USD
in_000000876,cus_000000500076,2025-10-02,326.32,paid,USD
in_000000877,cus_000000500076,2025-11-03,314.41,paid,USD
in_000000878,cus_000000500076,2025-11-30,302.09,paid,USD
in_000000879,cus_000000500076,2025-12-28,294.24,paid,USD
in_000000880,cus_000000500076,2026-01-25,281.31,paid,USD
in_000000881,cus_000000500076,2026-02-21,284.87,paid,USD
in_000000882,cus_000000500076,2026-03-25,321.13,paid,USD
in_000000883,cus_000000500076,2026-04-24,290.05,void,USD
in_000000884,cus_000000500076,2026-05-26,328.02,paid,USD
in_000000885,cus_000000500076,2026-06-27,299.55,paid,USD
in_000000886,cus_000000500076,2026-07-29,321.96,paid,USD
in_000000887,cus_000000500077,2023-10-21,117553.34,paid,USD
in_000000888,cus_000000500077,2024-10-20,109275.04,paid,USD
in_000000889,cus_000000500077,2025-10-22,119046.85,paid,USD
in_000000890,cus_000000500078,2025-12-01,3820.15,paid,USD
in_000000891,cus_000000500079,2025-06-25,3523.19,paid,USD
in_000000892,cus_000000500080,2024-02-08,978.08,paid,USD
in_000000893,cus_000000500080,2024-03-09,968.02,paid,USD
in_000000894,cus_000000500080,2024-04-08,1131.92,paid,USD
in_000000895,cus_000000500080,2024-05-09,999.14,paid,USD
in_000000896,cus_000000500080,2024-06-09,962.39,paid,USD
in_000000897,cus_000000500080,2024-07-08,1103.62,paid,USD
in_000000898,cus_000000500080,2024-08-04,1069.72,paid,USD
in_000000899,cus_000000500080,2024-09-04,1083.42,paid,USD
in_000000900,cus_000000500080,2024-10-07,1057.46,paid,USD
in_000000901,cus_000000500080,2024-11-06,1028.27,paid,USD
in_000000902,cus_000000500080,2024-12-05,974.44,paid,USD
in_000000903,cus_000000500080,2025-01-04,1058.85,paid,USD
in_000000904,cus_000000500080,2025-02-02,1007.91,paid,USD
in_000000905,cus_000000500080,2025-03-05,1035.20,paid,USD
in_000000906,cus_000000500080,2025-04-03,945.79,paid,USD
in_000000907,cus_000000500080,2025-05-05,1017.67,paid,USD
in_000000908,cus_000000500080,2025-06-04,1008.59,paid,USD
in_000000909,cus_000000500080,2025-07-07,1124.58,paid,USD
in_000000910,cus_000000500080,2025-08-06,945.36,paid,USD
in_000000911,cus_000000500080,2025-09-08,1012.92,paid,USD
in_000000912,cus_000000500080,2025-10-10,967.73,paid,USD
in_000000913,cus_000000500080,2025-11-12,1108.80,paid,USD
in_000000914,cus_000000500080,2025-12-15,977.19,paid,USD
in_000000915,cus_000000500080,2026-01-17,1122.38,paid,USD
in_000000916,cus_000000500080,2026-02-19,972.48,void,USD
in_000000917,cus_000000500080,2026-03-18,940.83,paid,USD
in_000000918,cus_000000500080,2026-04-15,983.15,refunded,USD
in_000000919,cus_000000500080,2026-05-17,1125.43,paid,USD
in_000000920,cus_000000500080,2026-06-15,1125.74,paid,USD
in_000000921,cus_000000500080,2026-07-15,968.57,paid,USD
in_000000922,cus_000000500082,2023-06-29,2627.07,paid,USD
in_000000923,cus_000000500082,2023-08-01,2746.26,paid,USD
in_000000924,cus_000000500082,2023-09-02,2379.46,paid,USD
in_000000925,cus_000000500082,2023-09-30,2656.18,paid,USD
in_000000926,cus_000000500082,2023-10-31,2712.95,paid,USD
in_000000927,cus_000000500082,2023-11-29,2491.38,paid,USD
in_000000928,cus_000000500082,2023-12-28,2354.57,paid,USD
in_000000929,cus_000000500082,2024-01-24,2742.30,paid,USD
in_000000930,cus_000000500082,2024-02-21,2363.62,paid,USD
in_000000931,cus_000000500082,2024-03-20,2706.64,paid,USD
in_000000932,cus_000000500082,2024-04-19,2479.19,paid,USD
in_000000933,cus_000000500082,2024-05-18,2312.19,paid,USD
in_000000934,cus_000000500082,2024-06-14,2387.09,paid,USD
in_000000935,cus_000000500082,2024-07-14,2735.27,paid,USD
in_000000936,cus_000000500082,2024-08-14,2679.06,paid,USD
in_000000937,cus_000000500082,2024-09-11,2365.28,paid,USD
in_000000938,cus_000000500082,2024-10-10,2323.81,paid,USD
in_000000939,cus_000000500082,2024-11-09,2618.29,paid,USD
in_000000940,cus_000000500082,2024-12-07,2681.57,paid,USD
in_000000941,cus_000000500082,2025-01-05,2480.14,paid,USD
in_000000942,cus_000000500082,2025-02-03,2567.63,paid,USD
in_000000943,cus_000000500082,2025-03-07,2590.93,paid,USD
in_000000944,cus_000000500082,2025-04-08,2433.49,paid,USD
in_000000945,cus_000000500082,2025-05-11,2384.15,paid,USD
in_000000946,cus_000000500082,2025-06-13,2693.89,paid,USD
in_000000947,cus_000000500082,2025-07-13,2496.63,paid,USD
in_000000948,cus_000000500082,2025-08-10,2798.56,paid,USD
in_000000949,cus_000000500082,2025-09-10,2420.85,paid,USD
in_000000950,cus_000000500082,2025-10-07,2680.53,paid,USD
in_000000951,cus_000000500082,2025-11-08,2400.84,paid,USD
in_000000952,cus_000000500082,2025-12-05,2480.69,paid,USD
in_000000953,cus_000000500082,2026-01-06,2299.40,paid,USD
in_000000954,cus_000000500082,2026-02-05,2365.02,paid,USD
in_000000955,cus_000000500082,2026-03-05,2384.27,paid,USD
in_000000956,cus_000000500082,2026-04-04,2374.06,paid,USD
in_000000957,cus_000000500082,2026-05-06,2488.41,paid,USD
in_000000958,cus_000000500082,2026-06-04,2793.18,paid,USD
in_000000959,cus_000000500082,2026-07-03,2362.40,paid,USD
in_000000960,cus_000000500082,2026-08-05,2446.39,paid,USD
in_000000961,cus_000000500083,2022-12-18,2890.19,void,USD
in_000000962,cus_000000500083,2023-12-17,2807.70,paid,USD
in_000000963,cus_000000500083,2024-12-14,3140.21,paid,USD
in_000000964,cus_000000500083,2025-12-11,2855.15,failed,USD
in_000000965,cus_000000500084,2024-09-11,9262.70,paid,USD
in_000000966,cus_000000500084,2024-10-10,9788.88,paid,USD
in_000000967,cus_000000500084,2024-11-10,9732.08,paid,USD
in_000000968,cus_000000500084,2024-12-10,8925.14,paid,USD
in_000000969,cus_000000500084,2025-01-10,9702.40,paid,USD
in_000000970,cus_000000500084,2025-02-10,9062.31,paid,USD
in_000000971,cus_000000500084,2025-03-13,8805.22,paid,USD
in_000000972,cus_000000500084,2025-04-09,9809.41,paid,USD
in_000000973,cus_000000500084,2025-05-09,8727.69,paid,USD
in_000000974,cus_000000500084,2025-06-09,8779.62,paid,USD
in_000000975,cus_000000500084,2025-07-09,9185.20,paid,USD
in_000000976,cus_000000500084,2025-08-07,9017.86,paid,USD
in_000000977,cus_000000500084,2025-09-07,9845.11,paid,USD
in_000000978,cus_000000500084,2025-10-10,9341.24,paid,USD
in_000000979,cus_000000500084,2025-11-07,10096.29,paid,USD
in_000000980,cus_000000500084,2025-12-09,9020.34,paid,USD
in_000000981,cus_000000500084,2026-01-06,8633.79,paid,USD
in_000000982,cus_000000500084,2026-02-05,9805.04,paid,USD
in_000000983,cus_000000500084,2026-03-08,10279.55,paid,USD
in_000000984,cus_000000500084,2026-04-10,8613.55,paid,USD
in_000000985,cus_000000500084,2026-05-09,9526.13,paid,USD
in_000000986,cus_000000500084,2026-06-10,9157.31,paid,USD
in_000000987,cus_000000500084,2026-07-13,9087.28,paid,USD
in_000000988,cus_000000500084,2026-08-13,9166.32,paid,USD
in_000000989,cus_000000500085,2022-12-01,1027.74,paid,USD
in_000000990,cus_000000500085,2023-01-02,1107.45,paid,USD
in_000000991,cus_000000500085,2023-02-04,1124.58,paid,USD
in_000000992,cus_000000500085,2023-03-08,1201.23,paid,USD
in_000000993,cus_000000500085,2023-04-06,1037.44,paid,USD
in_000000994,cus_000000500085,2023-05-08,1245.19,paid,USD
in_000000995,cus_000000500085,2023-06-06,1064.38,paid,USD
in_000000996,cus_000000500085,2023-07-05,1157.20,paid,USD
in_000000997,cus_000000500085,2023-08-06,1200.55,paid,USD
in_000000998,cus_000000500085,2023-09-07,1116.93,paid,USD
in_000000999,cus_000000500085,2023-10-04,1139.95,paid,USD
in_000001000,cus_000000500085,2023-11-04,1173.10,refunded,USD
in_000001001,cus_000000500085,2023-12-05,1171.03,paid,USD
in_000001002,cus_000000500085,2024-01-02,1063.96,paid,USD
in_000001003,cus_000000500085,2024-02-02,1244.08,paid,USD
in_000001004,cus_000000500085,2024-03-06,1193.61,paid,USD
in_000001005,cus_000000500085,2024-04-02,1026.77,paid,USD
in_000001006,cus_000000500085,2024-04-29,1055.57,paid,USD
in_000001007,cus_000000500085,2024-05-30,1111.06,paid,USD
in_000001008,cus_000000500085,2024-06-28,1095.33,paid,USD
in_000001009,cus_000000500085,2024-07-25,1030.09,paid,USD
in_000001010,cus_000000500085,2024-08-21,1134.73,paid,USD
in_000001011,cus_000000500085,2024-09-19,1224.19,paid,USD
in_000001012,cus_000000500085,2024-10-18,1150.03,void,USD
in_000001013,cus_000000500085,2024-11-16,1238.79,paid,USD
in_000001014,cus_000000500085,2024-12-17,1040.49,paid,USD
in_000001015,cus_000000500085,2025-01-19,1230.38,paid,USD
in_000001016,cus_000000500085,2025-02-16,1118.42,paid,USD
in_000001017,cus_000000500085,2025-03-16,1112.94,paid,USD
in_000001018,cus_000000500085,2025-04-15,1077.19,paid,USD
in_000001019,cus_000000500085,2025-05-15,1147.80,paid,USD
in_000001020,cus_000000500085,2025-06-11,1230.50,paid,USD
in_000001021,cus_000000500085,2025-07-12,1083.63,paid,USD
in_000001022,cus_000000500085,2025-08-12,1226.69,paid,USD
in_000001023,cus_000000500085,2025-09-09,1186.85,paid,USD
in_000001024,cus_000000500085,2025-10-12,1078.08,paid,USD
in_000001025,cus_000000500085,2025-11-11,1138.73,paid,USD
in_000001026,cus_000000500085,2025-12-12,1214.65,paid,USD
in_000001027,cus_000000500085,2026-01-08,1142.94,paid,USD
in_000001028,cus_000000500085,2026-02-08,1096.14,paid,USD
in_000001029,cus_000000500085,2026-03-07,1155.03,paid,USD
in_000001030,cus_000000500085,2026-04-05,1125.76,paid,USD
in_000001031,cus_000000500085,2026-05-06,1196.39,paid,USD
in_000001032,cus_000000500085,2026-06-08,1217.87,paid,USD
in_000001033,cus_000000500085,2026-07-06,1213.63,paid,USD
in_000001034,cus_000000500085,2026-08-05,1131.94,paid,USD
in_000001035,cus_000000500086,2023-06-27,14707.67,paid,USD
in_000001036,cus_000000500086,2024-06-26,15960.31,paid,USD
in_000001037,cus_000000500086,2025-06-24,15974.94,paid,USD
in_000001038,cus_000000500086,2026-06-24,14585.13,paid,USD
in_000001039,cus_000000500087,2024-08-19,29567.25,paid,USD
in_000001040,cus_000000500087,2025-08-18,31883.70,paid,USD
in_000001041,cus_000000500087,2026-08-19,27314.52,paid,USD
in_000001042,cus_000000500088,2024-02-20,225.61,paid,USD
in_000001043,cus_000000500088,2024-03-24,247.13,paid,USD
in_000001044,cus_000000500088,2024-04-21,216.96,paid,USD
in_000001045,cus_000000500088,2024-05-23,220.66,paid,USD
in_000001046,cus_000000500088,2024-06-21,224.17,paid,USD
in_000001047,cus_000000500088,2024-07-23,218.27,paid,USD
in_000001048,cus_000000500088,2024-08-19,217.58,paid,USD
in_000001049,cus_000000500088,2024-09-16,251.29,paid,USD
in_000001050,cus_000000500088,2024-10-18,254.59,paid,USD
in_000001051,cus_000000500088,2024-11-15,218.85,paid,USD
in_000001052,cus_000000500088,2024-12-15,228.67,paid,USD
in_000001053,cus_000000500088,2025-01-17,235.68,paid,USD
in_000001054,cus_000000500088,2025-02-13,252.48,paid,USD
in_000001055,cus_000000500088,2025-03-13,253.24,paid,USD
in_000001056,cus_000000500088,2025-04-13,217.97,paid,USD
in_000001057,cus_000000500088,2025-05-12,232.90,paid,USD
in_000001058,cus_000000500088,2025-06-12,222.98,void,USD
in_000001059,cus_000000500088,2025-07-14,257.29,paid,USD
in_000001060,cus_000000500088,2025-08-16,228.85,paid,USD
in_000001061,cus_000000500088,2025-09-17,241.40,paid,USD
in_000001062,cus_000000500088,2025-10-18,252.82,paid,USD
in_000001063,cus_000000500088,2025-11-18,256.02,paid,USD
in_000001064,cus_000000500088,2025-12-19,218.24,paid,USD
in_000001065,cus_000000500088,2026-01-15,214.01,paid,USD
in_000001066,cus_000000500088,2026-02-14,253.03,paid,USD
in_000001067,cus_000000500088,2026-03-18,247.94,paid,USD
in_000001068,cus_000000500088,2026-04-14,229.21,paid,USD
in_000001069,cus_000000500089,2025-06-15,2883.07,refunded,USD
in_000001070,cus_000000500089,2026-06-17,2419.93,paid,USD
in_000001071,cus_000000500090,2025-08-31,1318.28,paid,USD
in_000001072,cus_000000500090,2025-10-03,1437.75,paid,USD
in_000001073,cus_000000500090,2025-10-30,1252.29,paid,USD
in_000001074,cus_000000500090,2025-12-02,1325.33,paid,USD
in_000001075,cus_000000500090,2025-12-30,1234.50,failed,USD
in_000001076,cus_000000500090,2026-01-30,1361.16,paid,USD
in_000001077,cus_000000500090,2026-02-28,1271.80,paid,USD
in_000001078,cus_000000500090,2026-03-27,1244.64,paid,USD
in_000001079,cus_000000500090,2026-04-28,1298.40,paid,USD
in_000001080,cus_000000500090,2026-05-31,1415.60,paid,USD
in_000001081,cus_000000500090,2026-07-02,1277.53,paid,USD
in_000001082,cus_000000500090,2026-08-04,1313.47,paid,USD
in_000001083,cus_000000500091,2022-11-30,64309.55,paid,USD
in_000001084,cus_000000500091,2023-11-29,63185.52,paid,USD
in_000001085,cus_000000500091,2024-11-27,56640.68,paid,USD
in_000001086,cus_000000500091,2025-11-26,56625.90,paid,USD
in_000001087,cus_000000500092,2026-04-22,29242.01,paid,USD
in_000001088,cus_000000500093,2024-06-12,2821.82,paid,USD
in_000001089,cus_000000500093,2025-06-11,2961.73,paid,USD
in_000001090,cus_000000500093,2026-06-14,2754.64,paid,USD
in_000001091,cus_000000500094,2024-06-07,2670.23,paid,USD
in_000001092,cus_000000500094,2025-06-04,2571.96,paid,USD
in_000001093,cus_000000500094,2026-06-03,2468.82,paid,USD
in_000001094,cus_000000500095,2023-06-22,670.91,paid,USD
in_000001095,cus_000000500095,2023-07-21,650.59,paid,USD
in_000001096,cus_000000500095,2023-08-21,608.48,paid,USD
in_000001097,cus_000000500095,2023-09-19,654.67,paid,USD
in_000001098,cus_000000500095,2023-10-17,732.54,paid,USD
in_000001099,cus_000000500095,2023-11-16,630.31,paid,USD
in_000001100,cus_000000500095,2023-12-16,653.39,paid,USD
in_000001101,cus_000000500095,2024-01-12,680.13,paid,USD
in_000001102,cus_000000500095,2024-02-09,662.44,paid,USD
in_000001103,cus_000000500095,2024-03-09,655.32,void,USD
in_000001104,cus_000000500095,2024-04-07,659.18,paid,USD
in_000001105,cus_000000500095,2024-05-04,620.54,paid,USD
in_000001106,cus_000000500095,2024-06-04,671.35,paid,USD
in_000001107,cus_000000500095,2024-07-07,724.58,paid,USD
in_000001108,cus_000000500095,2024-08-08,724.61,paid,USD
in_000001109,cus_000000500095,2024-09-06,690.18,paid,USD
in_000001110,cus_000000500095,2024-10-03,648.47,paid,USD
in_000001111,cus_000000500095,2024-11-01,685.38,paid,USD
in_000001112,cus_000000500095,2024-12-01,653.67,paid,USD
in_000001113,cus_000000500095,2024-12-30,708.85,paid,USD
in_000001114,cus_000000500095,2025-01-31,720.91,paid,USD
in_000001115,cus_000000500095,2025-03-03,601.91,paid,USD
in_000001116,cus_000000500095,2025-04-02,616.74,paid,USD
in_000001117,cus_000000500095,2025-05-04,611.15,paid,USD
in_000001118,cus_000000500095,2025-06-01,621.93,paid,USD
in_000001119,cus_000000500095,2025-07-02,664.90,void,USD
in_000001120,cus_000000500095,2025-08-01,631.95,paid,USD
in_000001121,cus_000000500095,2025-09-03,723.10,paid,USD
in_000001122,cus_000000500095,2025-10-01,700.46,paid,USD
in_000001123,cus_000000500095,2025-11-01,607.67,paid,USD
in_000001124,cus_000000500095,2025-12-04,658.42,paid,USD
in_000001125,cus_000000500095,2025-12-31,718.36,paid,USD
in_000001126,cus_000000500095,2026-01-29,628.74,paid,USD
in_000001127,cus_000000500095,2026-03-03,683.00,paid,USD
in_000001128,cus_000000500095,2026-04-01,659.32,paid,USD
in_000001129,cus_000000500095,2026-05-03,616.35,paid,USD
in_000001130,cus_000000500095,2026-06-05,680.94,refunded,USD
in_000001131,cus_000000500095,2026-07-06,645.10,paid,USD
in_000001132,cus_000000500095,2026-08-02,636.30,paid,USD
in_000001133,cus_000000500096,2023-07-15,284.96,paid,USD
in_000001134,cus_000000500096,2023-08-16,257.58,paid,USD
in_000001135,cus_000000500096,2023-09-13,280.28,paid,USD
in_000001136,cus_000000500096,2023-10-15,297.79,paid,USD
in_000001137,cus_000000500096,2023-11-14,249.88,paid,USD
in_000001138,cus_000000500096,2023-12-14,277.91,paid,USD
in_000001139,cus_000000500096,2024-01-16,251.72,paid,USD
in_000001140,cus_000000500096,2024-02-13,249.55,paid,USD
in_000001141,cus_000000500096,2024-03-11,255.99,paid,USD
in_000001142,cus_000000500096,2024-04-08,287.19,paid,USD
in_000001143,cus_000000500096,2024-05-06,281.45,paid,USD
in_000001144,cus_000000500096,2024-06-04,259.90,failed,USD
in_000001145,cus_000000500096,2024-07-01,301.22,paid,USD
in_000001146,cus_000000500096,2024-07-30,300.13,paid,USD
in_000001147,cus_000000500096,2024-08-26,281.35,paid,USD
in_000001148,cus_000000500096,2024-09-23,251.71,paid,USD
in_000001149,cus_000000500096,2024-10-24,295.59,paid,USD
in_000001150,cus_000000500096,2024-11-22,296.74,paid,USD
in_000001151,cus_000000500096,2024-12-25,263.61,paid,USD
in_000001152,cus_000000500096,2025-01-25,285.03,paid,USD
in_000001153,cus_000000500096,2025-02-27,283.02,paid,USD
in_000001154,cus_000000500096,2025-03-28,260.24,paid,USD
in_000001155,cus_000000500096,2025-04-27,270.89,paid,USD
in_000001156,cus_000000500096,2025-05-28,298.93,paid,USD
in_000001157,cus_000000500096,2025-06-30,278.75,paid,USD
in_000001158,cus_000000500096,2025-08-02,292.46,paid,USD
in_000001159,cus_000000500096,2025-09-01,291.53,paid,USD
in_000001160,cus_000000500096,2025-10-03,275.09,paid,USD
in_000001161,cus_000000500096,2025-11-03,274.64,paid,USD
in_000001162,cus_000000500096,2025-12-06,260.28,paid,USD
in_000001163,cus_000000500096,2026-01-08,283.09,paid,USD
in_000001164,cus_000000500096,2026-02-05,262.83,paid,USD
in_000001165,cus_000000500096,2026-03-04,255.31,paid,USD
in_000001166,cus_000000500096,2026-04-06,285.65,paid,USD
in_000001167,cus_000000500096,2026-05-06,295.58,paid,USD
in_000001168,cus_000000500096,2026-06-04,287.62,paid,USD
in_000001169,cus_000000500096,2026-07-03,291.46,paid,USD
in_000001170,cus_000000500096,2026-08-02,291.46,paid,USD
in_000001171,cus_000000500097,2025-11-09,3390.83,paid,USD
in_000001172,cus_000000500098,2023-02-12,348.60,paid,USD
in_000001173,cus_000000500098,2023-03-15,406.96,paid,USD
in_000001174,cus_000000500098,2023-04-12,415.25,paid,USD
in_000001175,cus_000000500098,2023-05-15,362.68,void,USD
in_000001176,cus_000000500098,2023-06-11,391.94,paid,USD
in_000001177,cus_000000500098,2023-07-08,400.56,paid,USD
in_000001178,cus_000000500098,2023-08-09,354.66,paid,USD
in_000001179,cus_000000500098,2023-09-05,417.37,paid,USD
in_000001180,cus_000000500098,2023-10-02,366.73,refunded,USD
in_000001181,cus_000000500098,2023-10-31,409.72,paid,USD
in_000001182,cus_000000500098,2023-12-03,382.10,paid,USD
in_000001183,cus_000000500098,2024-01-01,398.66,paid,USD
in_000001184,cus_000000500098,2024-02-03,401.27,paid,USD
in_000001185,cus_000000500098,2024-03-07,384.48,paid,USD
in_000001186,cus_000000500098,2024-04-09,350.01,paid,USD
in_000001187,cus_000000500098,2024-05-12,363.87,paid,USD
in_000001188,cus_000000500098,2024-06-14,395.54,paid,USD
in_000001189,cus_000000500098,2024-07-16,403.75,paid,USD
in_000001190,cus_000000500098,2024-08-14,382.15,paid,USD
in_000001191,cus_000000500098,2024-09-15,389.20,paid,USD
in_000001192,cus_000000500098,2024-10-17,386.16,paid,USD
in_000001193,cus_000000500098,2024-11-14,403.07,paid,USD
in_000001194,cus_000000500100,2023-08-19,1159.22,paid,USD
in_000001195,cus_000000500100,2023-09-19,1144.63,paid,USD
in_000001196,cus_000000500100,2023-10-22,1050.73,paid,USD
in_000001197,cus_000000500100,2023-11-21,1184.85,paid,USD
in_000001198,cus_000000500100,2023-12-19,995.66,paid,USD
in_000001199,cus_000000500100,2024-01-20,1055.91,paid,USD
in_000001200,cus_000000500100,2024-02-18,1022.76,paid,USD
in_000001201,cus_000000500100,2024-03-21,1118.47,paid,USD
in_000001202,cus_000000500100,2024-04-23,1119.63,paid,USD
in_000001203,cus_000000500100,2024-05-26,985.23,paid,USD
in_000001204,cus_000000500100,2024-06-24,985.42,paid,USD
in_000001205,cus_000000500100,2024-07-27,1090.68,paid,USD
in_000001206,cus_000000500100,2024-08-29,998.65,paid,USD
in_000001207,cus_000000500100,2024-09-26,1028.45,paid,USD
in_000001208,cus_000000500100,2024-10-29,1074.88,paid,USD
in_000001209,cus_000000500100,2024-11-25,1047.84,paid,USD
in_000001210,cus_000000500100,2024-12-24,971.21,paid,USD
in_000001211,cus_000000500100,2025-01-23,1142.75,paid,USD
in_000001212,cus_000000500100,2025-02-24,1118.87,paid,USD
in_000001213,cus_000000500100,2025-03-24,1039.60,paid,USD
in_000001214,cus_000000500100,2025-04-23,980.67,paid,USD
in_000001215,cus_000000500100,2025-05-22,993.25,paid,USD
in_000001216,cus_000000500100,2025-06-19,989.05,paid,USD
in_000001217,cus_000000500100,2025-07-21,1176.51,paid,USD
in_000001218,cus_000000500100,2025-08-21,1041.71,paid,USD
in_000001219,cus_000000500100,2025-09-19,1088.56,paid,USD
in_000001220,cus_000000500100,2025-10-19,1012.30,paid,USD
in_000001221,cus_000000500100,2025-11-21,1175.12,paid,USD
in_000001222,cus_000000500100,2025-12-22,1105.62,paid,USD
in_000001223,cus_000000500100,2026-01-23,1092.19,paid,USD
in_000001224,cus_000000500100,2026-02-19,1158.11,paid,USD
in_000001225,cus_000000500100,2026-03-24,1059.75,paid,USD
in_000001226,cus_000000500100,2026-04-22,1111.27,paid,USD
in_000001227,cus_000000500100,2026-05-19,1163.94,paid,USD
in_000001228,cus_000000500100,2026-06-15,1043.22,void,USD
in_000001229,cus_000000500100,2026-07-16,1125.42,paid,USD
in_000001230,cus_000000500100,2026-08-17,997.41,paid,USD
in_000001231,cus_000000500101,2022-12-16,1443.73,paid,USD
in_000001232,cus_000000500101,2023-01-13,1233.99,paid,USD
in_000001233,cus_000000500101,2023-02-10,1254.37,paid,USD
in_000001234,cus_000000500101,2023-03-12,1322.57,paid,USD
in_000001235,cus_000000500101,2023-04-09,1460.31,paid,USD
in_000001236,cus_000000500101,2023-05-09,1355.79,paid,USD
in_000001237,cus_000000500101,2023-06-10,1341.55,paid,USD
in_000001238,cus_000000500101,2023-07-08,1453.64,paid,USD
in_000001239,cus_000000500101,2023-08-06,1233.50,paid,USD
in_000001240,cus_000000500101,2023-09-05,1270.92,void,USD
in_000001241,cus_000000500101,2023-10-08,1382.60,paid,USD
in_000001242,cus_000000500101,2023-11-06,1401.25,paid,USD
in_000001243,cus_000000500101,2023-12-06,1345.42,paid,USD
in_000001244,cus_000000500101,2024-01-05,1398.68,paid,USD
in_000001245,cus_000000500101,2024-02-07,1240.87,paid,USD
in_000001246,cus_000000500101,2024-03-10,1463.65,paid,USD
in_000001247,cus_000000500101,2024-04-06,1427.64,paid,USD
in_000001248,cus_000000500101,2024-05-05,1477.59,paid,USD
in_000001249,cus_000000500101,2024-06-06,1329.21,paid,USD
in_000001250,cus_000000500101,2024-07-05,1450.40,paid,USD
in_000001251,cus_000000500101,2024-08-06,1487.69,paid,USD
in_000001252,cus_000000500101,2024-09-05,1480.05,paid,USD
in_000001253,cus_000000500101,2024-10-08,1303.71,paid,USD
in_000001254,cus_000000500101,2024-11-04,1391.10,paid,USD
in_000001255,cus_000000500101,2024-12-07,1287.92,paid,USD
in_000001256,cus_000000500101,2025-01-05,1322.25,paid,USD
in_000001257,cus_000000500101,2025-02-04,1256.58,paid,USD
in_000001258,cus_000000500101,2025-03-09,1250.25,paid,USD
in_000001259,cus_000000500101,2025-04-10,1330.61,paid,USD
in_000001260,cus_000000500101,2025-05-10,1314.56,paid,USD
in_000001261,cus_000000500101,2025-06-12,1485.72,paid,USD
in_000001262,cus_000000500101,2025-07-11,1330.17,paid,USD
in_000001263,cus_000000500101,2025-08-07,1273.65,paid,USD
in_000001264,cus_000000500101,2025-09-06,1430.54,paid,USD
in_000001265,cus_000000500101,2025-10-05,1378.08,paid,USD
in_000001266,cus_000000500101,2025-11-04,1267.43,paid,USD
in_000001267,cus_000000500101,2025-12-07,1502.33,paid,USD
in_000001268,cus_000000500101,2026-01-05,1356.49,failed,USD
in_000001269,cus_000000500101,2026-02-03,1466.87,paid,USD
in_000001270,cus_000000500101,2026-03-04,1236.93,paid,USD
in_000001271,cus_000000500101,2026-03-31,1480.40,paid,USD
in_000001272,cus_000000500101,2026-04-29,1328.28,paid,USD
in_000001273,cus_000000500101,2026-06-01,1437.48,paid,USD
in_000001274,cus_000000500101,2026-07-04,1384.74,paid,USD
in_000001275,cus_000000500101,2026-08-05,1370.30,paid,USD
in_000001276,cus_000000500102,2024-08-31,2437.15,paid,USD
in_000001277,cus_000000500102,2024-10-02,2222.96,paid,USD
in_000001278,cus_000000500102,2024-11-02,2477.34,paid,USD
in_000001279,cus_000000500102,2024-12-05,2414.25,paid,USD
in_000001280,cus_000000500102,2025-01-05,2555.10,paid,USD
in_000001281,cus_000000500102,2025-02-07,2543.59,paid,USD
in_000001282,cus_000000500102,2025-03-07,2418.74,paid,USD
in_000001283,cus_000000500102,2025-04-08,2337.10,paid,USD
in_000001284,cus_000000500102,2025-05-11,2256.82,paid,USD
in_000001285,cus_000000500102,2025-06-08,2337.25,paid,USD
in_000001286,cus_000000500102,2025-07-11,2461.41,paid,USD
in_000001287,cus_000000500102,2025-08-13,2214.89,paid,USD
in_000001288,cus_000000500102,2025-09-15,2409.55,paid,USD
in_000001289,cus_000000500102,2025-10-18,2358.59,paid,USD
in_000001290,cus_000000500102,2025-11-16,2616.56,paid,USD
in_000001291,cus_000000500102,2025-12-13,2656.33,paid,USD
in_000001292,cus_000000500102,2026-01-13,2638.79,paid,USD
in_000001293,cus_000000500102,2026-02-09,2559.08,paid,USD
in_000001294,cus_000000500102,2026-03-08,2516.05,paid,USD
in_000001295,cus_000000500102,2026-04-08,2328.56,paid,USD
in_000001296,cus_000000500102,2026-05-09,2652.82,paid,USD
in_000001297,cus_000000500102,2026-06-10,2195.10,paid,USD
in_000001298,cus_000000500102,2026-07-08,2416.52,paid,USD
in_000001299,cus_000000500102,2026-08-07,2558.91,paid,USD
in_000001300,cus_000000500103,2024-04-09,280.54,paid,USD
in_000001301,cus_000000500103,2024-05-08,322.47,paid,USD
in_000001302,cus_000000500103,2024-06-09,321.72,paid,USD
in_000001303,cus_000000500103,2024-07-10,312.44,paid,USD
in_000001304,cus_000000500103,2024-08-07,296.48,paid,USD
in_000001305,cus_000000500103,2024-09-05,299.30,paid,USD
in_000001306,cus_000000500103,2024-10-06,270.93,paid,USD
in_000001307,cus_000000500103,2024-11-02,328.04,paid,USD
in_000001308,cus_000000500103,2024-12-02,286.19,paid,USD
in_000001309,cus_000000500104,2023-02-26,417.70,paid,USD
in_000001310,cus_000000500104,2023-03-27,465.95,paid,USD
in_000001311,cus_000000500104,2023-04-24,455.86,refunded,USD
in_000001312,cus_000000500104,2023-05-25,416.74,paid,USD
in_000001313,cus_000000500104,2023-06-21,406.98,paid,USD
in_000001314,cus_000000500104,2023-07-23,456.68,paid,USD
in_000001315,cus_000000500104,2023-08-20,438.01,paid,USD
in_000001316,cus_000000500104,2023-09-19,421.38,paid,USD
in_000001317,cus_000000500104,2023-10-22,437.47,paid,USD
in_000001318,cus_000000500104,2023-11-22,463.21,paid,USD
in_000001319,cus_000000500104,2023-12-20,412.37,paid,USD
in_000001320,cus_000000500104,2024-01-16,423.63,paid,USD
in_000001321,cus_000000500104,2024-02-17,400.68,paid,USD
in_000001322,cus_000000500104,2024-03-20,401.41,paid,USD
in_000001323,cus_000000500104,2024-04-19,413.60,paid,USD
in_000001324,cus_000000500104,2024-05-21,429.52,paid,USD
in_000001325,cus_000000500104,2024-06-17,444.29,paid,USD
in_000001326,cus_000000500104,2024-07-17,387.00,paid,USD
in_000001327,cus_000000500104,2024-08-15,419.30,paid,USD
in_000001328,cus_000000500104,2024-09-13,432.53,paid,USD
in_000001329,cus_000000500104,2024-10-12,410.10,void,USD
in_000001330,cus_000000500104,2024-11-14,390.79,paid,USD
in_000001331,cus_000000500104,2024-12-13,394.67,paid,USD
in_000001332,cus_000000500104,2025-01-09,447.06,paid,USD
in_000001333,cus_000000500104,2025-02-07,419.13,paid,USD
in_000001334,cus_000000500104,2025-03-09,438.99,paid,USD
in_000001335,cus_000000500104,2025-04-10,384.49,paid,USD
in_000001336,cus_000000500104,2025-05-11,389.48,paid,USD
in_000001337,cus_000000500104,2025-06-11,423.56,paid,USD
in_000001338,cus_000000500104,2025-07-10,462.69,paid,USD
in_000001339,cus_000000500104,2025-08-08,391.21,paid,USD
in_000001340,cus_000000500104,2025-09-06,421.20,paid,USD
in_000001341,cus_000000500104,2025-10-03,450.50,paid,USD
in_000001342,cus_000000500104,2025-11-04,409.44,refunded,USD
in_000001343,cus_000000500104,2025-12-04,459.95,paid,USD
in_000001344,cus_000000500104,2026-01-06,457.20,paid,USD
in_000001345,cus_000000500104,2026-02-04,392.51,paid,USD
in_000001346,cus_000000500104,2026-03-04,415.47,refunded,USD
in_000001347,cus_000000500104,2026-04-05,437.58,paid,USD
in_000001348,cus_000000500104,2026-05-03,405.80,paid,USD
in_000001349,cus_000000500104,2026-06-05,415.10,paid,USD
in_000001350,cus_000000500104,2026-07-07,400.79,paid,USD
in_000001351,cus_000000500105,2026-02-27,5402.39,paid,USD
in_000001352,cus_000000500105,2026-03-29,5544.64,paid,USD
in_000001353,cus_000000500105,2026-04-28,4916.49,paid,USD
in_000001354,cus_000000500105,2026-05-27,5134.55,paid,USD
in_000001355,cus_000000500105,2026-06-28,5099.31,paid,USD
in_000001356,cus_000000500105,2026-07-26,4911.90,paid,USD
in_000001357,cus_000000500106,2024-09-21,60757.20,paid,USD
in_000001358,cus_000000500106,2025-09-22,59504.54,paid,USD
in_000001359,cus_000000500107,2025-07-14,314.49,paid,USD
in_000001360,cus_000000500107,2025-08-11,274.17,paid,USD
in_000001361,cus_000000500107,2025-09-07,286.81,paid,USD
in_000001362,cus_000000500107,2025-10-05,280.46,paid,USD
in_000001363,cus_000000500107,2025-11-01,295.86,paid,USD
in_000001364,cus_000000500108,2024-08-30,103807.43,paid,USD
in_000001365,cus_000000500108,2025-08-29,98523.17,paid,USD
in_000001366,cus_000000500109,2025-01-01,441.31,paid,USD
in_000001367,cus_000000500109,2025-01-29,467.06,failed,USD
in_000001368,cus_000000500109,2025-03-02,482.25,refunded,USD
in_000001369,cus_000000500109,2025-03-30,434.64,paid,USD
in_000001370,cus_000000500109,2025-05-02,452.64,paid,USD
in_000001371,cus_000000500109,2025-06-04,435.84,paid,USD
in_000001372,cus_000000500109,2025-07-06,490.62,paid,USD
in_000001373,cus_000000500109,2025-08-04,447.76,paid,USD
in_000001374,cus_000000500109,2025-09-01,443.53,paid,USD
in_000001375,cus_000000500109,2025-09-30,456.00,void,USD
in_000001376,cus_000000500109,2025-10-28,420.75,paid,USD
in_000001377,cus_000000500109,2025-11-30,432.45,paid,USD
in_000001378,cus_000000500109,2025-12-31,492.03,paid,USD
in_000001379,cus_000000500109,2026-01-30,431.69,paid,USD
in_000001380,cus_000000500109,2026-02-27,420.12,paid,USD
in_000001381,cus_000000500110,2025-06-26,4617.73,paid,USD
in_000001382,cus_000000500110,2025-07-27,4122.79,paid,USD
in_000001383,cus_000000500110,2025-08-28,4406.32,paid,USD
in_000001384,cus_000000500110,2025-09-27,4670.67,paid,USD
in_000001385,cus_000000500110,2025-10-25,4682.76,paid,USD
in_000001386,cus_000000500110,2025-11-24,4601.03,refunded,USD
in_000001387,cus_000000500110,2025-12-27,4578.20,paid,USD
in_000001388,cus_000000500110,2026-01-29,4409.86,paid,USD
in_000001389,cus_000000500110,2026-02-25,5007.56,paid,USD
in_000001390,cus_000000500110,2026-03-27,4428.06,paid,USD
in_000001391,cus_000000500110,2026-04-24,4984.76,paid,USD
in_000001392,cus_000000500110,2026-05-24,4301.67,paid,USD
in_000001393,cus_000000500110,2026-06-26,4323.72,paid,USD
in_000001394,cus_000000500110,2026-07-23,4839.68,paid,USD
in_000001395,cus_000000500112,2023-11-20,67702.05,paid,USD
in_000001396,cus_000000500112,2024-11-19,61350.36,paid,USD
in_000001397,cus_000000500112,2025-11-17,62234.68,paid,USD
in_000001398,cus_000000500113,2025-03-27,297.46,paid,USD
in_000001399,cus_000000500113,2025-04-26,258.73,paid,USD
in_000001400,cus_000000500113,2025-05-25,285.90,paid,USD
in_000001401,cus_000000500113,2025-06-25,288.26,refunded,USD
in_000001402,cus_000000500113,2025-07-24,246.25,paid,USD
in_000001403,cus_000000500113,2025-08-21,291.71,paid,USD
in_000001404,cus_000000500113,2025-09-23,264.65,paid,USD
in_000001405,cus_000000500113,2025-10-23,296.40,paid,USD
in_000001406,cus_000000500113,2025-11-19,263.77,paid,USD
in_000001407,cus_000000500113,2025-12-17,288.25,paid,USD
in_000001408,cus_000000500113,2026-01-18,257.90,paid,USD
in_000001409,cus_000000500113,2026-02-18,254.84,paid,USD
in_000001410,cus_000000500113,2026-03-20,255.70,paid,USD
in_000001411,cus_000000500113,2026-04-22,258.85,paid,USD
in_000001412,cus_000000500113,2026-05-19,283.71,paid,USD
in_000001413,cus_000000500113,2026-06-15,267.40,paid,USD
in_000001414,cus_000000500115,2023-04-23,4739.28,paid,USD
in_000001415,cus_000000500115,2023-05-24,5491.27,paid,USD
in_000001416,cus_000000500115,2023-06-25,5345.37,paid,USD
in_000001417,cus_000000500115,2023-07-26,5163.01,paid,USD
in_000001418,cus_000000500115,2023-08-28,5327.26,paid,USD
in_000001419,cus_000000500115,2023-09-25,5367.70,paid,USD
in_000001420,cus_000000500115,2023-10-23,4980.81,paid,USD
in_000001421,cus_000000500115,2023-11-25,5138.54,paid,USD
in_000001422,cus_000000500115,2023-12-28,4812.33,paid,USD
in_000001423,cus_000000500115,2024-01-24,5547.39,paid,USD
in_000001424,cus_000000500115,2024-02-24,4807.58,refunded,USD
in_000001425,cus_000000500115,2024-03-27,5302.20,paid,USD
in_000001426,cus_000000500115,2024-04-27,5247.54,paid,USD
in_000001427,cus_000000500115,2024-05-26,5284.32,paid,USD
in_000001428,cus_000000500115,2024-06-27,5099.08,paid,USD
in_000001429,cus_000000500115,2024-07-24,5323.56,paid,USD
in_000001430,cus_000000500115,2024-08-24,5098.79,paid,USD
in_000001431,cus_000000500115,2024-09-21,5365.14,paid,USD
in_000001432,cus_000000500115,2024-10-24,5319.52,paid,USD
in_000001433,cus_000000500115,2024-11-20,5478.80,paid,USD
in_000001434,cus_000000500115,2024-12-19,5104.95,paid,USD
in_000001435,cus_000000500115,2025-01-16,4914.76,paid,USD
in_000001436,cus_000000500115,2025-02-17,4811.24,paid,USD
in_000001437,cus_000000500115,2025-03-19,5640.12,paid,USD
in_000001438,cus_000000500115,2025-04-18,4938.09,paid,USD
in_000001439,cus_000000500115,2025-05-21,4776.06,void,USD
in_000001440,cus_000000500115,2025-06-23,5046.58,paid,USD
in_000001441,cus_000000500115,2025-07-21,4958.93,paid,USD
in_000001442,cus_000000500115,2025-08-19,5229.66,paid,USD
in_000001443,cus_000000500115,2025-09-15,5257.60,paid,USD
in_000001444,cus_000000500115,2025-10-16,5648.90,paid,USD
in_000001445,cus_000000500115,2025-11-12,4775.69,paid,USD
in_000001446,cus_000000500115,2025-12-13,5408.28,paid,USD
in_000001447,cus_000000500115,2026-01-15,5169.82,paid,USD
in_000001448,cus_000000500115,2026-02-11,5664.93,paid,USD
in_000001449,cus_000000500115,2026-03-10,4853.20,paid,USD
in_000001450,cus_000000500115,2026-04-06,4771.80,paid,USD
in_000001451,cus_000000500115,2026-05-07,5407.99,paid,USD
in_000001452,cus_000000500115,2026-06-07,4840.91,paid,USD
in_000001453,cus_000000500115,2026-07-09,5670.02,paid,USD
in_000001454,cus_000000500115,2026-08-10,5458.57,paid,USD
in_000001455,cus_000000500116,2026-02-10,295.49,paid,USD
in_000001456,cus_000000500116,2026-03-11,294.74,paid,USD
in_000001457,cus_000000500116,2026-04-09,325.31,paid,USD
in_000001458,cus_000000500116,2026-05-11,297.20,paid,USD
in_000001459,cus_000000500116,2026-06-08,276.77,paid,USD
in_000001460,cus_000000500116,2026-07-06,285.49,paid,USD
in_000001461,cus_000000500116,2026-08-03,320.11,paid,USD
in_000001462,cus_000000500117,2025-10-15,280.46,paid,USD
in_000001463,cus_000000500117,2025-11-12,325.79,void,USD
in_000001464,cus_000000500118,2023-06-06,2209.84,paid,USD
in_000001465,cus_000000500118,2023-07-09,2199.59,paid,USD
in_000001466,cus_000000500118,2023-08-10,2155.69,paid,USD
in_000001467,cus_000000500118,2023-09-08,2119.96,paid,USD
in_000001468,cus_000000500118,2023-10-07,1957.61,refunded,USD
in_000001469,cus_000000500118,2023-11-07,1897.54,paid,USD
in_000001470,cus_000000500118,2023-12-09,1979.36,paid,USD
in_000001471,cus_000000500118,2024-01-09,1873.92,paid,USD
in_000001472,cus_000000500118,2024-02-09,2132.88,paid,USD
in_000001473,cus_000000500118,2024-03-13,2080.71,paid,USD
in_000001474,cus_000000500118,2024-04-11,2062.70,paid,USD
in_000001475,cus_000000500118,2024-05-14,2069.18,paid,USD
in_000001476,cus_000000500118,2024-06-13,1933.46,paid,USD
in_000001477,cus_000000500118,2024-07-15,2115.00,paid,USD
in_000001478,cus_000000500118,2024-08-17,1921.72,paid,USD
in_000001479,cus_000000500118,2024-09-19,1995.17,paid,USD
in_000001480,cus_000000500118,2024-10-18,2033.47,void,USD
in_000001481,cus_000000500118,2024-11-15,1912.43,paid,USD
in_000001482,cus_000000500118,2024-12-13,1911.90,paid,USD
in_000001483,cus_000000500118,2025-01-09,1892.70,paid,USD
in_000001484,cus_000000500118,2025-02-07,2242.71,paid,USD
in_000001485,cus_000000500118,2025-03-10,2219.55,paid,USD
in_000001486,cus_000000500118,2025-04-12,1879.87,paid,USD
in_000001487,cus_000000500118,2025-05-12,2221.68,paid,USD
in_000001488,cus_000000500118,2025-06-08,2138.30,paid,USD
in_000001489,cus_000000500118,2025-07-06,2118.31,paid,USD
in_000001490,cus_000000500118,2025-08-08,2069.68,paid,USD
in_000001491,cus_000000500118,2025-09-06,1963.94,paid,USD
in_000001492,cus_000000500118,2025-10-08,2217.71,paid,USD
in_000001493,cus_000000500118,2025-11-10,2021.50,paid,USD
in_000001494,cus_000000500118,2025-12-13,2063.41,paid,USD
in_000001495,cus_000000500118,2026-01-10,2150.25,paid,USD
in_000001496,cus_000000500118,2026-02-07,1963.01,paid,USD
in_000001497,cus_000000500118,2026-03-06,2104.53,paid,USD
in_000001498,cus_000000500118,2026-04-04,2275.15,paid,USD
in_000001499,cus_000000500119,2025-08-23,3311.55,paid,USD
in_000001500,cus_000000500120,2025-09-04,254.65,paid,USD
in_000001501,cus_000000500120,2025-10-02,250.44,paid,USD
in_000001502,cus_000000500120,2025-11-02,256.95,paid,USD
in_000001503,cus_000000500120,2025-12-03,237.79,paid,USD
in_000001504,cus_000000500120,2025-12-31,224.25,paid,USD
in_000001505,cus_000000500120,2026-01-29,251.06,paid,USD
in_000001506,cus_000000500120,2026-03-01,218.30,paid,USD
in_000001507,cus_000000500120,2026-03-31,245.33,paid,USD
in_000001508,cus_000000500120,2026-05-03,257.85,paid,USD
in_000001509,cus_000000500121,2023-07-28,10292.33,paid,USD
in_000001510,cus_000000500121,2023-08-26,10587.92,paid,USD
in_000001511,cus_000000500121,2023-09-25,9360.50,paid,USD
in_000001512,cus_000000500121,2023-10-28,10696.08,paid,USD
in_000001513,cus_000000500121,2023-11-24,9574.57,paid,USD
in_000001514,cus_000000500121,2023-12-23,9906.58,refunded,USD
in_000001515,cus_000000500121,2024-01-23,9873.30,paid,USD
in_000001516,cus_000000500121,2024-02-25,9910.18,paid,USD
in_000001517,cus_000000500121,2024-03-24,9906.52,refunded,USD
in_000001518,cus_000000500121,2024-04-22,9604.22,paid,USD
in_000001519,cus_000000500121,2024-05-19,9275.02,paid,USD
in_000001520,cus_000000500121,2024-06-16,10679.92,paid,USD
in_000001521,cus_000000500121,2024-07-14,10831.74,paid,USD
in_000001522,cus_000000500121,2024-08-13,9041.27,paid,USD
in_000001523,cus_000000500121,2024-09-09,11014.32,paid,USD
in_000001524,cus_000000500121,2024-10-08,9467.63,paid,USD
in_000001525,cus_000000500121,2024-11-04,10283.66,paid,USD
in_000001526,cus_000000500121,2024-12-03,9367.97,paid,USD
in_000001527,cus_000000500121,2025-01-02,10035.33,paid,USD
in_000001528,cus_000000500121,2025-01-31,10914.33,paid,USD
in_000001529,cus_000000500121,2025-02-27,10909.99,paid,USD
in_000001530,cus_000000500121,2025-04-01,10261.54,paid,USD
in_000001531,cus_000000500121,2025-04-30,10444.16,paid,USD
in_000001532,cus_000000500121,2025-06-02,9915.13,paid,USD
in_000001533,cus_000000500121,2025-07-05,9253.74,paid,USD
in_000001534,cus_000000500121,2025-08-02,9429.37,paid,USD
in_000001535,cus_000000500121,2025-09-04,9221.14,paid,USD
in_000001536,cus_000000500121,2025-10-04,9972.38,paid,USD
in_000001537,cus_000000500121,2025-11-04,10788.37,paid,USD
in_000001538,cus_000000500121,2025-12-06,9823.22,paid,USD
in_000001539,cus_000000500121,2026-01-04,9892.23,paid,USD
in_000001540,cus_000000500121,2026-02-03,10741.92,paid,USD
in_000001541,cus_000000500121,2026-03-03,10990.42,paid,USD
in_000001542,cus_000000500122,2025-06-15,2744.56,paid,USD
in_000001543,cus_000000500122,2026-06-17,2828.28,paid,USD
in_000001544,cus_000000500123,2025-12-27,2512.89,paid,USD
in_000001545,cus_000000500123,2026-01-27,2434.85,paid,USD
in_000001546,cus_000000500123,2026-02-26,2559.21,paid,USD
in_000001547,cus_000000500123,2026-03-28,2682.03,paid,USD
in_000001548,cus_000000500123,2026-04-24,2843.74,paid,USD
in_000001549,cus_000000500123,2026-05-25,2722.63,paid,USD
in_000001550,cus_000000500123,2026-06-24,2817.27,paid,USD
in_000001551,cus_000000500123,2026-07-26,2867.85,paid,USD
in_000001552,cus_000000500124,2025-05-30,5332.26,paid,USD
in_000001553,cus_000000500124,2026-05-27,5166.22,paid,USD
in_000001554,cus_000000500125,2023-01-02,864.87,paid,USD
in_000001555,cus_000000500125,2023-01-31,727.35,void,USD
in_000001556,cus_000000500125,2023-02-28,785.46,paid,USD
in_000001557,cus_000000500125,2023-04-02,821.35,paid,USD
in_000001558,cus_000000500125,2023-05-04,786.52,paid,USD
in_000001559,cus_000000500125,2023-06-04,862.02,paid,USD
in_000001560,cus_000000500125,2023-07-01,850.90,paid,USD
in_000001561,cus_000000500125,2023-07-30,873.68,paid,USD
in_000001562,cus_000000500125,2023-09-01,844.87,paid,USD
in_000001563,cus_000000500125,2023-09-28,755.13,paid,USD
in_000001564,cus_000000500125,2023-10-31,821.99,paid,USD
in_000001565,cus_000000500125,2023-12-03,819.61,paid,USD
in_000001566,cus_000000500125,2024-01-02,877.46,paid,USD
in_000001567,cus_000000500125,2024-01-30,767.36,paid,USD
in_000001568,cus_000000500125,2024-03-02,855.01,paid,USD
in_000001569,cus_000000500125,2024-04-04,728.25,paid,USD
in_000001570,cus_000000500125,2024-05-04,720.55,paid,USD
in_000001571,cus_000000500125,2024-06-02,847.47,refunded,USD
in_000001572,cus_000000500125,2024-07-03,878.37,paid,USD
in_000001573,cus_000000500125,2024-08-05,849.73,paid,USD
in_000001574,cus_000000500125,2024-09-07,748.75,paid,USD
in_000001575,cus_000000500125,2024-10-04,832.24,paid,USD
in_000001576,cus_000000500125,2024-11-05,827.99,paid,USD
in_000001577,cus_000000500125,2024-12-03,758.31,paid,USD
in_000001578,cus_000000500125,2025-01-01,773.00,paid,USD
in_000001579,cus_000000500125,2025-02-02,861.40,paid,USD
in_000001580,cus_000000500125,2025-03-04,753.52,paid,USD
in_000001581,cus_000000500125,2025-04-03,772.44,paid,USD
in_000001582,cus_000000500125,2025-05-05,774.34,paid,USD
in_000001583,cus_000000500125,2025-06-02,835.96,refunded,USD
in_000001584,cus_000000500125,2025-06-30,790.69,paid,USD
in_000001585,cus_000000500125,2025-07-29,878.96,paid,USD
in_000001586,cus_000000500125,2025-08-25,782.03,paid,USD
in_000001587,cus_000000500125,2025-09-23,793.02,paid,USD
in_000001588,cus_000000500125,2025-10-25,729.59,paid,USD
in_000001589,cus_000000500125,2025-11-23,770.79,paid,USD
in_000001590,cus_000000500125,2025-12-24,827.45,paid,USD
in_000001591,cus_000000500125,2026-01-26,741.29,paid,USD
in_000001592,cus_000000500125,2026-02-28,878.03,paid,USD
in_000001593,cus_000000500125,2026-04-02,734.35,paid,USD
in_000001594,cus_000000500125,2026-05-04,769.20,paid,USD
in_000001595,cus_000000500125,2026-06-03,733.90,paid,USD
in_000001596,cus_000000500125,2026-07-05,842.10,paid,USD
in_000001597,cus_000000500125,2026-08-04,726.46,paid,USD
in_000001598,cus_000000500126,2023-06-02,5485.84,paid,USD
in_000001599,cus_000000500126,2024-06-04,5718.97,paid,USD
in_000001600,cus_000000500126,2025-06-04,5900.24,paid,USD
in_000001601,cus_000000500127,2023-09-15,7744.16,paid,USD
in_000001602,cus_000000500127,2024-09-13,7856.27,paid,USD
in_000001603,cus_000000500127,2025-09-16,7840.50,paid,USD
in_000001604,cus_000000500128,2024-09-22,2471.71,paid,USD
in_000001605,cus_000000500128,2025-09-19,2500.48,paid,USD
in_000001606,cus_000000500130,2022-11-02,746.67,paid,USD
in_000001607,cus_000000500130,2022-11-29,732.94,paid,USD
in_000001608,cus_000000500130,2022-12-29,794.36,paid,USD
in_000001609,cus_000000500130,2023-01-26,670.99,paid,USD
in_000001610,cus_000000500130,2023-02-28,730.10,paid,USD
in_000001611,cus_000000500130,2023-03-30,654.78,paid,USD
in_000001612,cus_000000500130,2023-05-01,703.32,paid,USD
in_000001613,cus_000000500130,2023-05-31,705.02,paid,USD
in_000001614,cus_000000500130,2023-06-27,660.73,paid,USD
in_000001615,cus_000000500130,2023-07-28,683.13,void,USD
in_000001616,cus_000000500130,2023-08-29,717.62,paid,USD
in_000001617,cus_000000500130,2023-09-27,671.13,paid,USD
in_000001618,cus_000000500130,2023-10-27,729.62,failed,USD
in_000001619,cus_000000500130,2023-11-24,759.46,void,USD
in_000001620,cus_000000500130,2023-12-25,709.96,paid,USD
in_000001621,cus_000000500130,2024-01-21,722.01,paid,USD
in_000001622,cus_000000500130,2024-02-17,707.08,paid,USD
in_000001623,cus_000000500130,2024-03-17,752.99,paid,USD
in_000001624,cus_000000500130,2024-04-14,764.27,paid,USD
in_000001625,cus_000000500130,2024-05-17,703.40,paid,USD
in_000001626,cus_000000500130,2024-06-16,741.04,paid,USD
in_000001627,cus_000000500130,2024-07-13,754.88,paid,USD
in_000001628,cus_000000500130,2024-08-09,793.16,paid,USD
in_000001629,cus_000000500130,2024-09-05,653.60,paid,USD
in_000001630,cus_000000500130,2024-10-08,720.28,paid,USD
in_000001631,cus_000000500130,2024-11-08,773.09,refunded,USD
in_000001632,cus_000000500130,2024-12-08,791.59,paid,USD
in_000001633,cus_000000500130,2025-01-04,660.04,paid,USD
in_000001634,cus_000000500130,2025-02-04,673.38,paid,USD
in_000001635,cus_000000500130,2025-03-04,711.77,void,USD
in_000001636,cus_000000500130,2025-03-31,757.24,paid,USD
in_000001637,cus_000000500130,2025-05-03,750.97,paid,USD
in_000001638,cus_000000500130,2025-05-31,680.19,paid,USD
in_000001639,cus_000000500130,2025-06-30,767.74,paid,USD
in_000001640,cus_000000500130,2025-08-02,679.30,paid,USD
in_000001641,cus_000000500130,2025-09-01,669.32,paid,USD
in_000001642,cus_000000500130,2025-10-01,720.26,paid,USD
in_000001643,cus_000000500130,2025-10-29,667.89,paid,USD
in_000001644,cus_000000500130,2025-11-30,683.92,paid,USD
in_000001645,cus_000000500130,2026-01-02,789.60,paid,USD
in_000001646,cus_000000500130,2026-02-02,738.90,paid,USD
in_000001647,cus_000000500130,2026-03-02,713.75,paid,USD
in_000001648,cus_000000500130,2026-03-31,700.25,paid,USD
in_000001649,cus_000000500130,2026-04-28,792.46,paid,USD
in_000001650,cus_000000500130,2026-05-28,734.34,paid,USD
in_000001651,cus_000000500130,2026-06-30,710.62,paid,USD
in_000001652,cus_000000500130,2026-08-02,790.60,void,USD
in_000001653,cus_000000500131,2026-02-27,2239.47,paid,USD
in_000001654,cus_000000500131,2026-03-29,2488.79,paid,USD
in_000001655,cus_000000500131,2026-04-26,2437.67,paid,USD
in_000001656,cus_000000500131,2026-05-26,2200.19,paid,USD
in_000001657,cus_000000500131,2026-06-27,2414.21,paid,USD
in_000001658,cus_000000500131,2026-07-28,2302.06,paid,USD
in_000001659,cus_000000500132,2022-12-21,4529.44,paid,USD
in_000001660,cus_000000500132,2023-01-21,4518.10,paid,USD
in_000001661,cus_000000500132,2023-02-20,4308.11,paid,USD
in_000001662,cus_000000500132,2023-03-25,4796.85,paid,USD
in_000001663,cus_000000500132,2023-04-26,4463.56,paid,USD
in_000001664,cus_000000500132,2023-05-23,4643.93,paid,USD
in_000001665,cus_000000500132,2023-06-22,4147.82,paid,USD
in_000001666,cus_000000500132,2023-07-19,4791.71,paid,USD
in_000001667,cus_000000500132,2023-08-15,4308.47,paid,USD
in_000001668,cus_000000500132,2023-09-17,4776.74,paid,USD
in_000001669,cus_000000500132,2023-10-18,4686.83,paid,USD
in_000001670,cus_000000500132,2023-11-18,4234.73,paid,USD
in_000001671,cus_000000500132,2023-12-15,4274.75,paid,USD
in_000001672,cus_000000500132,2024-01-11,4130.42,paid,USD
in_000001673,cus_000000500132,2024-02-08,3944.82,paid,USD
in_000001674,cus_000000500132,2024-03-08,4026.26,paid,USD
in_000001675,cus_000000500132,2024-04-05,4290.94,paid,USD
in_000001676,cus_000000500132,2024-05-04,4423.52,paid,USD
in_000001677,cus_000000500132,2024-06-03,4197.60,paid,USD
in_000001678,cus_000000500132,2024-07-04,4570.78,paid,USD
in_000001679,cus_000000500132,2024-08-06,4029.46,failed,USD
in_000001680,cus_000000500132,2024-09-08,4287.92,paid,USD
in_000001681,cus_000000500132,2024-10-05,3978.13,paid,USD
in_000001682,cus_000000500132,2024-11-06,4362.83,paid,USD
in_000001683,cus_000000500132,2024-12-09,4016.36,paid,USD
in_000001684,cus_000000500132,2025-01-06,4163.21,paid,USD
in_000001685,cus_000000500132,2025-02-03,4338.15,paid,USD
in_000001686,cus_000000500132,2025-03-07,4076.78,paid,USD
in_000001687,cus_000000500132,2025-04-04,4542.72,paid,USD
in_000001688,cus_000000500132,2025-05-04,4383.58,paid,USD
in_000001689,cus_000000500132,2025-06-06,4142.98,paid,USD
in_000001690,cus_000000500132,2025-07-05,4766.69,paid,USD
in_000001691,cus_000000500132,2025-08-04,4697.72,paid,USD
in_000001692,cus_000000500132,2025-09-04,4784.02,paid,USD
in_000001693,cus_000000500132,2025-10-05,4514.14,paid,USD
in_000001694,cus_000000500132,2025-11-01,4789.55,paid,USD
in_000001695,cus_000000500132,2025-12-02,4563.38,paid,USD
in_000001696,cus_000000500132,2026-01-04,4508.38,paid,USD
in_000001697,cus_000000500132,2026-02-04,4448.25,paid,USD
in_000001698,cus_000000500132,2026-03-06,4567.66,paid,USD
in_000001699,cus_000000500132,2026-04-04,4597.30,paid,USD
in_000001700,cus_000000500132,2026-05-03,4513.74,paid,USD
in_000001701,cus_000000500132,2026-05-30,4761.76,paid,USD
in_000001702,cus_000000500132,2026-06-29,4332.63,refunded,USD
in_000001703,cus_000000500132,2026-07-26,4484.62,void,USD
in_000001704,cus_000000500133,2023-05-20,2819.00,failed,USD
in_000001705,cus_000000500133,2023-06-19,2717.68,paid,USD
in_000001706,cus_000000500133,2023-07-17,2517.45,paid,USD
in_000001707,cus_000000500133,2023-08-14,2839.53,paid,USD
in_000001708,cus_000000500133,2023-09-12,2595.44,paid,USD
in_000001709,cus_000000500133,2023-10-13,2938.97,paid,USD
in_000001710,cus_000000500133,2023-11-11,2663.02,paid,USD
in_000001711,cus_000000500133,2023-12-12,2668.73,paid,USD
in_000001712,cus_000000500133,2024-01-08,2497.59,paid,USD
in_000001713,cus_000000500133,2024-02-06,2790.09,paid,USD
in_000001714,cus_000000500133,2024-03-08,2671.58,paid,USD
in_000001715,cus_000000500133,2024-04-05,2962.87,paid,USD
in_000001716,cus_000000500133,2024-05-02,2945.89,paid,USD
in_000001717,cus_000000500133,2024-06-02,2478.69,paid,USD
in_000001718,cus_000000500133,2024-07-01,2798.39,paid,USD
in_000001719,cus_000000500133,2024-08-02,2544.10,paid,USD
in_000001720,cus_000000500133,2024-08-30,2576.70,paid,USD
in_000001721,cus_000000500133,2024-10-01,2611.65,paid,USD
in_000001722,cus_000000500133,2024-10-31,2737.86,paid,USD
in_000001723,cus_000000500133,2024-12-03,2938.62,paid,USD
in_000001724,cus_000000500133,2025-01-05,2843.16,paid,USD
in_000001725,cus_000000500133,2025-02-01,2803.47,paid,USD
in_000001726,cus_000000500133,2025-03-01,2451.58,paid,USD
in_000001727,cus_000000500133,2025-03-30,2775.12,paid,USD
in_000001728,cus_000000500133,2025-04-30,2745.37,paid,USD
in_000001729,cus_000000500133,2025-06-02,2435.85,refunded,USD
in_000001730,cus_000000500133,2025-07-03,2492.80,paid,USD
in_000001731,cus_000000500133,2025-08-02,2949.70,paid,USD
in_000001732,cus_000000500133,2025-08-30,2447.18,paid,USD
in_000001733,cus_000000500133,2025-10-02,2868.22,void,USD
in_000001734,cus_000000500133,2025-11-03,2867.06,paid,USD
in_000001735,cus_000000500133,2025-11-30,2855.85,paid,USD
in_000001736,cus_000000500133,2025-12-27,2549.37,refunded,USD
in_000001737,cus_000000500133,2026-01-26,2490.29,paid,USD
in_000001738,cus_000000500133,2026-02-25,2756.40,paid,USD
in_000001739,cus_000000500133,2026-03-25,2513.25,paid,USD
in_000001740,cus_000000500133,2026-04-21,2690.13,paid,USD
in_000001741,cus_000000500133,2026-05-22,2801.41,paid,USD
in_000001742,cus_000000500133,2026-06-18,2468.33,refunded,USD
in_000001743,cus_000000500133,2026-07-21,2436.96,paid,USD
in_000001744,cus_000000500133,2026-08-19,2542.03,paid,USD
in_000001745,cus_000000500134,2023-04-08,9584.40,paid,USD
in_000001746,cus_000000500134,2024-04-04,9187.22,paid,USD
in_000001747,cus_000000500134,2025-04-01,9971.88,paid,USD
in_000001748,cus_000000500134,2026-03-29,8880.51,paid,USD
in_000001749,cus_000000500135,2024-01-04,3957.68,paid,USD
in_000001750,cus_000000500135,2025-01-01,3759.55,paid,USD
in_000001751,cus_000000500135,2026-01-03,3249.29,paid,USD
in_000001752,cus_000000500136,2026-03-24,4957.58,paid,USD
in_000001753,cus_000000500136,2026-04-26,4598.58,paid,USD
in_000001754,cus_000000500136,2026-05-23,4795.05,paid,USD
in_000001755,cus_000000500136,2026-06-19,4454.29,paid,USD
in_000001756,cus_000000500136,2026-07-18,4520.83,void,USD
in_000001757,cus_000000500136,2026-08-18,5390.07,paid,USD
in_000001758,cus_000000500137,2023-12-11,3591.83,paid,USD
in_000001759,cus_000000500137,2024-12-11,3241.05,paid,USD
in_000001760,cus_000000500137,2025-12-14,3763.32,paid,USD
in_000001761,cus_000000500139,2025-10-23,65172.79,paid,USD
in_000001762,cus_000000500140,2025-07-20,310.60,paid,USD
in_000001763,cus_000000500140,2025-08-18,270.01,paid,USD
in_000001764,cus_000000500140,2025-09-17,329.18,paid,USD
in_000001765,cus_000000500140,2025-10-15,299.58,paid,USD
in_000001766,cus_000000500140,2025-11-17,293.44,paid,USD
in_000001767,cus_000000500140,2025-12-17,325.93,paid,USD
in_000001768,cus_000000500140,2026-01-17,306.14,paid,USD
in_000001769,cus_000000500140,2026-02-15,297.55,paid,USD
in_000001770,cus_000000500140,2026-03-17,294.39,paid,USD
in_000001771,cus_000000500140,2026-04-19,319.52,paid,USD
in_000001772,cus_000000500140,2026-05-17,312.79,paid,USD
in_000001773,cus_000000500140,2026-06-14,299.76,paid,USD
in_000001774,cus_000000500140,2026-07-12,283.60,paid,USD
in_000001775,cus_000000500140,2026-08-08,308.18,paid,USD
in_000001776,cus_000000500141,2025-12-06,99163.51,paid,USD
in_000001777,cus_000000500142,2022-11-29,8548.92,paid,USD
in_000001778,cus_000000500142,2023-11-27,9695.57,paid,USD
in_000001779,cus_000000500142,2024-11-28,9780.44,paid,USD
in_000001780,cus_000000500144,2024-10-20,325.14,paid,USD
in_000001781,cus_000000500144,2024-11-17,308.91,paid,USD
in_000001782,cus_000000500144,2024-12-19,283.73,paid,USD
in_000001783,cus_000000500144,2025-01-21,285.36,paid,USD
in_000001784,cus_000000500144,2025-02-17,277.44,paid,USD
in_000001785,cus_000000500144,2025-03-22,282.57,paid,USD
in_000001786,cus_000000500144,2025-04-23,286.99,paid,USD
in_000001787,cus_000000500144,2025-05-24,322.01,paid,USD
in_000001788,cus_000000500144,2025-06-23,272.91,paid,USD
in_000001789,cus_000000500144,2025-07-23,300.61,refunded,USD
in_000001790,cus_000000500144,2025-08-19,310.78,paid,USD
in_000001791,cus_000000500144,2025-09-15,327.73,paid,USD
in_000001792,cus_000000500144,2025-10-13,288.63,paid,USD
in_000001793,cus_000000500144,2025-11-13,319.73,paid,USD
in_000001794,cus_000000500144,2025-12-10,320.31,paid,USD
in_000001795,cus_000000500144,2026-01-10,271.99,paid,USD
in_000001796,cus_000000500144,2026-02-10,275.00,paid,USD
in_000001797,cus_000000500144,2026-03-12,302.99,paid,USD
in_000001798,cus_000000500145,2025-10-18,54652.11,paid,USD
in_000001799,cus_000000500146,2023-09-26,17157.10,paid,USD
in_000001800,cus_000000500146,2024-09-23,14895.79,paid,USD
in_000001801,cus_000000500146,2025-09-24,16654.77,paid,USD
in_000001802,cus_000000500147,2025-12-20,33100.56,paid,USD
in_000001803,cus_000000500148,2024-05-21,3934.03,paid,USD
in_000001804,cus_000000500148,2024-06-23,3899.47,paid,USD
in_000001805,cus_000000500148,2024-07-26,4176.33,paid,USD
in_000001806,cus_000000500148,2024-08-25,4204.99,paid,USD
in_000001807,cus_000000500148,2024-09-26,4079.75,paid,USD
in_000001808,cus_000000500148,2024-10-25,4454.71,paid,USD
in_000001809,cus_000000500148,2024-11-27,3897.55,paid,USD
in_000001810,cus_000000500148,2024-12-28,3908.08,paid,USD
in_000001811,cus_000000500149,2023-04-08,2082.01,paid,USD
in_000001812,cus_000000500149,2023-05-10,2127.65,paid,USD
in_000001813,cus_000000500149,2023-06-08,2115.96,paid,USD
in_000001814,cus_000000500149,2023-07-09,2164.89,paid,USD
in_000001815,cus_000000500149,2023-08-10,2460.25,paid,USD
in_000001816,cus_000000500149,2023-09-07,2038.53,paid,USD
in_000001817,cus_000000500149,2023-10-04,2168.71,paid,USD
in_000001818,cus_000000500149,2023-11-05,2407.60,paid,USD
in_000001819,cus_000000500149,2023-12-03,2296.96,paid,USD
in_000001820,cus_000000500149,2024-01-03,2258.21,paid,USD
in_000001821,cus_000000500149,2024-01-30,2255.96,paid,USD
in_000001822,cus_000000500149,2024-03-01,2184.65,refunded,USD
in_000001823,cus_000000500149,2024-04-02,2347.34,paid,USD
in_000001824,cus_000000500149,2024-05-03,2268.53,paid,USD
in_000001825,cus_000000500149,2024-06-03,2360.04,paid,USD
in_000001826,cus_000000500149,2024-07-05,2360.78,paid,USD
in_000001827,cus_000000500149,2024-08-02,2406.90,paid,USD
in_000001828,cus_000000500149,2024-08-31,2180.91,paid,USD
in_000001829,cus_000000500149,2024-09-28,2334.97,paid,USD
in_000001830,cus_000000500149,2024-10-30,2159.49,paid,USD
in_000001831,cus_000000500149,2024-12-02,2361.04,paid,USD
in_000001832,cus_000000500149,2024-12-29,2090.30,paid,USD
in_000001833,cus_000000500149,2025-01-26,2423.89,paid,USD
in_000001834,cus_000000500149,2025-02-25,2109.19,paid,USD
in_000001835,cus_000000500149,2025-03-27,2045.90,paid,USD
in_000001836,cus_000000500149,2025-04-25,2394.57,paid,USD
in_000001837,cus_000000500149,2025-05-24,2289.31,paid,USD
in_000001838,cus_000000500149,2025-06-24,2295.39,paid,USD
in_000001839,cus_000000500149,2025-07-21,2310.96,paid,USD
in_000001840,cus_000000500149,2025-08-19,2053.28,paid,USD
in_000001841,cus_000000500149,2025-09-15,2455.61,paid,USD
in_000001842,cus_000000500149,2025-10-16,2308.12,paid,USD
in_000001843,cus_000000500149,2025-11-17,2182.35,paid,USD
in_000001844,cus_000000500149,2025-12-16,2480.02,paid,USD
in_000001845,cus_000000500149,2026-01-15,2074.90,paid,USD
in_000001846,cus_000000500149,2026-02-12,2073.02,paid,USD
in_000001847,cus_000000500149,2026-03-12,2456.63,paid,USD
in_000001848,cus_000000500149,2026-04-13,2168.01,paid,USD
in_000001849,cus_000000500149,2026-05-16,2312.14,paid,USD
in_000001850,cus_000000500149,2026-06-17,2119.81,paid,USD
in_000001851,cus_000000500149,2026-07-16,2360.53,paid,USD
in_000001852,cus_000000500149,2026-08-12,2395.43,paid,USD
in_000001853,cus_000000500150,2023-11-10,360.19,paid,USD
in_000001854,cus_000000500150,2023-12-07,360.91,paid,USD
in_000001855,cus_000000500150,2024-01-07,422.84,paid,USD
in_000001856,cus_000000500150,2024-02-08,420.16,paid,USD
in_000001857,cus_000000500150,2024-03-07,420.02,paid,USD
in_000001858,cus_000000500150,2024-04-05,348.72,refunded,USD
in_000001859,cus_000000500150,2024-05-03,373.99,paid,USD
in_000001860,cus_000000500150,2024-06-03,380.07,paid,USD
in_000001861,cus_000000500150,2024-07-02,369.37,paid,USD
in_000001862,cus_000000500150,2024-07-29,402.57,paid,USD
in_000001863,cus_000000500150,2024-08-25,418.37,paid,USD
in_000001864,cus_000000500150,2024-09-24,393.82,paid,USD
in_000001865,cus_000000500150,2024-10-22,375.15,paid,USD
in_000001866,cus_000000500150,2024-11-23,403.34,paid,USD
in_000001867,cus_000000500150,2024-12-24,360.48,paid,USD
in_000001868,cus_000000500150,2025-01-22,383.04,paid,USD
in_000001869,cus_000000500150,2025-02-18,393.78,paid,USD
in_000001870,cus_000000500150,2025-03-22,363.40,paid,USD
in_000001871,cus_000000500150,2025-04-18,400.16,paid,USD
in_000001872,cus_000000500150,2025-05-17,415.67,paid,USD
in_000001873,cus_000000500150,2025-06-17,379.04,failed,USD
in_000001874,cus_000000500150,2025-07-20,369.73,paid,USD
in_000001875,cus_000000500150,2025-08-18,395.08,paid,USD
in_000001876,cus_000000500150,2025-09-16,418.15,paid,USD
in_000001877,cus_000000500150,2025-10-18,381.02,paid,USD
in_000001878,cus_000000500150,2025-11-17,352.78,paid,USD
in_000001879,cus_000000500150,2025-12-20,367.85,paid,USD
in_000001880,cus_000000500150,2026-01-17,418.29,paid,USD
in_000001881,cus_000000500150,2026-02-15,422.59,paid,USD
in_000001882,cus_000000500150,2026-03-20,379.01,paid,USD
in_000001883,cus_000000500150,2026-04-17,382.85,paid,USD
in_000001884,cus_000000500150,2026-05-18,393.66,paid,USD
in_000001885,cus_000000500150,2026-06-15,420.99,paid,USD
in_000001886,cus_000000500150,2026-07-13,384.59,paid,USD
in_000001887,cus_000000500150,2026-08-10,366.19,paid,USD
in_000001888,cus_000000500151,2023-03-15,1231.64,paid,USD
in_000001889,cus_000000500151,2023-04-15,1301.35,paid,USD
in_000001890,cus_000000500151,2023-05-12,1448.98,paid,USD
in_000001891,cus_000000500151,2023-06-12,1465.60,paid,USD
in_000001892,cus_000000500151,2023-07-10,1367.26,paid,USD
in_000001893,cus_000000500151,2023-08-09,1444.12,paid,USD
in_000001894,cus_000000500151,2023-09-05,1269.40,paid,USD
in_000001895,cus_000000500151,2023-10-08,1317.96,failed,USD
in_000001896,cus_000000500151,2023-11-07,1318.20,paid,USD
in_000001897,cus_000000500151,2023-12-10,1432.98,paid,USD
in_000001898,cus_000000500151,2024-01-06,1316.80,paid,USD
in_000001899,cus_000000500151,2024-02-05,1251.92,paid,USD
in_000001900,cus_000000500151,2024-03-04,1212.37,paid,USD
in_000001901,cus_000000500151,2024-04-05,1300.03,paid,USD
in_000001902,cus_000000500151,2024-05-08,1347.16,paid,USD
in_000001903,cus_000000500151,2024-06-09,1321.89,void,USD
in_000001904,cus_000000500151,2024-07-07,1400.98,paid,USD
in_000001905,cus_000000500151,2024-08-09,1400.54,paid,USD
in_000001906,cus_000000500151,2024-09-05,1219.21,paid,USD
in_000001907,cus_000000500151,2024-10-03,1359.65,paid,USD
in_000001908,cus_000000500151,2024-11-02,1230.53,paid,USD
in_000001909,cus_000000500151,2024-12-01,1314.41,paid,USD
in_000001910,cus_000000500151,2025-01-03,1252.10,paid,USD
in_000001911,cus_000000500151,2025-02-03,1232.13,paid,USD
in_000001912,cus_000000500151,2025-03-06,1281.64,paid,USD
in_000001913,cus_000000500151,2025-04-05,1306.35,paid,USD
in_000001914,cus_000000500151,2025-05-05,1311.15,paid,USD
in_000001915,cus_000000500151,2025-06-06,1277.68,paid,USD
in_000001916,cus_000000500151,2025-07-03,1401.44,paid,USD
in_000001917,cus_000000500151,2025-08-05,1252.96,paid,USD
in_000001918,cus_000000500151,2025-09-04,1235.40,paid,USD
in_000001919,cus_000000500151,2025-10-03,1394.04,paid,USD
in_000001920,cus_000000500151,2025-11-01,1436.17,paid,USD
in_000001921,cus_000000500151,2025-12-01,1240.07,paid,USD
in_000001922,cus_000000500151,2026-01-03,1450.47,paid,USD
in_000001923,cus_000000500151,2026-01-31,1300.58,paid,USD
in_000001924,cus_000000500151,2026-03-03,1427.95,paid,USD
in_000001925,cus_000000500151,2026-04-02,1240.69,paid,USD
in_000001926,cus_000000500151,2026-05-03,1446.73,paid,USD
in_000001927,cus_000000500151,2026-05-30,1371.86,paid,USD
in_000001928,cus_000000500151,2026-06-26,1298.03,refunded,USD
in_000001929,cus_000000500151,2026-07-25,1214.56,paid,USD
in_000001930,cus_000000500152,2025-01-27,51448.15,paid,USD
in_000001931,cus_000000500152,2026-01-29,48435.46,paid,USD
in_000001932,cus_000000500153,2025-01-11,45363.67,paid,USD
in_000001933,cus_000000500153,2026-01-13,50889.45,paid,USD
in_000001934,cus_000000500154,2023-03-02,3445.32,paid,USD
in_000001935,cus_000000500154,2024-02-28,3712.20,paid,USD
in_000001936,cus_000000500154,2025-03-02,3770.30,refunded,USD
in_000001937,cus_000000500154,2026-03-02,3482.45,paid,USD
in_000001938,cus_000000500155,2023-08-31,396.76,paid,USD
in_000001939,cus_000000500155,2023-09-29,401.03,paid,USD
in_000001940,cus_000000500155,2023-10-26,362.92,paid,USD
in_000001941,cus_000000500155,2023-11-23,351.93,paid,USD
in_000001942,cus_000000500155,2023-12-22,356.54,paid,USD
in_000001943,cus_000000500155,2024-01-23,387.37,paid,USD
in_000001944,cus_000000500155,2024-02-22,398.92,paid,USD
in_000001945,cus_000000500155,2024-03-20,376.54,paid,USD
in_000001946,cus_000000500155,2024-04-20,367.29,paid,USD
in_000001947,cus_000000500155,2024-05-17,381.01,paid,USD
in_000001948,cus_000000500155,2024-06-15,387.96,paid,USD
in_000001949,cus_000000500155,2024-07-16,407.87,paid,USD
in_000001950,cus_000000500155,2024-08-16,393.96,paid,USD
in_000001951,cus_000000500155,2024-09-16,392.20,paid,USD
in_000001952,cus_000000500155,2024-10-16,375.96,paid,USD
in_000001953,cus_000000500155,2024-11-18,384.02,paid,USD
in_000001954,cus_000000500155,2024-12-16,375.16,paid,USD
in_000001955,cus_000000500155,2025-01-17,407.96,paid,USD
in_000001956,cus_000000500155,2025-02-15,418.97,paid,USD
in_000001957,cus_000000500155,2025-03-16,353.21,paid,USD
in_000001958,cus_000000500155,2025-04-16,381.62,paid,USD
in_000001959,cus_000000500155,2025-05-18,409.08,paid,USD
in_000001960,cus_000000500155,2025-06-19,407.31,paid,USD
in_000001961,cus_000000500155,2025-07-17,350.99,paid,USD
in_000001962,cus_000000500155,2025-08-17,403.86,paid,USD
in_000001963,cus_000000500155,2025-09-19,420.05,paid,USD
in_000001964,cus_000000500155,2025-10-16,421.58,paid,USD
in_000001965,cus_000000500155,2025-11-14,391.91,paid,USD
in_000001966,cus_000000500155,2025-12-14,401.27,paid,USD
in_000001967,cus_000000500155,2026-01-16,348.96,paid,USD
in_000001968,cus_000000500155,2026-02-17,349.16,paid,USD
in_000001969,cus_000000500155,2026-03-19,369.59,paid,USD
in_000001970,cus_000000500155,2026-04-21,382.00,paid,USD
in_000001971,cus_000000500155,2026-05-18,417.08,paid,USD
in_000001972,cus_000000500155,2026-06-20,371.67,paid,USD
in_000001973,cus_000000500155,2026-07-21,393.81,paid,USD
in_000001974,cus_000000500155,2026-08-19,391.96,paid,USD
in_000001975,cus_000000500156,2023-10-15,15805.31,void,USD
in_000001976,cus_000000500156,2024-10-12,15170.56,paid,USD
in_000001977,cus_000000500156,2025-10-13,15477.70,paid,USD
in_000001978,cus_000000500157,2023-01-24,67508.36,paid,USD
in_000001979,cus_000000500157,2024-01-26,60521.51,paid,USD
in_000001980,cus_000000500157,2025-01-25,72095.35,refunded,USD
in_000001981,cus_000000500157,2026-01-26,63020.19,paid,USD
in_000001982,cus_000000500158,2025-12-11,8734.17,paid,USD
in_000001983,cus_000000500159,2023-11-07,8580.74,paid,USD
in_000001984,cus_000000500159,2023-12-06,7771.66,paid,USD
in_000001985,cus_000000500159,2024-01-03,8500.02,void,USD
in_000001986,cus_000000500159,2024-02-04,8379.39,paid,USD
in_000001987,cus_000000500159,2024-03-05,7540.14,paid,USD
in_000001988,cus_000000500159,2024-04-04,8629.28,paid,USD
in_000001989,cus_000000500159,2024-05-02,8004.00,paid,USD
in_000001990,cus_000000500159,2024-06-04,7871.70,paid,USD
in_000001991,cus_000000500159,2024-07-03,8476.19,paid,USD
in_000001992,cus_000000500159,2024-08-02,7342.25,paid,USD
in_000001993,cus_000000500159,2024-08-31,8537.88,paid,USD
in_000001994,cus_000000500159,2024-10-02,7631.01,paid,USD
in_000001995,cus_000000500159,2024-11-02,8481.13,paid,USD
in_000001996,cus_000000500159,2024-12-02,8640.55,paid,USD
in_000001997,cus_000000500159,2025-01-02,7779.84,paid,USD
in_000001998,cus_000000500159,2025-01-30,8310.19,paid,USD
in_000001999,cus_000000500159,2025-03-02,8003.26,paid,USD
in_000002000,cus_000000500159,2025-04-03,7638.10,paid,USD
in_000002001,cus_000000500159,2025-05-03,8029.07,paid,USD
in_000002002,cus_000000500159,2025-06-04,8396.85,paid,USD
in_000002003,cus_000000500159,2025-07-02,8054.37,paid,USD
in_000002004,cus_000000500159,2025-08-03,8063.46,paid,USD
in_000002005,cus_000000500159,2025-09-01,8685.61,paid,USD
in_000002006,cus_000000500159,2025-10-04,8562.77,paid,USD
in_000002007,cus_000000500159,2025-11-06,7251.93,paid,USD
in_000002008,cus_000000500159,2025-12-03,8426.84,paid,USD
in_000002009,cus_000000500159,2025-12-31,8217.05,paid,USD
in_000002010,cus_000000500159,2026-01-29,8434.66,refunded,USD
in_000002011,cus_000000500159,2026-03-01,7600.89,paid,USD
in_000002012,cus_000000500159,2026-03-31,8389.24,paid,USD
in_000002013,cus_000000500159,2026-04-28,7633.53,paid,USD
in_000002014,cus_000000500159,2026-05-31,7557.22,paid,USD
in_000002015,cus_000000500160,2024-03-28,2539.24,paid,USD
in_000002016,cus_000000500160,2024-04-24,2647.84,failed,USD
in_000002017,cus_000000500160,2024-05-24,2298.69,paid,USD
in_000002018,cus_000000500160,2024-06-24,2651.21,paid,USD
in_000002019,cus_000000500160,2024-07-24,2553.38,paid,USD
in_000002020,cus_000000500160,2024-08-26,2416.36,paid,USD
in_000002021,cus_000000500160,2024-09-26,2557.76,paid,USD
in_000002022,cus_000000500160,2024-10-25,2222.80,paid,USD
in_000002023,cus_000000500160,2024-11-27,2541.52,paid,USD
in_000002024,cus_000000500160,2024-12-24,2637.49,paid,USD
in_000002025,cus_000000500160,2025-01-26,2508.98,paid,USD
in_000002026,cus_000000500160,2025-02-28,2263.91,paid,USD
in_000002027,cus_000000500160,2025-03-28,2599.35,paid,USD
in_000002028,cus_000000500160,2025-04-27,2650.14,paid,USD
in_000002029,cus_000000500160,2025-05-29,2318.95,paid,USD
in_000002030,cus_000000500160,2025-06-26,2411.91,paid,USD
in_000002031,cus_000000500160,2025-07-25,2260.37,paid,USD
in_000002032,cus_000000500160,2025-08-27,2689.98,paid,USD
in_000002033,cus_000000500160,2025-09-23,2372.85,paid,USD
in_000002034,cus_000000500160,2025-10-23,2417.20,paid,USD
in_000002035,cus_000000500160,2025-11-24,2215.45,paid,USD
in_000002036,cus_000000500160,2025-12-25,2257.58,paid,USD
in_000002037,cus_000000500160,2026-01-27,2577.04,paid,USD
in_000002038,cus_000000500160,2026-02-25,2342.09,paid,USD
in_000002039,cus_000000500160,2026-03-28,2389.32,paid,USD
in_000002040,cus_000000500160,2026-04-27,2566.49,paid,USD
in_000002041,cus_000000500160,2026-05-28,2502.02,paid,USD
in_000002042,cus_000000500160,2026-06-26,2426.52,paid,USD
in_000002043,cus_000000500160,2026-07-25,2448.65,paid,USD
in_000002044,cus_000000500161,2023-06-04,426.19,paid,USD
in_000002045,cus_000000500161,2023-07-03,418.57,paid,USD
in_000002046,cus_000000500161,2023-07-30,422.86,paid,USD
in_000002047,cus_000000500161,2023-08-27,401.30,paid,USD
in_000002048,cus_000000500161,2023-09-25,456.69,paid,USD
in_000002049,cus_000000500161,2023-10-26,439.47,paid,USD
in_000002050,cus_000000500161,2023-11-24,466.12,paid,USD
in_000002051,cus_000000500161,2023-12-23,444.38,paid,USD
in_000002052,cus_000000500161,2024-01-23,384.90,paid,USD
in_000002053,cus_000000500161,2024-02-19,464.56,paid,USD
in_000002054,cus_000000500161,2024-03-20,430.27,void,USD
in_000002055,cus_000000500161,2024-04-19,430.63,paid,USD
in_000002056,cus_000000500161,2024-05-20,468.26,paid,USD
in_000002057,cus_000000500161,2024-06-16,424.69,paid,USD
in_000002058,cus_000000500161,2024-07-15,420.87,paid,USD
in_000002059,cus_000000500161,2024-08-14,390.10,paid,USD
in_000002060,cus_000000500161,2024-09-14,412.11,paid,USD
in_000002061,cus_000000500161,2024-10-13,389.45,paid,USD
in_000002062,cus_000000500161,2024-11-12,424.53,paid,USD
in_000002063,cus_000000500161,2024-12-12,427.68,paid,USD
in_000002064,cus_000000500161,2025-01-08,418.64,paid,USD
in_000002065,cus_000000500161,2025-02-09,422.07,paid,USD
in_000002066,cus_000000500161,2025-03-11,394.98,paid,USD
in_000002067,cus_000000500161,2025-04-10,402.80,paid,USD
in_000002068,cus_000000500161,2025-05-08,464.58,paid,USD
in_000002069,cus_000000500161,2025-06-07,468.14,paid,USD
in_000002070,cus_000000500161,2025-07-10,416.33,paid,USD
in_000002071,cus_000000500161,2025-08-11,425.92,paid,USD
in_000002072,cus_000000500161,2025-09-09,412.72,paid,USD
in_000002073,cus_000000500161,2025-10-07,459.00,paid,USD
in_000002074,cus_000000500161,2025-11-03,460.36,paid,USD
in_000002075,cus_000000500161,2025-12-03,410.73,paid,USD
in_000002076,cus_000000500161,2025-12-31,467.32,paid,USD
in_000002077,cus_000000500161,2026-01-30,453.52,paid,USD
in_000002078,cus_000000500161,2026-02-28,451.29,paid,USD
in_000002079,cus_000000500161,2026-03-27,439.53,paid,USD
in_000002080,cus_000000500161,2026-04-26,394.21,paid,USD
in_000002081,cus_000000500161,2026-05-26,442.07,paid,USD
in_000002082,cus_000000500161,2026-06-22,403.50,paid,USD
in_000002083,cus_000000500161,2026-07-23,412.52,paid,USD
in_000002084,cus_000000500162,2023-10-04,1078.66,paid,USD
in_000002085,cus_000000500162,2023-11-03,1134.18,paid,USD
in_000002086,cus_000000500162,2023-12-04,1137.00,paid,USD
in_000002087,cus_000000500162,2024-01-05,1274.73,paid,USD
in_000002088,cus_000000500162,2024-02-02,1065.71,paid,USD
in_000002089,cus_000000500162,2024-03-01,1110.15,paid,USD
in_000002090,cus_000000500162,2024-04-02,1150.80,paid,USD
in_000002091,cus_000000500162,2024-05-04,1273.17,paid,USD
in_000002092,cus_000000500162,2024-06-06,1084.27,paid,USD
in_000002093,cus_000000500162,2024-07-04,1096.03,paid,USD
in_000002094,cus_000000500162,2024-08-04,1101.61,paid,USD
in_000002095,cus_000000500162,2024-09-03,1261.43,paid,USD
in_000002096,cus_000000500162,2024-10-06,1167.59,refunded,USD
in_000002097,cus_000000500162,2024-11-03,1171.78,paid,USD
in_000002098,cus_000000500162,2024-12-01,1181.52,paid,USD
in_000002099,cus_000000500162,2025-01-02,1101.82,paid,USD
in_000002100,cus_000000500162,2025-02-03,1221.23,paid,USD
in_000002101,cus_000000500162,2025-03-06,1139.77,paid,USD
in_000002102,cus_000000500162,2025-04-05,1116.85,paid,USD
in_000002103,cus_000000500162,2025-05-03,1055.18,paid,USD
in_000002104,cus_000000500162,2025-06-02,1228.45,paid,USD
in_000002105,cus_000000500162,2025-07-02,1061.88,paid,USD
in_000002106,cus_000000500162,2025-08-01,1101.12,paid,USD
in_000002107,cus_000000500162,2025-08-28,1196.96,paid,USD
in_000002108,cus_000000500162,2025-09-28,1182.72,paid,USD
in_000002109,cus_000000500162,2025-10-30,1106.50,paid,USD
in_000002110,cus_000000500162,2025-11-28,1205.24,paid,USD
in_000002111,cus_000000500162,2025-12-25,1130.36,paid,USD
in_000002112,cus_000000500162,2026-01-24,1142.74,paid,USD
in_000002113,cus_000000500162,2026-02-20,1244.59,paid,USD
in_000002114,cus_000000500162,2026-03-21,1095.28,paid,USD
in_000002115,cus_000000500162,2026-04-17,1059.09,paid,USD
in_000002116,cus_000000500163,2024-07-19,2644.32,paid,USD
in_000002117,cus_000000500163,2024-08-21,2756.35,paid,USD
in_000002118,cus_000000500163,2024-09-19,2935.77,paid,USD
in_000002119,cus_000000500163,2024-10-16,2915.76,paid,USD
in_000002120,cus_000000500163,2024-11-12,3056.05,paid,USD
in_000002121,cus_000000500163,2024-12-14,3045.35,paid,USD
in_000002122,cus_000000500163,2025-01-16,2596.40,paid,USD
in_000002123,cus_000000500163,2025-02-18,2818.65,paid,USD
in_000002124,cus_000000500163,2025-03-20,2600.93,paid,USD
in_000002125,cus_000000500163,2025-04-19,2595.44,refunded,USD
in_000002126,cus_000000500163,2025-05-18,2847.84,paid,USD
in_000002127,cus_000000500163,2025-06-20,3096.36,paid,USD
in_000002128,cus_000000500163,2025-07-20,2801.45,paid,USD
in_000002129,cus_000000500163,2025-08-19,2935.84,paid,USD
in_000002130,cus_000000500163,2025-09-19,2952.08,paid,USD
in_000002131,cus_000000500163,2025-10-21,2634.88,paid,USD
in_000002132,cus_000000500163,2025-11-19,2888.41,paid,USD
in_000002133,cus_000000500163,2025-12-17,2624.70,paid,USD
in_000002134,cus_000000500163,2026-01-14,2637.42,paid,USD
in_000002135,cus_000000500163,2026-02-15,2873.36,paid,USD
in_000002136,cus_000000500163,2026-03-17,2707.33,paid,USD
in_000002137,cus_000000500163,2026-04-15,3097.36,paid,USD
in_000002138,cus_000000500163,2026-05-14,2751.59,paid,USD
in_000002139,cus_000000500163,2026-06-15,3055.12,paid,USD
in_000002140,cus_000000500163,2026-07-17,2835.22,paid,USD
in_000002141,cus_000000500163,2026-08-13,2814.28,paid,USD
in_000002142,cus_000000500164,2024-07-16,3001.00,void,USD
in_000002143,cus_000000500164,2024-08-12,2753.72,paid,USD
in_000002144,cus_000000500164,2024-09-11,3008.99,paid,USD
in_000002145,cus_000000500164,2024-10-08,3036.93,paid,USD
in_000002146,cus_000000500164,2024-11-08,2944.23,failed,USD
in_000002147,cus_000000500164,2024-12-11,2829.07,paid,USD
in_000002148,cus_000000500164,2025-01-08,2902.05,paid,USD
in_000002149,cus_000000500164,2025-02-10,2981.66,paid,USD
in_000002150,cus_000000500164,2025-03-11,2595.76,paid,USD
in_000002151,cus_000000500164,2025-04-10,2639.07,paid,USD
in_000002152,cus_000000500164,2025-05-12,2572.97,paid,USD
in_000002153,cus_000000500164,2025-06-10,2872.42,paid,USD
in_000002154,cus_000000500164,2025-07-07,2547.82,paid,USD
in_000002155,cus_000000500164,2025-08-05,2765.92,paid,USD
in_000002156,cus_000000500164,2025-09-07,2669.06,paid,USD
in_000002157,cus_000000500164,2025-10-04,2783.76,paid,USD
in_000002158,cus_000000500164,2025-11-03,2765.67,paid,USD
in_000002159,cus_000000500164,2025-12-06,3066.39,paid,USD
in_000002160,cus_000000500164,2026-01-03,2759.53,paid,USD
in_000002161,cus_000000500164,2026-02-04,3065.30,paid,USD
in_000002162,cus_000000500164,2026-03-08,2973.31,paid,USD
in_000002163,cus_000000500164,2026-04-07,2813.68,paid,USD
in_000002164,cus_000000500164,2026-05-07,2574.27,paid,USD
in_000002165,cus_000000500164,2026-06-07,2827.46,paid,USD
in_000002166,cus_000000500164,2026-07-07,2927.13,paid,USD
in_000002167,cus_000000500164,2026-08-06,2882.44,paid,USD
in_000002168,cus_000000500165,2023-10-21,11772.74,paid,USD
in_000002169,cus_000000500165,2024-10-17,13331.67,paid,USD
in_000002170,cus_000000500165,2025-10-17,12842.92,paid,USD
in_000002171,cus_000000500166,2026-08-09,290.23,paid,USD
in_000002172,cus_000000500167,2023-08-09,274.63,paid,USD
in_000002173,cus_000000500167,2023-09-11,279.24,paid,USD
in_000002174,cus_000000500167,2023-10-10,275.81,paid,USD
in_000002175,cus_000000500167,2023-11-12,290.30,paid,USD
in_000002176,cus_000000500167,2023-12-13,317.66,paid,USD
in_000002177,cus_000000500167,2024-01-12,270.37,paid,USD
in_000002178,cus_000000500167,2024-02-10,320.67,paid,USD
in_000002179,cus_000000500167,2024-03-12,294.99,paid,USD
in_000002180,cus_000000500167,2024-04-10,319.82,paid,USD
in_000002181,cus_000000500167,2024-05-08,328.32,refunded,USD
in_000002182,cus_000000500167,2024-06-10,279.77,paid,USD
in_000002183,cus_000000500167,2024-07-08,272.94,void,USD
in_000002184,cus_000000500167,2024-08-04,323.60,paid,USD
in_000002185,cus_000000500167,2024-08-31,284.60,paid,USD
in_000002186,cus_000000500167,2024-10-01,299.46,paid,USD
in_000002187,cus_000000500167,2024-10-28,270.89,paid,USD
in_000002188,cus_000000500167,2024-11-25,324.42,paid,USD
in_000002189,cus_000000500167,2024-12-25,297.14,paid,USD
in_000002190,cus_000000500167,2025-01-25,303.46,paid,USD
in_000002191,cus_000000500167,2025-02-27,287.35,paid,USD
in_000002192,cus_000000500167,2025-03-28,316.14,paid,USD
in_000002193,cus_000000500167,2025-04-30,296.16,paid,USD
in_000002194,cus_000000500167,2025-06-01,323.58,paid,USD
in_000002195,cus_000000500167,2025-06-28,278.11,paid,USD
in_000002196,cus_000000500167,2025-07-29,308.17,paid,USD
in_000002197,cus_000000500167,2025-08-27,321.16,paid,USD
in_000002198,cus_000000500167,2025-09-27,326.57,paid,USD
in_000002199,cus_000000500167,2025-10-30,277.96,paid,USD
in_000002200,cus_000000500167,2025-11-29,281.82,paid,USD
in_000002201,cus_000000500167,2025-12-28,319.03,paid,USD
in_000002202,cus_000000500167,2026-01-26,289.98,paid,USD
in_000002203,cus_000000500167,2026-02-23,279.28,paid,USD
in_000002204,cus_000000500167,2026-03-24,278.05,paid,USD
in_000002205,cus_000000500167,2026-04-25,299.85,paid,USD
in_000002206,cus_000000500167,2026-05-28,276.72,paid,USD
in_000002207,cus_000000500167,2026-06-29,307.96,paid,USD
in_000002208,cus_000000500167,2026-07-27,279.13,paid,USD
in_000002209,cus_000000500168,2023-05-02,28942.70,paid,USD
in_000002210,cus_000000500168,2024-04-29,24792.26,paid,USD
in_000002211,cus_000000500168,2025-04-28,25655.25,paid,USD
in_000002212,cus_000000500168,2026-04-28,26949.55,paid,USD
in_000002213,cus_000000500170,2023-06-29,3322.73,refunded,USD
in_000002214,cus_000000500170,2024-07-01,3326.32,paid,USD
in_000002215,cus_000000500170,2025-06-29,3180.29,paid,USD
in_000002216,cus_000000500170,2026-06-27,3483.49,paid,USD
in_000002217,cus_000000500172,2024-08-04,2558.32,paid,USD
in_000002218,cus_000000500172,2025-08-01,2635.35,paid,USD
in_000002219,cus_000000500172,2026-08-03,2925.63,paid,USD
in_000002220,cus_000000500173,2024-02-23,1195.25,paid,USD
in_000002221,cus_000000500173,2024-03-25,1382.29,paid,USD
in_000002222,cus_000000500173,2024-04-23,1179.60,refunded,USD
in_000002223,cus_000000500173,2024-05-24,1244.83,paid,USD
in_000002224,cus_000000500173,2024-06-23,1201.82,paid,USD
in_000002225,cus_000000500173,2024-07-21,1255.33,paid,USD
in_000002226,cus_000000500173,2024-08-21,1277.12,paid,USD
in_000002227,cus_000000500173,2024-09-19,1286.21,paid,USD
in_000002228,cus_000000500173,2024-10-16,1151.62,paid,USD
in_000002229,cus_000000500173,2024-11-12,1334.37,paid,USD
in_000002230,cus_000000500173,2024-12-15,1370.34,paid,USD
in_000002231,cus_000000500173,2025-01-15,1339.03,paid,USD
in_000002232,cus_000000500173,2025-02-16,1293.97,paid,USD
in_000002233,cus_000000500173,2025-03-17,1362.11,paid,USD
in_000002234,cus_000000500173,2025-04-15,1256.38,refunded,USD
in_000002235,cus_000000500173,2025-05-13,1153.68,paid,USD
in_000002236,cus_000000500173,2025-06-14,1380.95,paid,USD
in_000002237,cus_000000500173,2025-07-17,1181.17,paid,USD
in_000002238,cus_000000500173,2025-08-17,1401.29,paid,USD
in_000002239,cus_000000500173,2025-09-15,1356.17,paid,USD
in_000002240,cus_000000500173,2025-10-12,1178.72,paid,USD
in_000002241,cus_000000500173,2025-11-12,1307.99,paid,USD
in_000002242,cus_000000500173,2025-12-15,1263.28,paid,USD
in_000002243,cus_000000500173,2026-01-17,1262.44,paid,USD
in_000002244,cus_000000500173,2026-02-16,1333.52,refunded,USD
in_000002245,cus_000000500173,2026-03-20,1387.11,paid,USD
in_000002246,cus_000000500173,2026-04-20,1273.44,paid,USD
in_000002247,cus_000000500173,2026-05-23,1152.68,paid,USD
in_000002248,cus_000000500174,2024-08-07,60074.83,failed,USD
in_000002249,cus_000000500174,2025-08-09,69623.91,paid,USD
in_000002250,cus_000000500174,2026-08-07,60580.79,refunded,USD
in_000002251,cus_000000500175,2025-07-22,4064.82,refunded,USD
in_000002252,cus_000000500175,2025-08-24,4452.59,paid,USD
in_000002253,cus_000000500175,2025-09-22,4242.13,paid,USD
in_000002254,cus_000000500175,2025-10-20,4033.84,paid,USD
in_000002255,cus_000000500175,2025-11-20,4330.75,paid,USD
in_000002256,cus_000000500175,2025-12-23,4669.93,paid,USD
in_000002257,cus_000000500175,2026-01-20,4215.12,paid,USD
in_000002258,cus_000000500175,2026-02-22,4566.49,paid,USD
in_000002259,cus_000000500175,2026-03-27,4195.88,paid,USD
in_000002260,cus_000000500175,2026-04-26,4179.16,paid,USD
in_000002261,cus_000000500175,2026-05-26,4757.72,paid,USD
in_000002262,cus_000000500175,2026-06-26,4037.53,failed,USD
in_000002263,cus_000000500175,2026-07-25,4447.69,paid,USD
in_000002264,cus_000000500176,2024-05-17,424.92,paid,USD
in_000002265,cus_000000500176,2024-06-14,491.00,paid,USD
in_000002266,cus_000000500176,2024-07-16,443.67,paid,USD
in_000002267,cus_000000500176,2024-08-17,491.02,paid,USD
in_000002268,cus_000000500176,2024-09-18,452.29,paid,USD
in_000002269,cus_000000500176,2024-10-15,421.34,paid,USD
in_000002270,cus_000000500176,2024-11-15,411.71,paid,USD
in_000002271,cus_000000500176,2024-12-15,490.03,paid,USD
in_000002272,cus_000000500176,2025-01-14,424.39,paid,USD
in_000002273,cus_000000500176,2025-02-16,437.04,paid,USD
in_000002274,cus_000000500176,2025-03-19,477.57,paid,USD
in_000002275,cus_000000500176,2025-04-17,443.78,refunded,USD
in_000002276,cus_000000500176,2025-05-17,432.53,paid,USD
in_000002277,cus_000000500176,2025-06-19,435.94,paid,USD
in_000002278,cus_000000500176,2025-07-18,472.00,paid,USD
in_000002279,cus_000000500176,2025-08-17,442.13,paid,USD
in_000002280,cus_000000500176,2025-09-15,439.61,paid,USD
in_000002281,cus_000000500176,2025-10-14,450.05,paid,USD
in_000002282,cus_000000500176,2025-11-16,417.74,paid,USD
in_000002283,cus_000000500176,2025-12-18,413.49,paid,USD
in_000002284,cus_000000500176,2026-01-17,418.99,paid,USD
in_000002285,cus_000000500176,2026-02-17,487.00,paid,USD
in_000002286,cus_000000500176,2026-03-20,423.69,paid,USD
in_000002287,cus_000000500176,2026-04-20,491.49,paid,USD
in_000002288,cus_000000500176,2026-05-23,455.01,paid,USD
in_000002289,cus_000000500176,2026-06-20,445.68,paid,USD
in_000002290,cus_000000500176,2026-07-18,473.71,paid,USD
in_000002291,cus_000000500176,2026-08-20,460.31,paid,USD
in_000002292,cus_000000500177,2022-10-30,1988.38,paid,USD
in_000002293,cus_000000500177,2022-11-26,2070.18,paid,USD
in_000002294,cus_000000500177,2022-12-29,1995.19,paid,USD
in_000002295,cus_000000500177,2023-01-29,2070.38,paid,USD
in_000002296,cus_000000500177,2023-03-01,2064.66,paid,USD
in_000002297,cus_000000500177,2023-04-03,2375.15,paid,USD
in_000002298,cus_000000500177,2023-05-03,2213.66,paid,USD
in_000002299,cus_000000500177,2023-06-04,2190.43,paid,USD
in_000002300,cus_000000500177,2023-07-06,2074.70,paid,USD
in_000002301,cus_000000500177,2023-08-03,2277.70,paid,USD
in_000002302,cus_000000500177,2023-09-03,1996.39,paid,USD
in_000002303,cus_000000500177,2023-10-04,2046.75,paid,USD
in_000002304,cus_000000500177,2023-11-05,2165.69,paid,USD
in_000002305,cus_000000500177,2023-12-04,2351.66,paid,USD
in_000002306,cus_000000500177,2024-01-01,2102.94,paid,USD
in_000002307,cus_000000500177,2024-01-28,2302.06,paid,USD
in_000002308,cus_000000500177,2024-02-24,2101.96,paid,USD
in_000002309,cus_000000500177,2024-03-22,1990.91,paid,USD
in_000002310,cus_000000500177,2024-04-21,2197.71,paid,USD
in_000002311,cus_000000500177,2024-05-20,2029.17,paid,USD
in_000002312,cus_000000500177,2024-06-16,2205.30,paid,USD
in_000002313,cus_000000500177,2024-07-19,1961.93,paid,USD
in_000002314,cus_000000500177,2024-08-15,2061.95,paid,USD
in_000002315,cus_000000500177,2024-09-13,2378.98,paid,USD
in_000002316,cus_000000500177,2024-10-14,2350.73,paid,USD
in_000002317,cus_000000500177,2024-11-10,2317.43,paid,USD
in_000002318,cus_000000500177,2024-12-13,2348.74,paid,USD
in_000002319,cus_000000500177,2025-01-09,2188.82,paid,USD
in_000002320,cus_000000500177,2025-02-08,1968.17,paid,USD
in_000002321,cus_000000500177,2025-03-12,2096.56,paid,USD
in_000002322,cus_000000500177,2025-04-14,2038.79,paid,USD
in_000002323,cus_000000500177,2025-05-16,2185.96,paid,USD
in_000002324,cus_000000500177,2025-06-17,2087.66,paid,USD
in_000002325,cus_000000500177,2025-07-15,2347.82,paid,USD
in_000002326,cus_000000500177,2025-08-11,2333.12,paid,USD
in_000002327,cus_000000500177,2025-09-13,2003.14,paid,USD
in_000002328,cus_000000500177,2025-10-14,2330.84,paid,USD
in_000002329,cus_000000500177,2025-11-13,2243.09,paid,USD
in_000002330,cus_000000500177,2025-12-13,2236.63,paid,USD
in_000002331,cus_000000500177,2026-01-10,2306.67,paid,USD
in_000002332,cus_000000500177,2026-02-10,2258.18,paid,USD
in_000002333,cus_000000500177,2026-03-14,2313.10,paid,USD
in_000002334,cus_000000500177,2026-04-10,2069.15,paid,USD
in_000002335,cus_000000500177,2026-05-11,2061.28,paid,USD
in_000002336,cus_000000500177,2026-06-10,2032.64,paid,USD
in_000002337,cus_000000500177,2026-07-09,2337.05,paid,USD
in_000002338,cus_000000500177,2026-08-06,2237.04,paid,USD
in_000002339,cus_000000500178,2024-04-16,97525.59,paid,USD
in_000002340,cus_000000500178,2025-04-16,107770.57,paid,USD
in_000002341,cus_000000500178,2026-04-15,101582.79,paid,USD
in_000002342,cus_000000500179,2023-08-12,3554.73,paid,USD
in_000002343,cus_000000500179,2024-08-08,3932.47,paid,USD
in_000002344,cus_000000500179,2025-08-05,3905.61,paid,USD
in_000002345,cus_000000500179,2026-08-03,3580.69,paid,USD
in_000002346,cus_000000500181,2025-05-08,769.10,paid,USD
in_000002347,cus_000000500181,2025-06-06,771.31,paid,USD
in_000002348,cus_000000500181,2025-07-03,641.79,refunded,USD
in_000002349,cus_000000500181,2025-07-31,708.98,failed,USD
in_000002350,cus_000000500181,2025-08-30,766.34,paid,USD
in_000002351,cus_000000500181,2025-09-28,681.48,paid,USD
in_000002352,cus_000000500181,2025-10-30,705.92,paid,USD
in_000002353,cus_000000500181,2025-11-29,725.47,paid,USD
in_000002354,cus_000000500181,2025-12-31,768.90,paid,USD
in_000002355,cus_000000500181,2026-01-29,767.15,paid,USD
in_000002356,cus_000000500181,2026-02-27,734.16,paid,USD
in_000002357,cus_000000500181,2026-03-27,660.75,paid,USD
in_000002358,cus_000000500181,2026-04-27,727.53,paid,USD
in_000002359,cus_000000500181,2026-05-28,715.55,paid,USD
in_000002360,cus_000000500181,2026-06-30,685.35,paid,USD
in_000002361,cus_000000500181,2026-08-01,674.07,paid,USD
in_000002362,cus_000000500182,2025-06-05,4355.94,paid,USD
in_000002363,cus_000000500183,2023-12-15,101640.16,paid,USD
in_000002364,cus_000000500183,2024-12-14,105561.15,paid,USD
in_000002365,cus_000000500183,2025-12-11,118643.96,paid,USD
in_000002366,cus_000000500184,2025-05-01,365.28,paid,USD
in_000002367,cus_000000500184,2025-05-30,399.19,failed,USD
in_000002368,cus_000000500184,2025-07-01,416.82,paid,USD
in_000002369,cus_000000500184,2025-07-29,373.55,paid,USD
in_000002370,cus_000000500184,2025-08-25,427.66,paid,USD
in_000002371,cus_000000500184,2025-09-24,358.65,paid,USD
in_000002372,cus_000000500184,2025-10-22,389.45,paid,USD
in_000002373,cus_000000500184,2025-11-20,407.91,paid,USD
in_000002374,cus_000000500184,2025-12-21,358.59,paid,USD
in_000002375,cus_000000500184,2026-01-17,410.07,paid,USD
in_000002376,cus_000000500184,2026-02-13,405.44,paid,USD
in_000002377,cus_000000500184,2026-03-15,364.89,paid,USD
in_000002378,cus_000000500184,2026-04-15,359.77,paid,USD
in_000002379,cus_000000500184,2026-05-14,381.55,paid,USD
in_000002380,cus_000000500184,2026-06-11,376.37,paid,USD
in_000002381,cus_000000500184,2026-07-08,399.57,paid,USD
in_000002382,cus_000000500184,2026-08-05,414.14,failed,USD
in_000002383,cus_000000500185,2026-01-09,1401.22,paid,USD
in_000002384,cus_000000500185,2026-02-07,1393.36,paid,USD
in_000002385,cus_000000500185,2026-03-06,1322.60,paid,USD
in_000002386,cus_000000500185,2026-04-06,1292.91,void,USD
in_000002387,cus_000000500185,2026-05-04,1217.85,paid,USD
in_000002388,cus_000000500185,2026-06-01,1215.63,paid,USD
in_000002389,cus_000000500185,2026-06-28,1220.25,paid,USD
in_000002390,cus_000000500185,2026-07-31,1219.72,paid,USD
in_000002391,cus_000000500186,2023-09-21,407.21,paid,USD
in_000002392,cus_000000500186,2023-10-23,378.72,paid,USD
in_000002393,cus_000000500186,2023-11-21,419.20,paid,USD
in_000002394,cus_000000500186,2023-12-23,416.06,paid,USD
in_000002395,cus_000000500186,2024-01-20,419.68,paid,USD
in_000002396,cus_000000500186,2024-02-19,356.71,void,USD
in_000002397,cus_000000500186,2024-03-22,358.92,paid,USD
in_000002398,cus_000000500186,2024-04-23,401.29,paid,USD
in_000002399,cus_000000500186,2024-05-20,421.80,paid,USD
in_000002400,cus_000000500186,2024-06-18,378.63,void,USD
in_000002401,cus_000000500186,2024-07-19,425.34,paid,USD
in_000002402,cus_000000500186,2024-08-17,421.43,paid,USD
in_000002403,cus_000000500186,2024-09-13,394.92,paid,USD
in_000002404,cus_000000500186,2024-10-15,412.33,paid,USD
in_000002405,cus_000000500186,2024-11-14,427.21,paid,USD
in_000002406,cus_000000500186,2024-12-14,356.44,paid,USD
in_000002407,cus_000000500186,2025-01-10,392.47,paid,USD
in_000002408,cus_000000500186,2025-02-11,384.68,paid,USD
in_000002409,cus_000000500186,2025-03-12,413.63,paid,USD
in_000002410,cus_000000500186,2025-04-10,403.74,paid,USD
in_000002411,cus_000000500186,2025-05-09,400.95,paid,USD
in_000002412,cus_000000500186,2025-06-08,362.46,paid,USD
in_000002413,cus_000000500186,2025-07-10,402.97,paid,USD
in_000002414,cus_000000500186,2025-08-10,431.96,paid,USD
in_000002415,cus_000000500186,2025-09-09,400.87,paid,USD
in_000002416,cus_000000500186,2025-10-06,364.26,paid,USD
in_000002417,cus_000000500186,2025-11-02,412.77,void,USD
in_000002418,cus_000000500186,2025-11-30,425.36,paid,USD
in_000002419,cus_000000500186,2025-12-28,359.12,paid,USD
in_000002420,cus_000000500186,2026-01-28,382.88,paid,USD
in_000002421,cus_000000500186,2026-02-24,386.38,paid,USD
in_000002422,cus_000000500186,2026-03-24,385.71,paid,USD
in_000002423,cus_000000500186,2026-04-23,392.41,paid,USD
in_000002424,cus_000000500186,2026-05-26,384.39,paid,USD
in_000002425,cus_000000500186,2026-06-28,395.52,paid,USD
in_000002426,cus_000000500186,2026-07-26,413.27,paid,USD
in_000002427,cus_000000500187,2024-11-25,9053.87,paid,USD
in_000002428,cus_000000500187,2025-11-26,9078.98,paid,USD
in_000002429,cus_000000500188,2025-11-02,3669.76,paid,USD
in_000002430,cus_000000500189,2024-12-31,275.91,paid,USD
in_000002431,cus_000000500189,2025-02-01,289.22,paid,USD
in_000002432,cus_000000500189,2025-03-06,302.51,paid,USD
in_000002433,cus_000000500189,2025-04-06,274.51,paid,USD
in_000002434,cus_000000500189,2025-05-03,326.32,paid,USD
in_000002435,cus_000000500189,2025-06-03,270.22,paid,USD
in_000002436,cus_000000500189,2025-07-04,306.23,failed,USD
in_000002437,cus_000000500189,2025-08-06,312.83,paid,USD
in_000002438,cus_000000500189,2025-09-05,278.93,paid,USD
in_000002439,cus_000000500189,2025-10-06,293.49,paid,USD
in_000002440,cus_000000500189,2025-11-04,283.99,paid,USD
in_000002441,cus_000000500189,2025-12-04,306.81,paid,USD
in_000002442,cus_000000500189,2026-01-02,283.51,paid,USD
in_000002443,cus_000000500189,2026-02-04,304.43,paid,USD
in_000002444,cus_000000500189,2026-03-03,296.52,paid,USD
in_000002445,cus_000000500189,2026-03-30,278.51,refunded,USD
in_000002446,cus_000000500189,2026-04-29,314.59,paid,USD
in_000002447,cus_000000500189,2026-05-28,283.88,paid,USD
in_000002448,cus_000000500189,2026-06-30,286.34,paid,USD
in_000002449,cus_000000500189,2026-07-29,323.49,paid,USD
in_000002450,cus_000000500190,2023-02-27,54837.30,paid,USD
in_000002451,cus_000000500190,2024-02-28,54003.72,paid,USD
in_000002452,cus_000000500190,2025-03-02,58380.20,paid,USD
in_000002453,cus_000000500190,2026-03-05,58451.21,paid,USD
in_000002454,cus_000000500191,2023-05-28,673.32,paid,USD
in_000002455,cus_000000500191,2023-06-25,619.76,paid,USD
in_000002456,cus_000000500191,2023-07-26,581.54,void,USD
in_000002457,cus_000000500191,2023-08-25,663.14,paid,USD
in_000002458,cus_000000500191,2023-09-23,632.38,paid,USD
in_000002459,cus_000000500191,2023-10-21,591.73,paid,USD
in_000002460,cus_000000500191,2023-11-21,607.56,paid,USD
in_000002461,cus_000000500191,2023-12-21,688.37,paid,USD
in_000002462,cus_000000500191,2024-01-19,616.17,paid,USD
in_000002463,cus_000000500191,2024-02-20,674.90,paid,USD
in_000002464,cus_000000500191,2024-03-22,612.09,refunded,USD
in_000002465,cus_000000500191,2024-04-23,694.81,paid,USD
in_000002466,cus_000000500191,2024-05-21,658.14,paid,USD
in_000002467,cus_000000500191,2024-06-18,592.08,refunded,USD
in_000002468,cus_000000500191,2024-07-16,612.26,paid,USD
in_000002469,cus_000000500191,2024-08-17,622.36,paid,USD
in_000002470,cus_000000500191,2024-09-17,650.73,paid,USD
in_000002471,cus_000000500191,2024-10-17,627.31,paid,USD
in_000002472,cus_000000500191,2024-11-13,635.80,paid,USD
in_000002473,cus_000000500191,2024-12-13,698.77,paid,USD
in_000002474,cus_000000500191,2025-01-13,596.56,paid,USD
in_000002475,cus_000000500191,2025-02-14,605.02,paid,USD
in_000002476,cus_000000500191,2025-03-19,657.74,paid,USD
in_000002477,cus_000000500191,2025-04-17,585.62,failed,USD
in_000002478,cus_000000500191,2025-05-18,671.75,paid,USD
in_000002479,cus_000000500191,2025-06-18,689.26,paid,USD
in_000002480,cus_000000500191,2025-07-19,602.05,paid,USD
in_000002481,cus_000000500191,2025-08-15,652.34,paid,USD
in_000002482,cus_000000500191,2025-09-12,654.48,refunded,USD
in_000002483,cus_000000500191,2025-10-14,609.39,paid,USD
in_000002484,cus_000000500191,2025-11-15,658.50,paid,USD
in_000002485,cus_000000500191,2025-12-12,634.06,void,USD
in_000002486,cus_000000500191,2026-01-09,672.03,paid,USD
in_000002487,cus_000000500191,2026-02-10,610.10,paid,USD
in_000002488,cus_000000500191,2026-03-12,613.81,paid,USD
in_000002489,cus_000000500191,2026-04-08,621.09,paid,USD
in_000002490,cus_000000500191,2026-05-08,666.51,paid,USD
in_000002491,cus_000000500191,2026-06-05,638.03,paid,USD
in_000002492,cus_000000500191,2026-07-06,634.65,paid,USD
in_000002493,cus_000000500191,2026-08-07,587.78,paid,USD
in_000002494,cus_000000500192,2023-06-01,13952.19,paid,USD
in_000002495,cus_000000500192,2024-05-29,15704.61,paid,USD
in_000002496,cus_000000500192,2025-05-27,13567.77,paid,USD
in_000002497,cus_000000500192,2026-05-26,14816.23,paid,USD
in_000002498,cus_000000500193,2025-10-12,315.44,paid,USD
in_000002499,cus_000000500193,2025-11-09,309.50,paid,USD
in_000002500,cus_000000500193,2025-12-06,293.62,paid,USD
in_000002501,cus_000000500193,2026-01-02,276.87,paid,USD
in_000002502,cus_000000500193,2026-01-29,305.49,paid,USD
in_000002503,cus_000000500194,2026-04-14,3205.32,paid,USD
in_000002504,cus_000000500195,2023-08-17,1271.71,paid,USD
in_000002505,cus_000000500195,2023-09-16,1297.44,paid,USD
in_000002506,cus_000000500195,2023-10-16,1245.62,paid,USD
in_000002507,cus_000000500195,2023-11-12,1346.83,paid,USD
in_000002508,cus_000000500195,2023-12-09,1282.69,paid,USD
in_000002509,cus_000000500195,2024-01-10,1344.35,paid,USD
in_000002510,cus_000000500195,2024-02-10,1158.25,refunded,USD
in_000002511,cus_000000500195,2024-03-09,1264.96,paid,USD
in_000002512,cus_000000500195,2024-04-11,1251.05,paid,USD
in_000002513,cus_000000500195,2024-05-14,1106.02,paid,USD
in_000002514,cus_000000500195,2024-06-10,1201.51,failed,USD
in_000002515,cus_000000500195,2024-07-12,1215.41,paid,USD
in_000002516,cus_000000500195,2024-08-11,1208.73,paid,USD
in_000002517,cus_000000500195,2024-09-10,1166.11,paid,USD
in_000002518,cus_000000500195,2024-10-09,1117.13,paid,USD
in_000002519,cus_000000500195,2024-11-10,1319.33,paid,USD
in_000002520,cus_000000500195,2024-12-08,1169.68,paid,USD
in_000002521,cus_000000500195,2025-01-10,1288.15,paid,USD
in_000002522,cus_000000500195,2025-02-11,1218.47,paid,USD
in_000002523,cus_000000500195,2025-03-15,1267.72,paid,USD
in_000002524,cus_000000500195,2025-04-11,1180.47,paid,USD
in_000002525,cus_000000500195,2025-05-09,1197.18,paid,USD
in_000002526,cus_000000500195,2025-06-10,1276.15,paid,USD
in_000002527,cus_000000500195,2025-07-12,1220.07,paid,USD
in_000002528,cus_000000500195,2025-08-10,1315.80,paid,USD
in_000002529,cus_000000500195,2025-09-09,1324.22,paid,USD
in_000002530,cus_000000500195,2025-10-12,1299.15,paid,USD
in_000002531,cus_000000500195,2025-11-14,1293.74,paid,USD
in_000002532,cus_000000500195,2025-12-13,1267.57,paid,USD
in_000002533,cus_000000500195,2026-01-14,1194.21,paid,USD
in_000002534,cus_000000500195,2026-02-10,1191.21,paid,USD
in_000002535,cus_000000500195,2026-03-11,1169.05,paid,USD
in_000002536,cus_000000500195,2026-04-13,1333.08,paid,USD
in_000002537,cus_000000500195,2026-05-14,1171.00,paid,USD
in_000002538,cus_000000500196,2023-05-03,13780.11,paid,USD
in_000002539,cus_000000500196,2024-05-01,14291.46,paid,USD
in_000002540,cus_000000500196,2025-05-02,15342.84,paid,USD
in_000002541,cus_000000500196,2026-05-02,15568.56,paid,USD
in_000002542,cus_000000500197,2024-07-17,8406.40,paid,USD
in_000002543,cus_000000500197,2025-07-15,9566.78,paid,USD
in_000002544,cus_000000500197,2026-07-13,9999.67,paid,USD
in_000002545,cus_000000500198,2024-01-05,53869.69,paid,USD
in_000002546,cus_000000500198,2025-01-07,56175.94,paid,USD
in_000002547,cus_000000500198,2026-01-10,49697.69,paid,USD
in_000002548,cus_000000500199,2023-08-03,3690.28,paid,USD
in_000002549,cus_000000500199,2024-07-31,3947.81,paid,USD
in_000002550,cus_000000500199,2025-07-31,3607.30,paid,USD
in_000002551,cus_000000500199,2026-08-03,3518.02,paid,USD
in_000002552,cus_000000500200,2024-10-29,32594.09,paid,USD
in_000002553,cus_000000500200,2025-11-01,30577.44,paid,USD
in_000002554,cus_000000500201,2026-05-19,623.36,paid,USD
in_000002555,cus_000000500201,2026-06-20,649.40,paid,USD
in_000002556,cus_000000500201,2026-07-21,754.33,paid,USD
in_000002557,cus_000000500201,2026-08-18,747.67,paid,USD
in_000002558,cus_000000500202,2024-12-22,110181.72,paid,USD
in_000002559,cus_000000500202,2025-12-23,129982.13,paid,USD
in_000002560,cus_000000500203,2024-08-11,383.81,paid,USD
in_000002561,cus_000000500203,2024-09-12,400.18,paid,USD
in_000002562,cus_000000500203,2024-10-15,369.00,paid,USD
in_000002563,cus_000000500203,2024-11-15,444.58,paid,USD
in_000002564,cus_000000500203,2024-12-13,406.18,paid,USD
in_000002565,cus_000000500203,2025-01-12,434.75,paid,USD
in_000002566,cus_000000500203,2025-02-09,387.65,paid,USD
in_000002567,cus_000000500203,2025-03-08,433.55,paid,USD
in_000002568,cus_000000500203,2025-04-10,414.14,paid,USD
in_000002569,cus_000000500203,2025-05-13,393.74,paid,USD
in_000002570,cus_000000500203,2025-06-12,369.39,paid,USD
in_000002571,cus_000000500203,2025-07-14,420.40,paid,USD
in_000002572,cus_000000500203,2025-08-11,366.14,paid,USD
in_000002573,cus_000000500203,2025-09-09,383.77,paid,USD
in_000002574,cus_000000500203,2025-10-07,389.67,paid,USD
in_000002575,cus_000000500203,2025-11-03,413.01,paid,USD
in_000002576,cus_000000500203,2025-12-04,399.60,void,USD
in_000002577,cus_000000500203,2026-01-06,429.32,paid,USD
in_000002578,cus_000000500203,2026-02-07,424.56,paid,USD
in_000002579,cus_000000500203,2026-03-08,403.76,paid,USD
in_000002580,cus_000000500203,2026-04-05,384.12,paid,USD
in_000002581,cus_000000500205,2024-07-30,3839.87,paid,USD
in_000002582,cus_000000500205,2025-07-31,3699.11,paid,USD
in_000002583,cus_000000500206,2025-11-02,2252.34,paid,USD
in_000002584,cus_000000500206,2025-12-03,2347.47,paid,USD
in_000002585,cus_000000500206,2026-01-05,2578.91,paid,USD
in_000002586,cus_000000500206,2026-02-01,2169.18,paid,USD
in_000002587,cus_000000500206,2026-03-02,2509.36,paid,USD
in_000002588,cus_000000500206,2026-04-02,2238.93,paid,USD
in_000002589,cus_000000500206,2026-05-04,2252.13,paid,USD
in_000002590,cus_000000500206,2026-06-03,2409.53,paid,USD
in_000002591,cus_000000500206,2026-07-02,2340.08,paid,USD
in_000002592,cus_000000500206,2026-08-02,2290.92,paid,USD
in_000002593,cus_000000500207,2023-05-23,421.45,paid,USD
in_000002594,cus_000000500207,2023-06-24,430.15,paid,USD
in_000002595,cus_000000500207,2023-07-24,407.88,paid,USD
in_000002596,cus_000000500207,2023-08-25,473.82,paid,USD
in_000002597,cus_000000500207,2023-09-21,437.07,paid,USD
in_000002598,cus_000000500207,2023-10-18,458.40,paid,USD
in_000002599,cus_000000500207,2023-11-18,450.01,paid,USD
in_000002600,cus_000000500207,2023-12-16,481.07,paid,USD
in_000002601,cus_000000500207,2024-01-14,479.48,paid,USD
in_000002602,cus_000000500207,2024-02-12,437.26,paid,USD
in_000002603,cus_000000500207,2024-03-16,478.94,paid,USD
in_000002604,cus_000000500207,2024-04-18,406.38,paid,USD
in_000002605,cus_000000500207,2024-05-18,419.96,paid,USD
in_000002606,cus_000000500207,2024-06-20,422.76,paid,USD
in_000002607,cus_000000500207,2024-07-21,406.50,paid,USD
in_000002608,cus_000000500207,2024-08-18,400.40,paid,USD
in_000002609,cus_000000500207,2024-09-14,395.99,paid,USD
in_000002610,cus_000000500207,2024-10-13,472.24,paid,USD
in_000002611,cus_000000500207,2024-11-09,479.82,paid,USD
in_000002612,cus_000000500207,2024-12-10,466.88,paid,USD
in_000002613,cus_000000500207,2025-01-07,420.81,failed,USD
in_000002614,cus_000000500207,2025-02-07,447.29,paid,USD
in_000002615,cus_000000500207,2025-03-12,416.35,paid,USD
in_000002616,cus_000000500207,2025-04-13,449.31,paid,USD
in_000002617,cus_000000500207,2025-05-10,439.63,paid,USD
in_000002618,cus_000000500207,2025-06-09,474.24,paid,USD
in_000002619,cus_000000500207,2025-07-09,456.09,paid,USD
in_000002620,cus_000000500207,2025-08-06,418.15,paid,USD
in_000002621,cus_000000500207,2025-09-02,408.43,paid,USD
in_000002622,cus_000000500207,2025-09-29,451.05,paid,USD
in_000002623,cus_000000500207,2025-10-27,450.83,paid,USD
in_000002624,cus_000000500207,2025-11-29,413.11,refunded,USD
in_000002625,cus_000000500208,2022-11-22,301.55,paid,USD
in_000002626,cus_000000500208,2022-12-22,327.34,paid,USD
in_000002627,cus_000000500208,2023-01-24,270.74,paid,USD
in_000002628,cus_000000500208,2023-02-23,271.81,paid,USD
in_000002629,cus_000000500208,2023-03-24,274.60,paid,USD
in_000002630,cus_000000500208,2023-04-20,294.09,paid,USD
in_000002631,cus_000000500208,2023-05-23,305.42,paid,USD
in_000002632,cus_000000500208,2023-06-20,273.81,paid,USD
in_000002633,cus_000000500208,2023-07-20,310.19,paid,USD
in_000002634,cus_000000500208,2023-08-18,295.93,paid,USD
in_000002635,cus_000000500208,2023-09-16,312.22,paid,USD
in_000002636,cus_000000500208,2023-10-17,321.03,paid,USD
in_000002637,cus_000000500208,2023-11-15,302.76,paid,USD
in_000002638,cus_000000500208,2023-12-17,309.47,paid,USD
in_000002639,cus_000000500208,2024-01-17,327.94,paid,USD
in_000002640,cus_000000500208,2024-02-16,278.14,paid,USD
in_000002641,cus_000000500208,2024-03-17,311.99,paid,USD
in_000002642,cus_000000500208,2024-04-16,316.47,paid,USD
in_000002643,cus_000000500208,2024-05-17,323.11,paid,USD
in_000002644,cus_000000500208,2024-06-18,318.48,paid,USD
in_000002645,cus_000000500208,2024-07-21,298.76,refunded,USD
in_000002646,cus_000000500208,2024-08-22,317.83,paid,USD
in_000002647,cus_000000500208,2024-09-21,298.07,paid,USD
in_000002648,cus_000000500208,2024-10-20,312.20,paid,USD
in_000002649,cus_000000500208,2024-11-22,276.01,paid,USD
in_000002650,cus_000000500208,2024-12-22,318.00,paid,USD
in_000002651,cus_000000500208,2025-01-18,308.43,paid,USD
in_000002652,cus_000000500208,2025-02-19,271.32,paid,USD
in_000002653,cus_000000500208,2025-03-20,294.36,paid,USD
in_000002654,cus_000000500208,2025-04-22,271.66,paid,USD
in_000002655,cus_000000500208,2025-05-24,314.13,paid,USD
in_000002656,cus_000000500208,2025-06-22,317.53,paid,USD
in_000002657,cus_000000500208,2025-07-24,313.22,refunded,USD
in_000002658,cus_000000500208,2025-08-24,272.56,paid,USD
in_000002659,cus_000000500208,2025-09-20,282.23,void,USD
in_000002660,cus_000000500208,2025-10-20,300.84,paid,USD
in_000002661,cus_000000500208,2025-11-20,304.46,paid,USD
in_000002662,cus_000000500208,2025-12-17,323.32,paid,USD
in_000002663,cus_000000500208,2026-01-17,272.39,paid,USD
in_000002664,cus_000000500208,2026-02-14,295.52,paid,USD
in_000002665,cus_000000500208,2026-03-18,283.03,paid,USD
in_000002666,cus_000000500208,2026-04-20,311.40,paid,USD
in_000002667,cus_000000500208,2026-05-20,270.29,paid,USD
in_000002668,cus_000000500208,2026-06-17,303.46,paid,USD
in_000002669,cus_000000500208,2026-07-17,317.36,paid,USD
in_000002670,cus_000000500208,2026-08-19,274.54,paid,USD
in_000002671,cus_000000500209,2023-09-05,300.57,paid,USD
in_000002672,cus_000000500209,2023-10-04,306.28,paid,USD
in_000002673,cus_000000500209,2023-11-06,293.06,paid,USD
in_000002674,cus_000000500209,2023-12-03,300.02,paid,USD
in_000002675,cus_000000500209,2024-01-01,317.62,paid,USD
in_000002676,cus_000000500209,2024-01-31,312.86,paid,USD
in_000002677,cus_000000500209,2024-03-02,272.83,paid,USD
in_000002678,cus_000000500209,2024-03-31,329.20,paid,USD
in_000002679,cus_000000500209,2024-04-27,293.58,paid,USD
in_000002680,cus_000000500209,2024-05-27,307.66,paid,USD
in_000002681,cus_000000500209,2024-06-29,285.49,paid,USD
in_000002682,cus_000000500209,2024-08-01,289.46,paid,USD
in_000002683,cus_000000500209,2024-08-31,326.17,paid,USD
in_000002684,cus_000000500209,2024-10-03,293.74,paid,USD
in_000002685,cus_000000500209,2024-11-05,321.04,paid,USD
in_000002686,cus_000000500209,2024-12-02,285.93,paid,USD
in_000002687,cus_000000500209,2025-01-02,301.43,paid,USD
in_000002688,cus_000000500209,2025-01-29,306.49,paid,USD
in_000002689,cus_000000500209,2025-02-28,327.27,refunded,USD
in_000002690,cus_000000500209,2025-04-02,313.33,paid,USD
in_000002691,cus_000000500209,2025-05-04,299.17,paid,USD
in_000002692,cus_000000500209,2025-06-01,281.70,paid,USD
in_000002693,cus_000000500209,2025-07-02,315.49,paid,USD
in_000002694,cus_000000500209,2025-08-02,286.03,paid,USD
in_000002695,cus_000000500209,2025-09-01,310.55,paid,USD
in_000002696,cus_000000500209,2025-10-04,285.04,paid,USD
in_000002697,cus_000000500209,2025-11-01,298.52,paid,USD
in_000002698,cus_000000500209,2025-11-28,324.48,paid,USD
in_000002699,cus_000000500209,2025-12-26,281.81,paid,USD
in_000002700,cus_000000500209,2026-01-23,299.27,paid,USD
in_000002701,cus_000000500209,2026-02-20,315.82,paid,USD
in_000002702,cus_000000500209,2026-03-21,282.40,paid,USD
in_000002703,cus_000000500209,2026-04-18,285.60,paid,USD
in_000002704,cus_000000500209,2026-05-17,282.37,paid,USD
in_000002705,cus_000000500209,2026-06-18,311.14,paid,USD
in_000002706,cus_000000500209,2026-07-15,290.69,paid,USD
in_000002707,cus_000000500209,2026-08-14,274.65,paid,USD
in_000002708,cus_000000500210,2024-08-08,388.96,paid,USD
in_000002709,cus_000000500210,2024-09-08,396.74,paid,USD
in_000002710,cus_000000500210,2024-10-10,395.66,paid,USD
in_000002711,cus_000000500210,2024-11-12,400.07,paid,USD
in_000002712,cus_000000500210,2024-12-11,395.90,paid,USD
in_000002713,cus_000000500210,2025-01-12,386.98,paid,USD
in_000002714,cus_000000500210,2025-02-10,398.77,paid,USD
in_000002715,cus_000000500210,2025-03-12,447.93,paid,USD
in_000002716,cus_000000500210,2025-04-11,399.85,paid,USD
in_000002717,cus_000000500210,2025-05-08,466.75,paid,USD
in_000002718,cus_000000500210,2025-06-04,403.45,paid,USD
in_000002719,cus_000000500210,2025-07-02,398.72,paid,USD
in_000002720,cus_000000500210,2025-08-01,409.21,paid,USD
in_000002721,cus_000000500210,2025-08-31,460.34,paid,USD
in_000002722,cus_000000500210,2025-09-28,393.30,paid,USD
in_000002723,cus_000000500210,2025-10-31,448.80,paid,USD
in_000002724,cus_000000500210,2025-12-02,466.06,paid,USD
in_000002725,cus_000000500210,2025-12-29,468.36,paid,USD
in_000002726,cus_000000500210,2026-01-28,455.91,paid,USD
in_000002727,cus_000000500211,2024-09-18,4301.88,paid,USD
in_000002728,cus_000000500211,2025-09-18,4166.45,paid,USD
in_000002729,cus_000000500212,2026-07-14,3003.61,paid,USD
in_000002730,cus_000000500213,2025-05-07,9114.84,paid,USD
in_000002731,cus_000000500213,2025-06-07,8198.34,paid,USD
in_000002732,cus_000000500213,2025-07-06,9713.51,paid,USD
in_000002733,cus_000000500213,2025-08-06,8347.05,failed,USD
in_000002734,cus_000000500213,2025-09-06,8381.83,refunded,USD
in_000002735,cus_000000500213,2025-10-08,8472.55,paid,USD
in_000002736,cus_000000500213,2025-11-05,8658.62,paid,USD
in_000002737,cus_000000500213,2025-12-06,9535.02,paid,USD
in_000002738,cus_000000500213,2026-01-02,9978.97,paid,USD
in_000002739,cus_000000500213,2026-02-04,8935.52,paid,USD
in_000002740,cus_000000500213,2026-03-08,9097.14,paid,USD
in_000002741,cus_000000500213,2026-04-08,8327.57,paid,USD
in_000002742,cus_000000500213,2026-05-06,8588.24,paid,USD
in_000002743,cus_000000500213,2026-06-07,9687.41,refunded,USD
in_000002744,cus_000000500213,2026-07-09,8719.59,paid,USD
in_000002745,cus_000000500213,2026-08-06,8655.25,paid,USD
in_000002746,cus_000000500214,2023-10-23,3719.42,paid,USD
in_000002747,cus_000000500214,2024-10-23,3535.33,paid,USD
in_000002748,cus_000000500214,2025-10-26,3366.99,paid,USD
in_000002749,cus_000000500215,2025-02-08,4360.76,paid,USD
in_000002750,cus_000000500215,2026-02-07,5017.87,paid,USD
in_000002751,cus_000000500216,2023-11-21,28633.48,paid,USD
in_000002752,cus_000000500216,2024-11-22,29167.91,paid,USD
in_000002753,cus_000000500216,2025-11-20,30607.24,paid,USD
in_000002754,cus_000000500217,2026-02-26,3475.14,paid,USD
in_000002755,cus_000000500218,2023-03-12,8234.04,paid,USD
in_000002756,cus_000000500218,2023-04-11,7452.38,paid,USD
in_000002757,cus_000000500218,2023-05-14,8185.93,paid,USD
in_000002758,cus_000000500218,2023-06-13,7153.89,paid,USD
in_000002759,cus_000000500218,2023-07-16,8303.57,paid,USD
in_000002760,cus_000000500218,2023-08-13,7135.15,paid,USD
in_000002761,cus_000000500218,2023-09-12,7592.10,paid,USD
in_000002762,cus_000000500218,2023-10-09,7295.42,paid,USD
in_000002763,cus_000000500218,2023-11-09,7209.59,paid,USD
in_000002764,cus_000000500218,2023-12-11,8224.38,paid,USD
in_000002765,cus_000000500218,2024-01-11,7244.36,paid,USD
in_000002766,cus_000000500218,2024-02-10,7281.71,paid,USD
in_000002767,cus_000000500218,2024-03-08,8283.85,paid,USD
in_000002768,cus_000000500218,2024-04-04,7720.53,paid,USD
in_000002769,cus_000000500218,2024-05-01,8530.60,paid,USD
in_000002770,cus_000000500218,2024-06-03,8411.45,paid,USD
in_000002771,cus_000000500218,2024-06-30,8082.79,paid,USD
in_000002772,cus_000000500218,2024-07-29,8041.86,paid,USD
in_000002773,cus_000000500218,2024-08-25,7597.96,paid,USD
in_000002774,cus_000000500218,2024-09-21,7162.58,paid,USD
in_000002775,cus_000000500218,2024-10-18,8017.37,void,USD
in_000002776,cus_000000500218,2024-11-19,8213.89,paid,USD
in_000002777,cus_000000500218,2024-12-16,7867.34,refunded,USD
in_000002778,cus_000000500218,2025-01-16,8140.85,paid,USD
in_000002779,cus_000000500218,2025-02-16,7551.64,paid,USD
in_000002780,cus_000000500218,2025-03-16,7606.66,paid,USD
in_000002781,cus_000000500218,2025-04-17,8140.91,paid,USD
in_000002782,cus_000000500218,2025-05-17,7241.00,paid,USD
in_000002783,cus_000000500218,2025-06-17,8202.76,paid,USD
in_000002784,cus_000000500218,2025-07-14,7378.46,paid,USD
in_000002785,cus_000000500218,2025-08-16,7491.56,paid,USD
in_000002786,cus_000000500218,2025-09-12,7982.12,paid,USD
in_000002787,cus_000000500218,2025-10-14,8338.28,paid,USD
in_000002788,cus_000000500218,2025-11-11,8291.57,paid,USD
in_000002789,cus_000000500218,2025-12-12,7994.93,paid,USD
in_000002790,cus_000000500218,2026-01-14,7481.63,paid,USD
in_000002791,cus_000000500218,2026-02-10,7465.52,paid,USD
in_000002792,cus_000000500218,2026-03-15,7966.06,paid,USD
in_000002793,cus_000000500218,2026-04-16,7034.85,void,USD
in_000002794,cus_000000500218,2026-05-13,8043.56,paid,USD
in_000002795,cus_000000500218,2026-06-15,8415.90,paid,USD
in_000002796,cus_000000500218,2026-07-15,8218.14,void,USD
in_000002797,cus_000000500218,2026-08-16,7522.53,paid,USD
in_000002798,cus_000000500219,2023-01-14,4674.38,paid,USD
in_000002799,cus_000000500219,2024-01-16,3864.22,paid,USD
in_000002800,cus_000000500219,2025-01-17,3907.65,paid,USD
in_000002801,cus_000000500220,2025-05-13,12728.16,paid,USD
in_000002802,cus_000000500220,2026-05-15,15151.39,paid,USD
in_000002803,cus_000000500221,2023-09-14,227.83,paid,USD
in_000002804,cus_000000500221,2023-10-13,232.40,paid,USD
in_000002805,cus_000000500221,2023-11-13,247.43,paid,USD
in_000002806,cus_000000500221,2023-12-12,209.98,paid,USD
in_000002807,cus_000000500221,2024-01-10,230.65,paid,USD
in_000002808,cus_000000500221,2024-02-10,216.98,paid,USD
in_000002809,cus_000000500221,2024-03-11,234.00,paid,USD
in_000002810,cus_000000500221,2024-04-13,245.20,paid,USD
in_000002811,cus_000000500221,2024-05-13,221.69,paid,USD
in_000002812,cus_000000500221,2024-06-13,210.12,paid,USD
in_000002813,cus_000000500221,2024-07-13,238.92,paid,USD
in_000002814,cus_000000500221,2024-08-09,218.29,paid,USD
in_000002815,cus_000000500221,2024-09-07,217.06,paid,USD
in_000002816,cus_000000500221,2024-10-10,249.08,paid,USD
in_000002817,cus_000000500221,2024-11-08,245.97,paid,USD
in_000002818,cus_000000500221,2024-12-05,250.04,paid,USD
in_000002819,cus_000000500221,2025-01-02,249.34,paid,USD
in_000002820,cus_000000500221,2025-01-31,230.24,paid,USD
in_000002821,cus_000000500221,2025-03-01,254.00,paid,USD
in_000002822,cus_000000500221,2025-04-03,238.06,paid,USD
in_000002823,cus_000000500221,2025-05-01,241.42,refunded,USD
in_000002824,cus_000000500221,2025-05-28,231.33,paid,USD
in_000002825,cus_000000500221,2025-06-29,238.03,void,USD
in_000002826,cus_000000500221,2025-07-26,248.12,paid,USD
in_000002827,cus_000000500221,2025-08-24,245.04,paid,USD
in_000002828,cus_000000500221,2025-09-21,229.43,paid,USD
in_000002829,cus_000000500221,2025-10-21,249.77,paid,USD
in_000002830,cus_000000500221,2025-11-20,243.15,void,USD
in_000002831,cus_000000500221,2025-12-22,231.65,paid,USD
in_000002832,cus_000000500221,2026-01-18,213.59,paid,USD
in_000002833,cus_000000500221,2026-02-15,237.64,paid,USD
in_000002834,cus_000000500221,2026-03-15,211.80,paid,USD
in_000002835,cus_000000500221,2026-04-11,213.76,paid,USD
in_000002836,cus_000000500221,2026-05-08,227.38,paid,USD
in_000002837,cus_000000500221,2026-06-09,230.07,paid,USD
in_000002838,cus_000000500221,2026-07-07,217.55,paid,USD
in_000002839,cus_000000500221,2026-08-07,227.76,paid,USD
in_000002840,cus_000000500222,2023-03-04,992.89,paid,USD
in_000002841,cus_000000500222,2023-04-02,1088.81,paid,USD
in_000002842,cus_000000500222,2023-04-30,951.87,paid,USD
in_000002843,cus_000000500222,2023-06-02,1065.97,paid,USD
in_000002844,cus_000000500222,2023-07-05,949.07,paid,USD
in_000002845,cus_000000500222,2023-08-04,1078.30,paid,USD
in_000002846,cus_000000500222,2023-08-31,1079.85,paid,USD
in_000002847,cus_000000500222,2023-10-03,1105.19,paid,USD
in_000002848,cus_000000500222,2023-11-04,1028.76,paid,USD
in_000002849,cus_000000500222,2023-12-05,934.94,paid,USD
in_000002850,cus_000000500222,2024-01-06,933.35,paid,USD
in_000002851,cus_000000500222,2024-02-05,996.84,paid,USD
in_000002852,cus_000000500222,2024-03-08,1093.21,paid,USD
in_000002853,cus_000000500222,2024-04-08,1081.84,paid,USD
in_000002854,cus_000000500222,2024-05-09,1130.61,paid,USD
in_000002855,cus_000000500222,2024-06-08,981.59,paid,USD
in_000002856,cus_000000500222,2024-07-06,974.45,paid,USD
in_000002857,cus_000000500222,2024-08-07,982.10,paid,USD
in_000002858,cus_000000500222,2024-09-09,1067.51,paid,USD
in_000002859,cus_000000500222,2024-10-12,1091.68,paid,USD
in_000002860,cus_000000500222,2024-11-12,1038.89,paid,USD
in_000002861,cus_000000500222,2024-12-09,1004.80,paid,USD
in_000002862,cus_000000500222,2025-01-07,964.56,paid,USD
in_000002863,cus_000000500222,2025-02-07,975.64,paid,USD
in_000002864,cus_000000500222,2025-03-06,1060.58,paid,USD
in_000002865,cus_000000500222,2025-04-08,975.40,paid,USD
in_000002866,cus_000000500222,2025-05-05,1052.91,paid,USD
in_000002867,cus_000000500222,2025-06-03,1056.93,paid,USD
in_000002868,cus_000000500222,2025-06-30,940.96,paid,USD
in_000002869,cus_000000500222,2025-07-29,1056.11,paid,USD
in_000002870,cus_000000500222,2025-08-25,950.30,paid,USD
in_000002871,cus_000000500222,2025-09-22,991.30,paid,USD
in_000002872,cus_000000500222,2025-10-19,993.57,paid,USD
in_000002873,cus_000000500222,2025-11-18,1106.77,paid,USD
in_000002874,cus_000000500223,2024-06-23,10100.01,paid,USD
in_000002875,cus_000000500223,2025-06-24,8981.98,paid,USD
in_000002876,cus_000000500223,2026-06-21,9504.81,paid,USD
in_000002877,cus_000000500224,2024-10-30,2410.95,paid,USD
in_000002878,cus_000000500224,2024-11-29,2122.64,paid,USD
in_000002879,cus_000000500224,2024-12-28,2127.55,paid,USD
in_000002880,cus_000000500224,2025-01-28,2186.52,paid,USD
in_000002881,cus_000000500224,2025-03-02,2290.85,paid,USD
in_000002882,cus_000000500224,2025-03-30,2541.47,paid,USD
in_000002883,cus_000000500224,2025-05-01,2432.51,paid,USD
in_000002884,cus_000000500224,2025-05-31,2106.21,paid,USD
in_000002885,cus_000000500224,2025-07-02,2426.36,paid,USD
in_000002886,cus_000000500224,2025-07-31,2127.33,paid,USD
in_000002887,cus_000000500224,2025-08-27,2096.64,paid,USD
in_000002888,cus_000000500224,2025-09-26,2190.85,paid,USD
in_000002889,cus_000000500224,2025-10-29,2343.28,paid,USD
in_000002890,cus_000000500224,2025-11-27,2329.01,paid,USD
in_000002891,cus_000000500224,2025-12-28,2113.73,paid,USD
in_000002892,cus_000000500224,2026-01-30,2280.72,paid,USD
in_000002893,cus_000000500225,2025-04-29,296.97,paid,USD
in_000002894,cus_000000500225,2025-05-31,307.53,paid,USD
in_000002895,cus_000000500225,2025-07-03,304.19,paid,USD
in_000002896,cus_000000500225,2025-08-03,316.33,paid,USD
in_000002897,cus_000000500225,2025-09-03,313.07,paid,USD
in_000002898,cus_000000500225,2025-10-03,319.72,paid,USD
in_000002899,cus_000000500225,2025-11-03,300.44,paid,USD
in_000002900,cus_000000500225,2025-12-03,283.65,paid,USD
in_000002901,cus_000000500226,2023-06-29,655.28,paid,USD
in_000002902,cus_000000500226,2023-07-31,709.49,paid,USD
in_000002903,cus_000000500226,2023-08-28,757.92,paid,USD
in_000002904,cus_000000500226,2023-09-30,740.45,paid,USD
in_000002905,cus_000000500226,2023-10-28,710.43,paid,USD
in_000002906,cus_000000500226,2023-11-26,692.95,void,USD
in_000002907,cus_000000500226,2023-12-27,749.74,paid,USD
in_000002908,cus_000000500226,2024-01-26,676.99,paid,USD
in_000002909,cus_000000500226,2024-02-23,748.89,paid,USD
in_000002910,cus_000000500226,2024-03-24,666.42,paid,USD
in_000002911,cus_000000500226,2024-04-22,662.42,paid,USD
in_000002912,cus_000000500226,2024-05-21,726.91,paid,USD
in_000002913,cus_000000500226,2024-06-22,761.48,paid,USD
in_000002914,cus_000000500226,2024-07-23,740.31,paid,USD
in_000002915,cus_000000500226,2024-08-21,649.50,paid,USD
in_000002916,cus_000000500226,2024-09-20,710.60,paid,USD
in_000002917,cus_000000500226,2024-10-22,727.59,paid,USD
in_000002918,cus_000000500226,2024-11-22,760.21,paid,USD
in_000002919,cus_000000500226,2024-12-20,754.20,paid,USD
in_000002920,cus_000000500226,2025-01-16,654.68,paid,USD
in_000002921,cus_000000500226,2025-02-18,722.24,failed,USD
in_000002922,cus_000000500226,2025-03-19,682.15,paid,USD
in_000002923,cus_000000500226,2025-04-19,633.07,paid,USD
in_000002924,cus_000000500226,2025-05-20,679.44,paid,USD
in_000002925,cus_000000500226,2025-06-20,668.38,paid,USD
in_000002926,cus_000000500226,2025-07-22,712.30,paid,USD
in_000002927,cus_000000500227,2023-02-22,5065.02,paid,USD
in_000002928,cus_000000500227,2024-02-20,4904.67,paid,USD
in_000002929,cus_000000500227,2025-02-18,4912.36,paid,USD
in_000002930,cus_000000500227,2026-02-17,5447.72,paid,USD
in_000002931,cus_000000500228,2024-07-06,777.77,paid,USD
in_000002932,cus_000000500228,2024-08-05,794.88,paid,USD
in_000002933,cus_000000500228,2024-09-04,860.31,paid,USD
in_000002934,cus_000000500228,2024-10-02,877.41,paid,USD
in_000002935,cus_000000500228,2024-11-02,786.73,paid,USD
in_000002936,cus_000000500228,2024-12-02,908.93,paid,USD
in_000002937,cus_000000500228,2024-12-29,888.16,refunded,USD
in_000002938,cus_000000500228,2025-01-30,829.95,paid,USD
in_000002939,cus_000000500228,2025-03-04,832.48,paid,USD
in_000002940,cus_000000500228,2025-04-06,848.98,paid,USD
in_000002941,cus_000000500228,2025-05-09,773.83,paid,USD
in_000002942,cus_000000500228,2025-06-06,902.83,paid,USD
in_000002943,cus_000000500228,2025-07-03,832.48,paid,USD
in_000002944,cus_000000500228,2025-08-04,803.24,refunded,USD
in_000002945,cus_000000500228,2025-09-01,915.13,paid,USD
in_000002946,cus_000000500228,2025-10-03,886.95,paid,USD
in_000002947,cus_000000500228,2025-11-03,914.98,paid,USD
in_000002948,cus_000000500228,2025-12-02,842.67,paid,USD
in_000002949,cus_000000500228,2026-01-02,869.07,paid,USD
in_000002950,cus_000000500228,2026-02-01,798.18,paid,USD
in_000002951,cus_000000500228,2026-03-02,926.57,paid,USD
in_000002952,cus_000000500228,2026-03-29,884.37,paid,USD
in_000002953,cus_000000500228,2026-04-27,805.33,paid,USD
in_000002954,cus_000000500228,2026-05-28,821.06,paid,USD
in_000002955,cus_000000500228,2026-06-27,796.19,paid,USD
in_000002956,cus_000000500228,2026-07-24,919.40,paid,USD
in_000002957,cus_000000500228,2026-08-20,780.70,paid,USD
in_000002958,cus_000000500229,2023-01-11,306.31,paid,USD
in_000002959,cus_000000500229,2023-02-10,316.38,paid,USD
in_000002960,cus_000000500229,2023-03-14,324.52,paid,USD
in_000002961,cus_000000500229,2023-04-11,271.74,paid,USD
in_000002962,cus_000000500229,2023-05-08,271.71,paid,USD
in_000002963,cus_000000500229,2023-06-05,273.17,paid,USD
in_000002964,cus_000000500229,2023-07-05,281.71,paid,USD
in_000002965,cus_000000500229,2023-08-04,305.91,paid,USD
in_000002966,cus_000000500229,2023-09-05,319.29,paid,USD
in_000002967,cus_000000500229,2023-10-05,321.23,paid,USD
in_000002968,cus_000000500229,2023-11-02,319.88,paid,USD
in_000002969,cus_000000500229,2023-12-04,327.06,void,USD
in_000002970,cus_000000500229,2024-01-03,293.04,refunded,USD
in_000002971,cus_000000500229,2024-02-03,297.04,paid,USD
in_000002972,cus_000000500229,2024-03-06,320.46,failed,USD
in_000002973,cus_000000500229,2024-04-03,329.37,paid,USD
in_000002974,cus_000000500229,2024-04-30,286.25,failed,USD
in_000002975,cus_000000500229,2024-06-01,318.25,paid,USD
in_000002976,cus_000000500229,2024-07-02,290.43,paid,USD
in_000002977,cus_000000500229,2024-08-01,301.61,paid,USD
in_000002978,cus_000000500229,2024-08-31,283.06,paid,USD
in_000002979,cus_000000500229,2024-10-01,311.03,paid,USD
in_000002980,cus_000000500229,2024-11-02,310.55,paid,USD
in_000002981,cus_000000500229,2024-12-01,281.41,paid,USD
in_000002982,cus_000000500229,2025-01-03,294.83,paid,USD
in_000002983,cus_000000500229,2025-01-31,272.90,paid,USD
in_000002984,cus_000000500229,2025-03-03,312.69,paid,USD
in_000002985,cus_000000500229,2025-04-05,299.17,paid,USD
in_000002986,cus_000000500229,2025-05-07,294.09,paid,USD
in_000002987,cus_000000500229,2025-06-05,290.67,refunded,USD
in_000002988,cus_000000500229,2025-07-04,287.49,paid,USD
in_000002989,cus_000000500229,2025-07-31,300.96,paid,USD
in_000002990,cus_000000500229,2025-08-28,286.94,paid,USD
in_000002991,cus_000000500229,2025-09-26,291.53,paid,USD
in_000002992,cus_000000500229,2025-10-28,294.85,paid,USD
in_000002993,cus_000000500229,2025-11-26,312.88,paid,USD
in_000002994,cus_000000500229,2025-12-26,279.01,paid,USD
in_000002995,cus_000000500229,2026-01-24,276.30,refunded,USD
in_000002996,cus_000000500229,2026-02-21,314.55,paid,USD
in_000002997,cus_000000500229,2026-03-22,300.90,paid,USD
in_000002998,cus_000000500230,2023-03-07,273.99,paid,USD
in_000002999,cus_000000500230,2023-04-08,287.42,paid,USD
in_000003000,cus_000000500230,2023-05-11,299.09,paid,USD
in_000003001,cus_000000500230,2023-06-08,321.94,paid,USD
in_000003002,cus_000000500230,2023-07-06,314.39,paid,USD
in_000003003,cus_000000500230,2023-08-04,278.25,paid,USD
in_000003004,cus_000000500230,2023-08-31,279.30,paid,USD
in_000003005,cus_000000500230,2023-09-28,299.52,paid,USD
in_000003006,cus_000000500230,2023-10-26,329.07,paid,USD
in_000003007,cus_000000500230,2023-11-28,315.70,paid,USD
in_000003008,cus_000000500230,2023-12-26,308.66,paid,USD
in_000003009,cus_000000500230,2024-01-26,279.76,paid,USD
in_000003010,cus_000000500230,2024-02-24,285.60,paid,USD
in_000003011,cus_000000500230,2024-03-26,288.27,paid,USD
in_000003012,cus_000000500230,2024-04-23,285.22,paid,USD
in_000003013,cus_000000500230,2024-05-23,300.86,paid,USD
in_000003014,cus_000000500230,2024-06-20,292.10,refunded,USD
in_000003015,cus_000000500230,2024-07-17,314.56,paid,USD
in_000003016,cus_000000500230,2024-08-17,298.11,paid,USD
in_000003017,cus_000000500230,2024-09-13,297.22,paid,USD
in_000003018,cus_000000500230,2024-10-15,307.84,paid,USD
in_000003019,cus_000000500230,2024-11-13,322.30,paid,USD
in_000003020,cus_000000500230,2024-12-16,320.55,paid,USD
in_000003021,cus_000000500230,2025-01-14,305.64,paid,USD
in_000003022,cus_000000500230,2025-02-12,276.56,paid,USD
in_000003023,cus_000000500230,2025-03-13,321.97,paid,USD
in_000003024,cus_000000500230,2025-04-12,295.20,paid,USD
in_000003025,cus_000000500230,2025-05-11,313.20,paid,USD
in_000003026,cus_000000500230,2025-06-10,298.20,paid,USD
in_000003027,cus_000000500230,2025-07-08,273.94,paid,USD
in_000003028,cus_000000500230,2025-08-09,302.67,paid,USD
in_000003029,cus_000000500230,2025-09-05,273.58,refunded,USD
in_000003030,cus_000000500230,2025-10-02,275.43,paid,USD
in_000003031,cus_000000500230,2025-11-04,275.47,paid,USD
in_000003032,cus_000000500230,2025-12-03,317.24,paid,USD
in_000003033,cus_000000500230,2026-01-01,311.79,paid,USD
in_000003034,cus_000000500230,2026-02-01,278.92,paid,USD
in_000003035,cus_000000500230,2026-02-28,287.29,void,USD
in_000003036,cus_000000500230,2026-03-31,302.45,paid,USD
in_000003037,cus_000000500230,2026-04-27,328.31,paid,USD
in_000003038,cus_000000500230,2026-05-27,300.13,paid,USD
in_000003039,cus_000000500230,2026-06-28,280.30,paid,USD
in_000003040,cus_000000500230,2026-07-30,285.24,paid,USD
in_000003041,cus_000000500231,2022-11-29,4631.52,paid,USD
in_000003042,cus_000000500231,2023-11-30,4206.23,paid,USD
in_000003043,cus_000000500231,2024-12-02,4638.86,paid,USD
in_000003044,cus_000000500231,2025-12-03,4312.06,paid,USD
in_000003045,cus_000000500232,2025-09-28,293.99,paid,USD
in_000003046,cus_000000500232,2025-10-25,279.12,paid,USD
in_000003047,cus_000000500232,2025-11-23,279.04,paid,USD
in_000003048,cus_000000500232,2025-12-23,315.92,paid,USD
in_000003049,cus_000000500232,2026-01-21,273.10,paid,USD
in_000003050,cus_000000500232,2026-02-17,303.75,paid,USD
in_000003051,cus_000000500232,2026-03-19,297.44,paid,USD
in_000003052,cus_000000500232,2026-04-18,323.27,paid,USD
in_000003053,cus_000000500232,2026-05-18,291.47,paid,USD
in_000003054,cus_000000500232,2026-06-15,320.39,paid,USD
in_000003055,cus_000000500232,2026-07-14,273.37,paid,USD
in_000003056,cus_000000500232,2026-08-12,273.88,paid,USD
in_000003057,cus_000000500233,2023-02-01,3651.42,paid,USD
in_000003058,cus_000000500233,2024-01-30,3523.68,paid,USD
in_000003059,cus_000000500233,2025-01-29,3706.12,paid,USD
in_000003060,cus_000000500233,2026-01-29,3453.60,paid,USD
in_000003061,cus_000000500234,2025-07-29,2749.09,paid,USD
in_000003062,cus_000000500234,2026-07-31,2610.33,paid,USD
in_000003063,cus_000000500235,2024-05-26,789.61,paid,USD
in_000003064,cus_000000500235,2024-06-24,824.29,paid,USD
in_000003065,cus_000000500235,2024-07-26,791.50,paid,USD
in_000003066,cus_000000500235,2024-08-23,890.08,paid,USD
in_000003067,cus_000000500235,2024-09-24,893.93,paid,USD
in_000003068,cus_000000500235,2024-10-21,851.27,paid,USD
in_000003069,cus_000000500235,2024-11-22,835.59,paid,USD
in_000003070,cus_000000500235,2024-12-20,756.89,paid,USD
in_000003071,cus_000000500235,2025-01-21,845.43,paid,USD
in_000003072,cus_000000500235,2025-02-21,884.84,paid,USD
in_000003073,cus_000000500235,2025-03-23,759.78,paid,USD
in_000003074,cus_000000500235,2025-04-20,800.95,paid,USD
in_000003075,cus_000000500235,2025-05-21,838.88,paid,USD
in_000003076,cus_000000500235,2025-06-19,902.05,paid,USD
in_000003077,cus_000000500235,2025-07-21,827.41,paid,USD
in_000003078,cus_000000500236,2025-11-21,883.79,paid,USD
in_000003079,cus_000000500236,2025-12-21,827.22,paid,USD
in_000003080,cus_000000500236,2026-01-18,824.70,paid,USD
in_000003081,cus_000000500236,2026-02-18,766.53,paid,USD
in_000003082,cus_000000500236,2026-03-19,885.14,paid,USD
in_000003083,cus_000000500236,2026-04-21,787.05,paid,USD
in_000003084,cus_000000500236,2026-05-21,858.85,paid,USD
in_000003085,cus_000000500236,2026-06-19,900.71,paid,USD
in_000003086,cus_000000500236,2026-07-17,873.18,paid,USD
in_000003087,cus_000000500236,2026-08-15,788.28,paid,USD
in_000003088,cus_000000500237,2025-09-23,53767.33,paid,USD
in_000003089,cus_000000500239,2025-11-19,3819.62,paid,USD
in_000003090,cus_000000500240,2026-04-16,116032.01,paid,USD
in_000003091,cus_000000500241,2025-05-06,3876.82,paid,USD
in_000003092,cus_000000500241,2026-05-04,3436.33,paid,USD
in_000003093,cus_000000500242,2025-07-19,8164.44,paid,USD
in_000003094,cus_000000500242,2025-08-21,8640.00,paid,USD
in_000003095,cus_000000500242,2025-09-21,9345.19,paid,USD
in_000003096,cus_000000500242,2025-10-20,9430.70,paid,USD
in_000003097,cus_000000500242,2025-11-20,9167.74,paid,USD
in_000003098,cus_000000500242,2025-12-21,9643.73,paid,USD
in_000003099,cus_000000500242,2026-01-17,8637.71,paid,USD
in_000003100,cus_000000500242,2026-02-19,8242.05,paid,USD
in_000003101,cus_000000500242,2026-03-19,8107.75,paid,USD
in_000003102,cus_000000500242,2026-04-16,8218.39,paid,USD
in_000003103,cus_000000500242,2026-05-13,8829.22,paid,USD
in_000003104,cus_000000500242,2026-06-14,8742.50,paid,USD
in_000003105,cus_000000500242,2026-07-12,9030.93,paid,USD
in_000003106,cus_000000500242,2026-08-12,9854.41,paid,USD
in_000003107,cus_000000500243,2023-12-05,862.31,paid,USD
in_000003108,cus_000000500243,2024-01-03,785.94,paid,USD
in_000003109,cus_000000500243,2024-01-30,912.57,paid,USD
in_000003110,cus_000000500243,2024-02-28,788.91,paid,USD
in_000003111,cus_000000500243,2024-03-26,896.48,paid,USD
in_000003112,cus_000000500243,2024-04-26,761.98,paid,USD
in_000003113,cus_000000500243,2024-05-26,881.99,paid,USD
in_000003114,cus_000000500243,2024-06-28,824.25,paid,USD
in_000003115,cus_000000500243,2024-07-30,770.34,paid,USD
in_000003116,cus_000000500243,2024-09-01,823.21,paid,USD
in_000003117,cus_000000500243,2024-10-04,776.30,paid,USD
in_000003118,cus_000000500243,2024-11-05,890.45,paid,USD
in_000003119,cus_000000500243,2024-12-05,860.98,paid,USD
in_000003120,cus_000000500243,2025-01-06,865.44,paid,USD
in_000003121,cus_000000500243,2025-02-07,815.89,paid,USD
in_000003122,cus_000000500243,2025-03-12,768.98,paid,USD
in_000003123,cus_000000500243,2025-04-08,753.00,paid,USD
in_000003124,cus_000000500243,2025-05-10,839.08,paid,USD
in_000003125,cus_000000500243,2025-06-11,804.68,paid,USD
in_000003126,cus_000000500243,2025-07-13,796.86,paid,USD
in_000003127,cus_000000500243,2025-08-13,775.35,paid,USD
in_000003128,cus_000000500243,2025-09-12,904.41,paid,USD
in_000003129,cus_000000500243,2025-10-11,852.63,paid,USD
in_000003130,cus_000000500243,2025-11-13,819.34,void,USD
in_000003131,cus_000000500243,2025-12-14,812.98,paid,USD
in_000003132,cus_000000500243,2026-01-16,892.75,paid,USD
in_000003133,cus_000000500243,2026-02-14,826.55,paid,USD
in_000003134,cus_000000500243,2026-03-13,765.35,paid,USD
in_000003135,cus_000000500243,2026-04-15,773.89,paid,USD
in_000003136,cus_000000500243,2026-05-15,883.51,paid,USD
in_000003137,cus_000000500243,2026-06-16,808.85,paid,USD
in_000003138,cus_000000500243,2026-07-13,909.12,paid,USD
in_000003139,cus_000000500243,2026-08-10,882.68,paid,USD
in_000003140,cus_000000500244,2024-10-17,2701.19,paid,USD
in_000003141,cus_000000500244,2025-10-20,2750.10,paid,USD
in_000003142,cus_000000500245,2023-09-17,3068.20,paid,USD
in_000003143,cus_000000500245,2024-09-17,3270.53,paid,USD
in_000003144,cus_000000500245,2025-09-16,3277.25,paid,USD
in_000003145,cus_000000500246,2022-10-29,309.88,paid,USD
in_000003146,cus_000000500246,2022-11-29,278.47,paid,USD
in_000003147,cus_000000500246,2022-12-29,305.26,paid,USD
in_000003148,cus_000000500246,2023-01-31,286.37,paid,USD
in_000003149,cus_000000500246,2023-03-02,295.96,paid,USD
in_000003150,cus_000000500246,2023-03-29,286.83,paid,USD
in_000003151,cus_000000500246,2023-04-26,296.81,paid,USD
in_000003152,cus_000000500246,2023-05-23,304.71,paid,USD
in_000003153,cus_000000500246,2023-06-25,283.24,paid,USD
in_000003154,cus_000000500246,2023-07-26,271.26,paid,USD
in_000003155,cus_000000500246,2023-08-22,276.15,paid,USD
in_000003156,cus_000000500246,2023-09-22,282.51,paid,USD
in_000003157,cus_000000500246,2023-10-24,322.02,paid,USD
in_000003158,cus_000000500246,2023-11-22,327.64,paid,USD
in_000003159,cus_000000500246,2023-12-21,289.88,void,USD
in_000003160,cus_000000500246,2024-01-20,273.17,void,USD
in_000003161,cus_000000500246,2024-02-20,296.27,paid,USD
in_000003162,cus_000000500246,2024-03-24,280.41,paid,USD
in_000003163,cus_000000500246,2024-04-26,328.66,paid,USD
in_000003164,cus_000000500246,2024-05-24,276.52,paid,USD
in_000003165,cus_000000500246,2024-06-23,308.58,void,USD
in_000003166,cus_000000500246,2024-07-25,304.58,paid,USD
in_000003167,cus_000000500246,2024-08-21,273.94,paid,USD
in_000003168,cus_000000500246,2024-09-21,319.87,paid,USD
in_000003169,cus_000000500246,2024-10-23,329.01,paid,USD
in_000003170,cus_000000500246,2024-11-25,322.20,paid,USD
in_000003171,cus_000000500246,2024-12-26,300.95,paid,USD
in_000003172,cus_000000500246,2025-01-23,305.38,paid,USD
in_000003173,cus_000000500246,2025-02-20,298.98,paid,USD
in_000003174,cus_000000500246,2025-03-19,319.83,paid,USD
in_000003175,cus_000000500246,2025-04-16,300.22,paid,USD
in_000003176,cus_000000500246,2025-05-19,306.56,paid,USD
in_000003177,cus_000000500246,2025-06-18,275.29,paid,USD
in_000003178,cus_000000500246,2025-07-18,307.84,paid,USD
in_000003179,cus_000000500246,2025-08-18,323.79,paid,USD
in_000003180,cus_000000500246,2025-09-19,323.90,paid,USD
in_000003181,cus_000000500246,2025-10-16,287.87,paid,USD
in_000003182,cus_000000500246,2025-11-13,306.50,paid,USD
in_000003183,cus_000000500246,2025-12-13,306.78,paid,USD
in_000003184,cus_000000500246,2026-01-11,325.66,paid,USD
in_000003185,cus_000000500246,2026-02-10,270.20,paid,USD
in_000003186,cus_000000500246,2026-03-10,329.72,paid,USD
in_000003187,cus_000000500246,2026-04-10,313.68,paid,USD
in_000003188,cus_000000500246,2026-05-11,327.29,paid,USD
in_000003189,cus_000000500246,2026-06-09,284.72,paid,USD
in_000003190,cus_000000500246,2026-07-12,305.40,paid,USD
in_000003191,cus_000000500246,2026-08-12,282.13,paid,USD
in_000003192,cus_000000500247,2025-10-09,308.76,paid,USD
in_000003193,cus_000000500247,2025-11-08,323.27,paid,USD
in_000003194,cus_000000500247,2025-12-11,294.31,paid,USD
in_000003195,cus_000000500247,2026-01-13,313.07,paid,USD
in_000003196,cus_000000500247,2026-02-13,317.52,paid,USD
in_000003197,cus_000000500247,2026-03-12,314.69,paid,USD
in_000003198,cus_000000500247,2026-04-09,285.18,paid,USD
in_000003199,cus_000000500247,2026-05-08,311.63,paid,USD
in_000003200,cus_000000500247,2026-06-08,304.15,paid,USD
in_000003201,cus_000000500247,2026-07-09,329.53,paid,USD
in_000003202,cus_000000500247,2026-08-11,316.13,paid,USD
in_000003203,cus_000000500248,2026-03-14,732.30,paid,USD
in_000003204,cus_000000500248,2026-04-13,766.81,paid,USD
in_000003205,cus_000000500248,2026-05-13,788.53,paid,USD
in_000003206,cus_000000500248,2026-06-15,702.08,paid,USD
in_000003207,cus_000000500248,2026-07-14,786.73,paid,USD
in_000003208,cus_000000500248,2026-08-13,659.49,paid,USD
in_000003209,cus_000000500250,2025-12-23,54172.75,paid,USD
in_000003210,cus_000000500251,2024-11-08,3477.78,paid,USD
in_000003211,cus_000000500251,2025-11-07,3280.44,paid,USD
in_000003212,cus_000000500252,2023-06-07,301.16,paid,USD
in_000003213,cus_000000500252,2023-07-08,324.80,paid,USD
in_000003214,cus_000000500252,2023-08-04,322.47,paid,USD
in_000003215,cus_000000500252,2023-09-01,300.56,paid,USD
in_000003216,cus_000000500252,2023-09-28,304.49,refunded,USD
in_000003217,cus_000000500252,2023-10-26,279.54,paid,USD
in_000003218,cus_000000500252,2023-11-24,276.98,paid,USD
in_000003219,cus_000000500252,2023-12-25,316.96,paid,USD
in_000003220,cus_000000500252,2024-01-24,308.44,paid,USD
in_000003221,cus_000000500252,2024-02-23,321.47,paid,USD
in_000003222,cus_000000500252,2024-03-22,297.67,paid,USD
in_000003223,cus_000000500252,2024-04-20,320.74,paid,USD
in_000003224,cus_000000500252,2024-05-19,303.40,failed,USD
in_000003225,cus_000000500252,2024-06-20,305.30,paid,USD
in_000003226,cus_000000500252,2024-07-20,278.27,paid,USD
in_000003227,cus_000000500252,2024-08-22,308.49,paid,USD
in_000003228,cus_000000500252,2024-09-19,295.47,paid,USD
in_000003229,cus_000000500252,2024-10-21,310.12,paid,USD
in_000003230,cus_000000500252,2024-11-23,313.08,paid,USD
in_000003231,cus_000000500252,2024-12-26,286.80,paid,USD
in_000003232,cus_000000500252,2025-01-27,313.12,paid,USD
in_000003233,cus_000000500252,2025-02-28,273.18,paid,USD
in_000003234,cus_000000500252,2025-03-29,282.71,paid,USD
in_000003235,cus_000000500252,2025-04-25,287.46,paid,USD
in_000003236,cus_000000500252,2025-05-28,301.43,paid,USD
in_000003237,cus_000000500252,2025-06-30,326.97,paid,USD
in_000003238,cus_000000500252,2025-07-28,279.17,paid,USD
in_000003239,cus_000000500252,2025-08-24,328.44,paid,USD
in_000003240,cus_000000500252,2025-09-20,311.59,paid,USD
in_000003241,cus_000000500252,2025-10-18,276.14,paid,USD
in_000003242,cus_000000500252,2025-11-17,317.98,paid,USD
in_000003243,cus_000000500252,2025-12-18,303.52,paid,USD
in_000003244,cus_000000500252,2026-01-20,287.04,paid,USD
in_000003245,cus_000000500252,2026-02-21,329.66,paid,USD
in_000003246,cus_000000500252,2026-03-23,297.82,paid,USD
in_000003247,cus_000000500252,2026-04-21,280.89,paid,USD
in_000003248,cus_000000500252,2026-05-20,275.38,paid,USD
in_000003249,cus_000000500252,2026-06-21,319.91,paid,USD
in_000003250,cus_000000500252,2026-07-18,275.95,paid,USD
in_000003251,cus_000000500252,2026-08-20,273.58,paid,USD
in_000003252,cus_000000500253,2024-11-13,242.61,paid,USD
in_000003253,cus_000000500253,2024-12-12,245.05,paid,USD
in_000003254,cus_000000500254,2025-07-06,2532.77,paid,USD
in_000003255,cus_000000500254,2025-08-06,2316.59,refunded,USD
in_000003256,cus_000000500254,2025-09-02,2670.07,paid,USD
in_000003257,cus_000000500254,2025-10-05,2702.32,paid,USD
in_000003258,cus_000000500254,2025-11-05,2752.97,paid,USD
in_000003259,cus_000000500254,2025-12-05,2477.86,paid,USD
in_000003260,cus_000000500254,2026-01-05,2689.88,refunded,USD
in_000003261,cus_000000500254,2026-02-06,2547.46,paid,USD
in_000003262,cus_000000500254,2026-03-10,2364.84,refunded,USD
in_000003263,cus_000000500254,2026-04-06,2699.84,paid,USD
in_000003264,cus_000000500254,2026-05-05,2674.71,paid,USD
in_000003265,cus_000000500254,2026-06-04,2746.33,paid,USD
in_000003266,cus_000000500254,2026-07-04,2391.10,paid,USD
in_000003267,cus_000000500254,2026-07-31,2285.61,paid,USD
in_000003268,cus_000000500255,2024-09-15,1145.53,paid,USD
in_000003269,cus_000000500255,2024-10-13,1031.28,paid,USD
in_000003270,cus_000000500255,2024-11-15,983.05,paid,USD
in_000003271,cus_000000500255,2024-12-13,1128.39,paid,USD
in_000003272,cus_000000500255,2025-01-11,1134.20,paid,USD
in_000003273,cus_000000500255,2025-02-11,1181.93,paid,USD
in_000003274,cus_000000500255,2025-03-11,1119.08,paid,USD
in_000003275,cus_000000500255,2025-04-13,1066.40,refunded,USD
in_000003276,cus_000000500255,2025-05-11,1155.52,paid,USD
in_000003277,cus_000000500255,2025-06-11,1039.46,paid,USD
in_000003278,cus_000000500255,2025-07-12,1090.61,paid,USD
in_000003279,cus_000000500255,2025-08-10,1156.33,paid,USD
in_000003280,cus_000000500255,2025-09-09,1037.65,paid,USD
in_000003281,cus_000000500255,2025-10-12,1009.20,paid,USD
in_000003282,cus_000000500255,2025-11-08,1179.79,paid,USD
in_000003283,cus_000000500255,2025-12-06,1017.33,paid,USD
in_000003284,cus_000000500255,2026-01-05,1083.48,paid,USD
in_000003285,cus_000000500255,2026-02-01,1027.57,paid,USD
in_000003286,cus_000000500255,2026-03-06,1089.81,paid,USD
in_000003287,cus_000000500255,2026-04-03,1171.89,paid,USD
in_000003288,cus_000000500255,2026-05-03,1129.75,paid,USD
in_000003289,cus_000000500255,2026-05-31,1070.04,void,USD
in_000003290,cus_000000500255,2026-06-28,1051.68,paid,USD
in_000003291,cus_000000500255,2026-07-25,1145.88,paid,USD
in_000003292,cus_000000500256,2025-10-30,310.02,paid,USD
in_000003293,cus_000000500256,2025-11-28,297.92,paid,USD
in_000003294,cus_000000500256,2025-12-25,274.49,paid,USD
in_000003295,cus_000000500256,2026-01-24,300.70,paid,USD
in_000003296,cus_000000500256,2026-02-23,305.99,paid,USD
in_000003297,cus_000000500256,2026-03-25,275.60,paid,USD
in_000003298,cus_000000500257,2024-02-24,8065.28,paid,USD
in_000003299,cus_000000500258,2023-03-20,691.44,paid,USD
in_000003300,cus_000000500258,2023-04-21,809.86,paid,USD
in_000003301,cus_000000500258,2023-05-21,753.38,paid,USD
in_000003302,cus_000000500258,2023-06-23,673.74,paid,USD
in_000003303,cus_000000500258,2023-07-25,751.37,paid,USD
in_000003304,cus_000000500258,2023-08-26,670.07,paid,USD
in_000003305,cus_000000500258,2023-09-23,730.56,paid,USD
in_000003306,cus_000000500258,2023-10-21,780.27,paid,USD
in_000003307,cus_000000500258,2023-11-21,761.01,paid,USD
in_000003308,cus_000000500258,2023-12-24,703.98,refunded,USD
in_000003309,cus_000000500258,2024-01-24,704.25,paid,USD
in_000003310,cus_000000500258,2024-02-26,809.14,paid,USD
in_000003311,cus_000000500258,2024-03-25,779.46,paid,USD
in_000003312,cus_000000500258,2024-04-24,786.44,paid,USD
in_000003313,cus_000000500258,2024-05-24,770.66,paid,USD
in_000003314,cus_000000500258,2024-06-22,691.88,paid,USD
in_000003315,cus_000000500258,2024-07-19,720.06,void,USD
in_000003316,cus_000000500258,2024-08-19,688.29,paid,USD
in_000003317,cus_000000500258,2024-09-19,735.91,paid,USD
in_000003318,cus_000000500258,2024-10-21,804.43,paid,USD
in_000003319,cus_000000500258,2024-11-19,691.57,paid,USD
in_000003320,cus_000000500258,2024-12-16,732.84,paid,USD
in_000003321,cus_000000500258,2025-01-15,788.33,paid,USD
in_000003322,cus_000000500258,2025-02-13,815.11,paid,USD
in_000003323,cus_000000500258,2025-03-16,747.24,paid,USD
in_000003324,cus_000000500258,2025-04-13,709.11,failed,USD
in_000003325,cus_000000500258,2025-05-11,677.76,refunded,USD
in_000003326,cus_000000500258,2025-06-08,674.60,paid,USD
in_000003327,cus_000000500258,2025-07-05,748.46,paid,USD
in_000003328,cus_000000500258,2025-08-01,765.63,paid,USD
in_000003329,cus_000000500258,2025-08-31,695.70,paid,USD
in_000003330,cus_000000500258,2025-09-29,755.74,paid,USD
in_000003331,cus_000000500258,2025-10-31,773.39,paid,USD
in_000003332,cus_000000500258,2025-11-30,684.49,paid,USD
in_000003333,cus_000000500258,2025-12-29,797.93,paid,USD
in_000003334,cus_000000500259,2024-01-02,4858.31,paid,USD
in_000003335,cus_000000500259,2024-12-29,5147.47,paid,USD
in_000003336,cus_000000500260,2026-06-01,199.55,paid,USD
in_000003337,cus_000000500260,2026-07-04,201.61,paid,USD
in_000003338,cus_000000500260,2026-08-04,214.62,paid,USD
in_000003339,cus_000000500261,2026-02-02,291.94,paid,USD
in_000003340,cus_000000500261,2026-03-07,311.97,paid,USD
in_000003341,cus_000000500261,2026-04-04,326.18,paid,USD
in_000003342,cus_000000500262,2022-11-04,5064.10,paid,USD
in_000003343,cus_000000500262,2022-12-01,5190.13,paid,USD
in_000003344,cus_000000500262,2022-12-28,5190.20,paid,USD
in_000003345,cus_000000500262,2023-01-27,4685.46,paid,USD
in_000003346,cus_000000500262,2023-03-01,4744.48,paid,USD
in_000003347,cus_000000500262,2023-03-28,4998.47,paid,USD
in_000003348,cus_000000500262,2023-04-24,4758.51,paid,USD
in_000003349,cus_000000500262,2023-05-21,4641.75,paid,USD
in_000003350,cus_000000500262,2023-06-19,4882.90,paid,USD
in_000003351,cus_000000500262,2023-07-18,4960.96,paid,USD
in_000003352,cus_000000500262,2023-08-19,5016.63,paid,USD
in_000003353,cus_000000500262,2023-09-20,5145.62,paid,USD
in_000003354,cus_000000500262,2023-10-17,4973.73,paid,USD
in_000003355,cus_000000500262,2023-11-17,4542.02,paid,USD
in_000003356,cus_000000500262,2023-12-14,4875.96,paid,USD
in_000003357,cus_000000500262,2024-01-15,4683.04,paid,USD
in_000003358,cus_000000500262,2024-02-11,4751.13,paid,USD
in_000003359,cus_000000500262,2024-03-10,4749.00,paid,USD
in_000003360,cus_000000500262,2024-04-08,4766.74,paid,USD
in_000003361,cus_000000500262,2024-05-07,4560.92,paid,USD
in_000003362,cus_000000500262,2024-06-07,5228.31,paid,USD
in_000003363,cus_000000500262,2024-07-04,4447.39,paid,USD
in_000003364,cus_000000500262,2024-08-06,4390.46,paid,USD
in_000003365,cus_000000500262,2024-09-05,4415.57,paid,USD
in_000003366,cus_000000500262,2024-10-08,4860.39,paid,USD
in_000003367,cus_000000500262,2024-11-07,4769.74,paid,USD
in_000003368,cus_000000500262,2024-12-08,4426.20,paid,USD
in_000003369,cus_000000500262,2025-01-08,5011.96,paid,USD
in_000003370,cus_000000500262,2025-02-09,5109.38,paid,USD
in_000003371,cus_000000500262,2025-03-13,4975.86,paid,USD
in_000003372,cus_000000500262,2025-04-11,5263.94,paid,USD
in_000003373,cus_000000500262,2025-05-13,4347.01,paid,USD
in_000003374,cus_000000500262,2025-06-15,4340.12,paid,USD
in_000003375,cus_000000500262,2025-07-18,4472.00,paid,USD
in_000003376,cus_000000500262,2025-08-16,4977.45,paid,USD
in_000003377,cus_000000500262,2025-09-13,4814.89,paid,USD
in_000003378,cus_000000500262,2025-10-11,5019.71,paid,USD
in_000003379,cus_000000500262,2025-11-08,4918.29,paid,USD
in_000003380,cus_000000500262,2025-12-11,4515.03,paid,USD
in_000003381,cus_000000500262,2026-01-07,4688.79,paid,USD
in_000003382,cus_000000500262,2026-02-06,4368.34,paid,USD
in_000003383,cus_000000500262,2026-03-06,5269.44,paid,USD
in_000003384,cus_000000500262,2026-04-06,4691.39,paid,USD
in_000003385,cus_000000500262,2026-05-05,4595.06,paid,USD
in_000003386,cus_000000500262,2026-06-06,5045.04,paid,USD
in_000003387,cus_000000500262,2026-07-03,5212.25,refunded,USD
in_000003388,cus_000000500262,2026-08-04,4339.14,paid,USD
in_000003389,cus_000000500263,2023-02-20,307.21,paid,USD
in_000003390,cus_000000500263,2023-03-21,290.37,paid,USD
in_000003391,cus_000000500263,2023-04-20,316.75,paid,USD
in_000003392,cus_000000500263,2023-05-20,292.23,paid,USD
in_000003393,cus_000000500263,2023-06-20,305.52,paid,USD
in_000003394,cus_000000500263,2023-07-19,292.43,paid,USD
in_000003395,cus_000000500263,2023-08-21,286.78,paid,USD
in_000003396,cus_000000500263,2023-09-23,323.13,paid,USD
in_000003397,cus_000000500263,2023-10-24,328.15,paid,USD
in_000003398,cus_000000500263,2023-11-20,285.54,paid,USD
in_000003399,cus_000000500263,2023-12-19,310.93,paid,USD
in_000003400,cus_000000500263,2024-01-21,301.32,paid,USD
in_000003401,cus_000000500263,2024-02-19,272.93,paid,USD
in_000003402,cus_000000500263,2024-03-23,316.42,paid,USD
in_000003403,cus_000000500263,2024-04-24,302.28,paid,USD
in_000003404,cus_000000500263,2024-05-25,295.68,paid,USD
in_000003405,cus_000000500263,2024-06-23,313.61,paid,USD
in_000003406,cus_000000500263,2024-07-21,275.48,paid,USD
in_000003407,cus_000000500263,2024-08-23,301.56,paid,USD
in_000003408,cus_000000500263,2024-09-20,314.49,paid,USD
in_000003409,cus_000000500263,2024-10-22,321.91,paid,USD
in_000003410,cus_000000500263,2024-11-24,326.90,paid,USD
in_000003411,cus_000000500263,2024-12-24,312.61,void,USD
in_000003412,cus_000000500263,2025-01-20,273.01,paid,USD
in_000003413,cus_000000500263,2025-02-16,319.88,paid,USD
in_000003414,cus_000000500263,2025-03-18,293.45,paid,USD
in_000003415,cus_000000500263,2025-04-14,280.96,paid,USD
in_000003416,cus_000000500263,2025-05-12,277.05,paid,USD
in_000003417,cus_000000500263,2025-06-09,316.76,paid,USD
in_000003418,cus_000000500263,2025-07-11,277.32,paid,USD
in_000003419,cus_000000500263,2025-08-11,300.40,paid,USD
in_000003420,cus_000000500263,2025-09-08,272.98,paid,USD
in_000003421,cus_000000500263,2025-10-10,318.84,paid,USD
in_000003422,cus_000000500263,2025-11-06,319.21,paid,USD
in_000003423,cus_000000500263,2025-12-06,319.17,paid,USD
in_000003424,cus_000000500263,2026-01-04,311.36,paid,USD
in_000003425,cus_000000500263,2026-02-05,285.32,paid,USD
in_000003426,cus_000000500263,2026-03-10,328.46,paid,USD
in_000003427,cus_000000500263,2026-04-09,329.05,paid,USD
in_000003428,cus_000000500263,2026-05-11,278.90,void,USD
in_000003429,cus_000000500263,2026-06-07,324.10,paid,USD
in_000003430,cus_000000500263,2026-07-06,270.04,paid,USD
in_000003431,cus_000000500263,2026-08-06,272.10,paid,USD
in_000003432,cus_000000500264,2023-04-07,1106.95,paid,USD
in_000003433,cus_000000500264,2023-05-04,1115.43,paid,USD
in_000003434,cus_000000500264,2023-06-02,1114.07,paid,USD
in_000003435,cus_000000500264,2023-07-05,1135.58,paid,USD
in_000003436,cus_000000500264,2023-08-05,1202.96,paid,USD
in_000003437,cus_000000500264,2023-09-02,1004.65,paid,USD
in_000003438,cus_000000500264,2023-09-29,1192.94,paid,USD
in_000003439,cus_000000500264,2023-10-26,1210.81,paid,USD
in_000003440,cus_000000500264,2023-11-28,1047.61,paid,USD
in_000003441,cus_000000500264,2023-12-31,1167.57,paid,USD
in_000003442,cus_000000500264,2024-01-31,1131.33,paid,USD
in_000003443,cus_000000500264,2024-02-28,1122.57,paid,USD
in_000003444,cus_000000500264,2024-03-28,1001.23,paid,USD
in_000003445,cus_000000500264,2024-04-27,1004.94,paid,USD
in_000003446,cus_000000500264,2024-05-24,1025.98,paid,USD
in_000003447,cus_000000500264,2024-06-21,1088.46,paid,USD
in_000003448,cus_000000500264,2024-07-18,1080.58,paid,USD
in_000003449,cus_000000500264,2024-08-18,1065.90,paid,USD
in_000003450,cus_000000500264,2024-09-20,1202.42,paid,USD
in_000003451,cus_000000500264,2024-10-20,1177.89,paid,USD
in_000003452,cus_000000500264,2024-11-18,1143.62,paid,USD
in_000003453,cus_000000500264,2024-12-18,1069.69,paid,USD
in_000003454,cus_000000500264,2025-01-14,1140.02,paid,USD
in_000003455,cus_000000500264,2025-02-10,1133.74,paid,USD
in_000003456,cus_000000500264,2025-03-14,1026.24,void,USD
in_000003457,cus_000000500264,2025-04-13,1096.42,paid,USD
in_000003458,cus_000000500264,2025-05-14,1188.57,paid,USD
in_000003459,cus_000000500264,2025-06-15,1132.01,paid,USD
in_000003460,cus_000000500264,2025-07-16,1086.49,paid,USD
in_000003461,cus_000000500264,2025-08-18,1047.40,paid,USD
in_000003462,cus_000000500264,2025-09-17,1182.05,paid,USD
in_000003463,cus_000000500264,2025-10-20,1128.77,paid,USD
in_000003464,cus_000000500264,2025-11-22,1026.56,paid,USD
in_000003465,cus_000000500264,2025-12-22,1194.16,paid,USD
in_000003466,cus_000000500264,2026-01-23,1189.60,paid,USD
in_000003467,cus_000000500264,2026-02-19,1021.82,paid,USD
in_000003468,cus_000000500264,2026-03-22,1137.15,paid,USD
in_000003469,cus_000000500264,2026-04-19,1175.37,paid,USD
in_000003470,cus_000000500264,2026-05-16,1121.86,paid,USD
in_000003471,cus_000000500264,2026-06-14,1182.44,paid,USD
in_000003472,cus_000000500264,2026-07-15,1036.04,paid,USD
in_000003473,cus_000000500264,2026-08-12,1202.78,paid,USD
in_000003474,cus_000000500265,2022-12-06,120322.24,paid,USD
in_000003475,cus_000000500265,2023-12-06,114443.05,paid,USD
in_000003476,cus_000000500265,2024-12-06,115374.50,paid,USD
in_000003477,cus_000000500265,2025-12-09,109662.61,paid,USD
in_000003478,cus_000000500266,2024-03-16,65330.34,paid,USD
in_000003479,cus_000000500266,2025-03-14,62411.64,void,USD
in_000003480,cus_000000500268,2024-08-01,296.64,paid,USD
in_000003481,cus_000000500268,2024-08-30,292.43,failed,USD
in_000003482,cus_000000500268,2024-09-30,322.06,paid,USD
in_000003483,cus_000000500268,2024-10-29,294.86,paid,USD
in_000003484,cus_000000500268,2024-11-25,296.45,paid,USD
in_000003485,cus_000000500268,2024-12-27,298.39,paid,USD
in_000003486,cus_000000500268,2025-01-24,311.73,paid,USD
in_000003487,cus_000000500268,2025-02-24,276.26,paid,USD
in_000003488,cus_000000500268,2025-03-29,312.35,paid,USD
in_000003489,cus_000000500268,2025-05-01,328.28,paid,USD
in_000003490,cus_000000500268,2025-05-30,279.81,paid,USD
in_000003491,cus_000000500268,2025-06-28,306.26,paid,USD
in_000003492,cus_000000500268,2025-07-26,279.93,paid,USD
in_000003493,cus_000000500268,2025-08-23,281.14,paid,USD
in_000003494,cus_000000500268,2025-09-21,283.00,paid,USD
in_000003495,cus_000000500268,2025-10-18,307.83,paid,USD
in_000003496,cus_000000500268,2025-11-19,323.84,paid,USD
in_000003497,cus_000000500268,2025-12-18,275.54,paid,USD
in_000003498,cus_000000500268,2026-01-16,271.24,refunded,USD
in_000003499,cus_000000500268,2026-02-14,308.63,paid,USD
in_000003500,cus_000000500268,2026-03-15,284.09,paid,USD
in_000003501,cus_000000500268,2026-04-13,312.54,paid,USD
in_000003502,cus_000000500268,2026-05-12,303.66,paid,USD
in_000003503,cus_000000500268,2026-06-11,323.43,paid,USD
in_000003504,cus_000000500268,2026-07-11,314.81,failed,USD
in_000003505,cus_000000500268,2026-08-07,298.65,paid,USD
in_000003506,cus_000000500269,2023-03-28,69424.01,paid,USD
in_000003507,cus_000000500269,2024-03-29,72307.43,paid,USD
in_000003508,cus_000000500269,2025-03-26,69869.29,paid,USD
in_000003509,cus_000000500269,2026-03-28,68946.33,paid,USD
in_000003510,cus_000000500270,2025-07-05,331.89,paid,USD
in_000003511,cus_000000500270,2025-08-03,359.72,paid,USD
in_000003512,cus_000000500270,2025-08-30,398.52,paid,USD
in_000003513,cus_000000500270,2025-10-01,355.71,paid,USD
in_000003514,cus_000000500270,2025-11-01,379.69,paid,USD
in_000003515,cus_000000500270,2025-11-28,348.23,paid,USD
in_000003516,cus_000000500270,2025-12-29,380.01,paid,USD
in_000003517,cus_000000500270,2026-01-26,377.77,paid,USD
in_000003518,cus_000000500270,2026-02-24,374.70,paid,USD
in_000003519,cus_000000500270,2026-03-24,369.36,paid,USD
in_000003520,cus_000000500270,2026-04-24,370.65,paid,USD
in_000003521,cus_000000500270,2026-05-21,379.90,paid,USD
in_000003522,cus_000000500270,2026-06-17,375.90,paid,USD
in_000003523,cus_000000500270,2026-07-18,350.04,paid,USD
in_000003524,cus_000000500270,2026-08-18,356.67,paid,USD
in_000003525,cus_000000500271,2023-09-18,7075.04,paid,USD
in_000003526,cus_000000500271,2024-09-17,7801.16,paid,USD
in_000003527,cus_000000500272,2025-06-20,670.13,paid,USD
in_000003528,cus_000000500272,2025-07-22,620.70,paid,USD
in_000003529,cus_000000500272,2025-08-21,719.14,paid,USD
in_000003530,cus_000000500272,2025-09-22,678.90,paid,USD
in_000003531,cus_000000500272,2025-10-21,640.53,paid,USD
in_000003532,cus_000000500272,2025-11-21,662.06,refunded,USD
in_000003533,cus_000000500272,2025-12-21,652.34,refunded,USD
in_000003534,cus_000000500272,2026-01-17,647.98,paid,USD
in_000003535,cus_000000500272,2026-02-14,647.80,paid,USD
in_000003536,cus_000000500272,2026-03-16,725.66,paid,USD
in_000003537,cus_000000500272,2026-04-13,667.80,paid,USD
in_000003538,cus_000000500272,2026-05-12,688.16,paid,USD
in_000003539,cus_000000500272,2026-06-09,620.39,paid,USD
in_000003540,cus_000000500272,2026-07-10,627.22,paid,USD
in_000003541,cus_000000500274,2025-06-25,283.10,paid,USD
in_000003542,cus_000000500274,2025-07-27,324.91,paid,USD
in_000003543,cus_000000500274,2025-08-29,321.94,paid,USD
in_000003544,cus_000000500274,2025-09-26,319.94,paid,USD
in_000003545,cus_000000500274,2025-10-26,289.65,paid,USD
in_000003546,cus_000000500274,2025-11-27,321.71,paid,USD
in_000003547,cus_000000500274,2025-12-30,281.66,paid,USD
in_000003548,cus_000000500274,2026-01-26,283.41,refunded,USD
in_000003549,cus_000000500274,2026-02-23,326.72,paid,USD
in_000003550,cus_000000500274,2026-03-26,301.34,paid,USD
in_000003551,cus_000000500274,2026-04-24,302.73,paid,USD
in_000003552,cus_000000500274,2026-05-22,276.24,paid,USD
in_000003553,cus_000000500274,2026-06-24,326.45,paid,USD
in_000003554,cus_000000500274,2026-07-23,285.53,paid,USD
in_000003555,cus_000000500275,2024-04-22,403.33,paid,USD
in_000003556,cus_000000500275,2024-05-24,470.49,paid,USD
in_000003557,cus_000000500275,2024-06-23,469.53,paid,USD
in_000003558,cus_000000500275,2024-07-20,422.86,paid,USD
in_000003559,cus_000000500275,2024-08-18,470.67,paid,USD
in_000003560,cus_000000500275,2024-09-15,472.66,paid,USD
in_000003561,cus_000000500275,2024-10-16,432.28,paid,USD
in_000003562,cus_000000500275,2024-11-16,470.30,paid,USD
in_000003563,cus_000000500275,2024-12-14,418.02,paid,USD
in_000003564,cus_000000500275,2025-01-10,414.09,paid,USD
in_000003565,cus_000000500275,2025-02-12,425.01,paid,USD
in_000003566,cus_000000500275,2025-03-17,482.41,failed,USD
in_000003567,cus_000000500275,2025-04-17,465.04,paid,USD
in_000003568,cus_000000500275,2025-05-20,430.01,paid,USD
in_000003569,cus_000000500275,2025-06-16,417.46,paid,USD
in_000003570,cus_000000500275,2025-07-18,424.43,paid,USD
in_000003571,cus_000000500275,2025-08-14,455.56,paid,USD
in_000003572,cus_000000500275,2025-09-14,479.57,paid,USD
in_000003573,cus_000000500275,2025-10-13,454.73,paid,USD
in_000003574,cus_000000500275,2025-11-15,472.74,paid,USD
in_000003575,cus_000000500275,2025-12-13,488.60,void,USD
in_000003576,cus_000000500275,2026-01-12,466.79,paid,USD
in_000003577,cus_000000500275,2026-02-13,442.37,paid,USD
in_000003578,cus_000000500275,2026-03-18,416.15,paid,USD
in_000003579,cus_000000500275,2026-04-16,460.30,refunded,USD
in_000003580,cus_000000500275,2026-05-17,424.17,refunded,USD
in_000003581,cus_000000500275,2026-06-16,490.48,paid,USD
in_000003582,cus_000000500275,2026-07-15,404.17,paid,USD
in_000003583,cus_000000500275,2026-08-14,460.05,paid,USD
in_000003584,cus_000000500276,2024-12-24,123619.26,paid,USD
in_000003585,cus_000000500277,2025-01-17,335.42,paid,USD
in_000003586,cus_000000500277,2025-02-13,379.78,paid,USD
in_000003587,cus_000000500277,2025-03-14,336.30,paid,USD
in_000003588,cus_000000500277,2025-04-10,330.75,paid,USD
in_000003589,cus_000000500277,2025-05-11,350.44,paid,USD
in_000003590,cus_000000500277,2025-06-10,337.17,paid,USD
in_000003591,cus_000000500277,2025-07-09,380.25,paid,USD
in_000003592,cus_000000500277,2025-08-11,330.76,paid,USD
in_000003593,cus_000000500277,2025-09-12,328.35,paid,USD
in_000003594,cus_000000500277,2025-10-10,337.59,paid,USD
in_000003595,cus_000000500277,2025-11-12,352.64,paid,USD
in_000003596,cus_000000500277,2025-12-12,375.97,paid,USD
in_000003597,cus_000000500277,2026-01-12,357.78,paid,USD
in_000003598,cus_000000500277,2026-02-10,377.47,paid,USD
in_000003599,cus_000000500277,2026-03-12,328.72,refunded,USD
in_000003600,cus_000000500277,2026-04-12,357.85,paid,USD
in_000003601,cus_000000500277,2026-05-13,352.67,paid,USD
in_000003602,cus_000000500277,2026-06-11,386.46,paid,USD
in_000003603,cus_000000500277,2026-07-08,348.74,paid,USD
in_000003604,cus_000000500277,2026-08-08,348.01,paid,USD
in_000003605,cus_000000500278,2024-02-06,2693.33,paid,USD
in_000003606,cus_000000500278,2025-02-02,2431.28,paid,USD
in_000003607,cus_000000500279,2023-09-19,239.21,paid,USD
in_000003608,cus_000000500279,2023-10-21,211.22,paid,USD
in_000003609,cus_000000500279,2023-11-17,244.67,paid,USD
in_000003610,cus_000000500279,2023-12-19,208.22,paid,USD
in_000003611,cus_000000500279,2024-01-17,235.28,paid,USD
in_000003612,cus_000000500279,2024-02-13,218.12,paid,USD
in_000003613,cus_000000500279,2024-03-15,212.63,paid,USD
in_000003614,cus_000000500279,2024-04-12,209.58,paid,USD
in_000003615,cus_000000500279,2024-05-09,248.19,paid,USD
in_000003616,cus_000000500279,2024-06-09,228.39,paid,USD
in_000003617,cus_000000500279,2024-07-12,225.41,paid,USD
in_000003618,cus_000000500279,2024-08-10,237.74,paid,USD
in_000003619,cus_000000500279,2024-09-07,243.88,paid,USD
in_000003620,cus_000000500279,2024-10-07,203.79,paid,USD
in_000003621,cus_000000500279,2024-11-07,229.73,paid,USD
in_000003622,cus_000000500279,2024-12-08,232.36,paid,USD
in_000003623,cus_000000500279,2025-01-06,207.79,paid,USD
in_000003624,cus_000000500279,2025-02-05,238.99,paid,USD
in_000003625,cus_000000500279,2025-03-08,232.60,paid,USD
in_000003626,cus_000000500279,2025-04-08,207.61,paid,USD
in_000003627,cus_000000500279,2025-05-05,245.80,paid,USD
in_000003628,cus_000000500279,2025-06-04,209.63,paid,USD
in_000003629,cus_000000500279,2025-07-06,209.63,paid,USD
in_000003630,cus_000000500279,2025-08-05,245.56,paid,USD
in_000003631,cus_000000500279,2025-09-04,215.27,paid,USD
in_000003632,cus_000000500279,2025-10-07,204.64,paid,USD
in_000003633,cus_000000500279,2025-11-07,216.65,paid,USD
in_000003634,cus_000000500279,2025-12-08,240.83,paid,USD
in_000003635,cus_000000500279,2026-01-04,246.17,paid,USD
in_000003636,cus_000000500279,2026-02-04,218.37,paid,USD
in_000003637,cus_000000500279,2026-03-04,217.54,paid,USD
in_000003638,cus_000000500279,2026-04-02,233.58,paid,USD
in_000003639,cus_000000500279,2026-05-02,234.73,paid,USD
in_000003640,cus_000000500279,2026-06-01,242.94,paid,USD
in_000003641,cus_000000500279,2026-07-02,233.59,paid,USD
in_000003642,cus_000000500279,2026-07-29,234.81,paid,USD
in_000003643,cus_000000500280,2025-09-08,3251.40,paid,USD
in_000003644,cus_000000500281,2024-12-31,8265.40,paid,USD
in_000003645,cus_000000500281,2025-01-31,9673.00,paid,USD
in_000003646,cus_000000500281,2025-03-03,9666.12,paid,USD
in_000003647,cus_000000500281,2025-04-01,8475.95,paid,USD
in_000003648,cus_000000500281,2025-05-04,8619.87,paid,USD
in_000003649,cus_000000500281,2025-06-02,8646.45,paid,USD
in_000003650,cus_000000500281,2025-07-02,9148.97,paid,USD
in_000003651,cus_000000500281,2025-08-01,9195.77,paid,USD
in_000003652,cus_000000500281,2025-08-30,9581.68,paid,USD
in_000003653,cus_000000500281,2025-10-01,9293.19,paid,USD
in_000003654,cus_000000500281,2025-10-31,9240.84,paid,USD
in_000003655,cus_000000500281,2025-12-03,8407.29,paid,USD
in_000003656,cus_000000500281,2026-01-01,8946.69,paid,USD
in_000003657,cus_000000500281,2026-02-02,8676.98,paid,USD
in_000003658,cus_000000500281,2026-03-03,8137.35,paid,USD
in_000003659,cus_000000500282,2023-05-31,11911.73,paid,USD
in_000003660,cus_000000500282,2024-05-29,11974.84,paid,USD
in_000003661,cus_000000500282,2025-05-27,14039.13,paid,USD
in_000003662,cus_000000500283,2024-02-09,12976.03,paid,USD
in_000003663,cus_000000500283,2025-02-08,12985.09,paid,USD
in_000003664,cus_000000500284,2024-12-23,107821.09,void,USD
in_000003665,cus_000000500284,2025-12-24,110943.26,paid,USD
in_000003666,cus_000000500286,2023-05-24,7506.99,paid,USD
in_000003667,cus_000000500286,2023-06-26,8215.14,paid,USD
in_000003668,cus_000000500286,2023-07-24,8747.06,paid,USD
in_000003669,cus_000000500286,2023-08-20,8695.37,paid,USD
in_000003670,cus_000000500286,2023-09-16,8360.46,paid,USD
in_000003671,cus_000000500286,2023-10-18,7794.35,paid,USD
in_000003672,cus_000000500286,2023-11-14,7795.17,paid,USD
in_000003673,cus_000000500286,2023-12-11,7855.21,paid,USD
in_000003674,cus_000000500286,2024-01-11,8766.62,paid,USD
in_000003675,cus_000000500286,2024-02-13,7624.06,paid,USD
in_000003676,cus_000000500286,2024-03-14,8506.93,paid,USD
in_000003677,cus_000000500286,2024-04-12,8614.21,paid,USD
in_000003678,cus_000000500286,2024-05-10,8111.62,paid,USD
in_000003679,cus_000000500286,2024-06-09,7652.79,paid,USD
in_000003680,cus_000000500286,2024-07-07,8385.06,paid,USD
in_000003681,cus_000000500286,2024-08-07,8185.30,paid,USD
in_000003682,cus_000000500286,2024-09-07,7728.82,paid,USD
in_000003683,cus_000000500286,2024-10-08,8365.57,paid,USD
in_000003684,cus_000000500286,2024-11-10,7905.73,paid,USD
in_000003685,cus_000000500286,2024-12-13,8896.98,paid,USD
in_000003686,cus_000000500286,2025-01-15,8817.17,paid,USD
in_000003687,cus_000000500286,2025-02-15,7654.20,paid,USD
in_000003688,cus_000000500286,2025-03-20,7986.54,void,USD
in_000003689,cus_000000500286,2025-04-20,7536.52,paid,USD
in_000003690,cus_000000500286,2025-05-23,8995.72,paid,USD
in_000003691,cus_000000500286,2025-06-25,8207.50,paid,USD
in_000003692,cus_000000500286,2025-07-23,7790.26,paid,USD
in_000003693,cus_000000500286,2025-08-25,8008.58,paid,USD
in_000003694,cus_000000500286,2025-09-25,7529.87,paid,USD
in_000003695,cus_000000500286,2025-10-28,7494.03,void,USD
in_000003696,cus_000000500286,2025-11-28,8808.54,paid,USD
in_000003697,cus_000000500286,2025-12-31,7901.43,paid,USD
in_000003698,cus_000000500286,2026-01-27,7764.06,paid,USD
in_000003699,cus_000000500286,2026-02-26,8392.24,paid,USD
in_000003700,cus_000000500286,2026-03-27,8590.43,paid,USD
in_000003701,cus_000000500286,2026-04-27,9103.74,paid,USD
in_000003702,cus_000000500286,2026-05-26,7684.07,paid,USD
in_000003703,cus_000000500286,2026-06-25,8045.50,paid,USD
in_000003704,cus_000000500286,2026-07-25,8398.90,paid,USD
in_000003705,cus_000000500287,2025-11-12,980.63,paid,USD
in_000003706,cus_000000500287,2025-12-11,1040.63,paid,USD
in_000003707,cus_000000500287,2026-01-08,1028.17,paid,USD
in_000003708,cus_000000500287,2026-02-10,1023.54,paid,USD
in_000003709,cus_000000500287,2026-03-12,1081.70,paid,USD
in_000003710,cus_000000500287,2026-04-10,1130.06,paid,USD
in_000003711,cus_000000500287,2026-05-08,1165.93,paid,USD
in_000003712,cus_000000500287,2026-06-08,1013.11,paid,USD
in_000003713,cus_000000500287,2026-07-05,1160.69,paid,USD
in_000003714,cus_000000500287,2026-08-04,1090.46,paid,USD
in_000003715,cus_000000500288,2025-11-02,1111.02,paid,USD
in_000003716,cus_000000500288,2025-12-01,1177.24,paid,USD
in_000003717,cus_000000500288,2025-12-29,1057.47,paid,USD
in_000003718,cus_000000500288,2026-01-28,1105.67,paid,USD
in_000003719,cus_000000500288,2026-02-25,1076.88,paid,USD
in_000003720,cus_000000500288,2026-03-27,1180.33,paid,USD
in_000003721,cus_000000500288,2026-04-29,1084.24,paid,USD
in_000003722,cus_000000500288,2026-05-26,1134.84,paid,USD
in_000003723,cus_000000500288,2026-06-22,1114.72,paid,USD
in_000003724,cus_000000500288,2026-07-24,1088.84,paid,USD
in_000003725,cus_000000500289,2023-02-05,55199.64,paid,USD
in_000003726,cus_000000500289,2024-02-08,53348.41,paid,USD
in_000003727,cus_000000500289,2025-02-05,51662.91,paid,USD
in_000003728,cus_000000500289,2026-02-03,59193.06,paid,USD
in_000003729,cus_000000500290,2026-01-24,300.42,paid,USD
in_000003730,cus_000000500290,2026-02-21,312.88,paid,USD
in_000003731,cus_000000500290,2026-03-22,303.36,paid,USD
in_000003732,cus_000000500290,2026-04-20,317.69,paid,USD
in_000003733,cus_000000500290,2026-05-18,277.64,paid,USD
in_000003734,cus_000000500290,2026-06-16,276.47,paid,USD
in_000003735,cus_000000500290,2026-07-18,274.71,paid,USD
in_000003736,cus_000000500290,2026-08-15,272.79,paid,USD
in_000003737,cus_000000500291,2023-01-18,10985.00,paid,USD
in_000003738,cus_000000500291,2023-02-20,10803.96,void,USD
in_000003739,cus_000000500291,2023-03-25,10948.22,void,USD
in_000003740,cus_000000500291,2023-04-26,10441.72,paid,USD
in_000003741,cus_000000500291,2023-05-26,9928.81,paid,USD
in_000003742,cus_000000500291,2023-06-25,9681.13,paid,USD
in_000003743,cus_000000500291,2023-07-23,10661.46,paid,USD
in_000003744,cus_000000500291,2023-08-24,10063.38,paid,USD
in_000003745,cus_000000500291,2023-09-20,9800.34,paid,USD
in_000003746,cus_000000500291,2023-10-18,10101.03,paid,USD
in_000003747,cus_000000500291,2023-11-20,10753.05,paid,USD
in_000003748,cus_000000500291,2023-12-17,10299.98,paid,USD
in_000003749,cus_000000500291,2024-01-14,10800.91,paid,USD
in_000003750,cus_000000500291,2024-02-11,9999.58,paid,USD
in_000003751,cus_000000500291,2024-03-11,10676.65,paid,USD
in_000003752,cus_000000500291,2024-04-08,9429.15,paid,USD
in_000003753,cus_000000500291,2024-05-10,11052.17,paid,USD
in_000003754,cus_000000500291,2024-06-09,10596.64,paid,USD
in_000003755,cus_000000500291,2024-07-12,9982.03,paid,USD
in_000003756,cus_000000500291,2024-08-10,10139.72,paid,USD
in_000003757,cus_000000500291,2024-09-08,10327.35,refunded,USD
in_000003758,cus_000000500291,2024-10-07,10779.05,paid,USD
in_000003759,cus_000000500291,2024-11-06,10966.41,paid,USD
in_000003760,cus_000000500292,2023-01-17,313.65,paid,USD
in_000003761,cus_000000500292,2023-02-18,299.50,refunded,USD
in_000003762,cus_000000500292,2023-03-22,310.00,paid,USD
in_000003763,cus_000000500292,2023-04-19,289.03,paid,USD
in_000003764,cus_000000500292,2023-05-16,310.61,paid,USD
in_000003765,cus_000000500292,2023-06-17,289.32,paid,USD
in_000003766,cus_000000500292,2023-07-19,304.65,paid,USD
in_000003767,cus_000000500292,2023-08-16,292.35,paid,USD
in_000003768,cus_000000500292,2023-09-13,306.32,paid,USD
in_000003769,cus_000000500292,2023-10-12,317.12,paid,USD
in_000003770,cus_000000500292,2023-11-10,282.42,paid,USD
in_000003771,cus_000000500292,2023-12-09,303.32,paid,USD
in_000003772,cus_000000500292,2024-01-06,281.72,paid,USD
in_000003773,cus_000000500292,2024-02-02,329.99,paid,USD
in_000003774,cus_000000500292,2024-03-03,304.34,paid,USD
in_000003775,cus_000000500292,2024-04-04,275.62,void,USD
in_000003776,cus_000000500292,2024-05-06,279.23,paid,USD
in_000003777,cus_000000500292,2024-06-03,287.57,paid,USD
in_000003778,cus_000000500292,2024-07-01,299.33,paid,USD
in_000003779,cus_000000500292,2024-08-01,283.28,paid,USD
in_000003780,cus_000000500292,2024-09-03,308.46,paid,USD
in_000003781,cus_000000500292,2024-10-03,281.21,paid,USD
in_000003782,cus_000000500292,2024-11-03,280.12,paid,USD
in_000003783,cus_000000500292,2024-12-02,284.81,paid,USD
in_000003784,cus_000000500292,2025-01-04,321.92,void,USD
in_000003785,cus_000000500292,2025-02-03,323.57,paid,USD
in_000003786,cus_000000500292,2025-03-04,310.13,paid,USD
in_000003787,cus_000000500292,2025-04-01,309.32,paid,USD
in_000003788,cus_000000500292,2025-04-30,281.85,paid,USD
in_000003789,cus_000000500292,2025-05-31,302.90,paid,USD
in_000003790,cus_000000500292,2025-06-27,284.97,paid,USD
in_000003791,cus_000000500292,2025-07-30,301.39,paid,USD
in_000003792,cus_000000500292,2025-08-27,296.04,paid,USD
in_000003793,cus_000000500292,2025-09-26,307.37,paid,USD
in_000003794,cus_000000500292,2025-10-29,316.45,paid,USD
in_000003795,cus_000000500292,2025-11-26,272.03,paid,USD
in_000003796,cus_000000500292,2025-12-25,316.87,refunded,USD
in_000003797,cus_000000500292,2026-01-27,329.01,paid,USD
in_000003798,cus_000000500292,2026-03-01,270.82,paid,USD
in_000003799,cus_000000500292,2026-03-28,293.54,paid,USD
in_000003800,cus_000000500292,2026-04-26,289.74,paid,USD
in_000003801,cus_000000500292,2026-05-25,323.36,paid,USD
in_000003802,cus_000000500292,2026-06-21,271.43,paid,USD
in_000003803,cus_000000500292,2026-07-19,291.03,paid,USD
in_000003804,cus_000000500292,2026-08-15,297.95,paid,USD
in_000003805,cus_000000500293,2023-08-01,27601.87,paid,USD
in_000003806,cus_000000500293,2024-07-28,24572.19,paid,USD
in_000003807,cus_000000500293,2025-07-31,25922.76,refunded,USD
in_000003808,cus_000000500294,2025-11-14,54979.33,paid,USD
in_000003809,cus_000000500295,2024-05-08,438.35,paid,USD
in_000003810,cus_000000500295,2024-06-09,408.89,void,USD
in_000003811,cus_000000500295,2024-07-08,385.14,paid,USD
in_000003812,cus_000000500295,2024-08-05,452.94,paid,USD
in_000003813,cus_000000500295,2024-09-04,452.40,paid,USD
in_000003814,cus_000000500295,2024-10-06,428.72,paid,USD
in_000003815,cus_000000500295,2024-11-04,382.32,paid,USD
in_000003816,cus_000000500295,2024-12-05,411.06,paid,USD
in_000003817,cus_000000500295,2025-01-05,459.36,paid,USD
in_000003818,cus_000000500295,2025-02-05,458.23,paid,USD
in_000003819,cus_000000500295,2025-03-08,387.76,paid,USD
in_000003820,cus_000000500295,2025-04-05,451.37,paid,USD
in_000003821,cus_000000500295,2025-05-03,416.95,paid,USD
in_000003822,cus_000000500295,2025-06-02,440.57,paid,USD
in_000003823,cus_000000500295,2025-07-01,384.80,paid,USD
in_000003824,cus_000000500295,2025-07-29,426.62,paid,USD
in_000003825,cus_000000500295,2025-08-31,430.10,paid,USD
in_000003826,cus_000000500295,2025-09-27,411.29,paid,USD
in_000003827,cus_000000500295,2025-10-28,407.59,paid,USD
in_000003828,cus_000000500295,2025-11-29,413.09,paid,USD
in_000003829,cus_000000500296,2023-11-25,667.01,paid,USD
in_000003830,cus_000000500296,2023-12-28,591.44,paid,USD
in_000003831,cus_000000500296,2024-01-30,666.49,paid,USD
in_000003832,cus_000000500296,2024-02-28,626.17,refunded,USD
in_000003833,cus_000000500296,2024-04-01,707.73,paid,USD
in_000003834,cus_000000500296,2024-05-03,682.24,paid,USD
in_000003835,cus_000000500296,2024-06-05,622.38,paid,USD
in_000003836,cus_000000500296,2024-07-02,616.92,paid,USD
in_000003837,cus_000000500296,2024-07-31,645.06,paid,USD
in_000003838,cus_000000500296,2024-08-27,601.92,paid,USD
in_000003839,cus_000000500296,2024-09-25,623.21,paid,USD
in_000003840,cus_000000500296,2024-10-23,713.13,paid,USD
in_000003841,cus_000000500296,2024-11-21,688.99,paid,USD
in_000003842,cus_000000500296,2024-12-19,677.93,paid,USD
in_000003843,cus_000000500296,2025-01-21,681.38,paid,USD
in_000003844,cus_000000500296,2025-02-18,658.92,paid,USD
in_000003845,cus_000000500296,2025-03-23,598.77,paid,USD
in_000003846,cus_000000500296,2025-04-23,687.34,paid,USD
in_000003847,cus_000000500296,2025-05-22,602.96,paid,USD
in_000003848,cus_000000500296,2025-06-18,675.29,paid,USD
in_000003849,cus_000000500296,2025-07-16,610.13,paid,USD
in_000003850,cus_000000500296,2025-08-14,702.78,paid,USD
in_000003851,cus_000000500296,2025-09-16,613.29,paid,USD
in_000003852,cus_000000500296,2025-10-17,658.93,paid,USD
in_000003853,cus_000000500296,2025-11-18,695.99,paid,USD
in_000003854,cus_000000500296,2025-12-19,693.74,paid,USD
in_000003855,cus_000000500296,2026-01-15,593.12,paid,USD
in_000003856,cus_000000500296,2026-02-13,634.05,paid,USD
in_000003857,cus_000000500296,2026-03-15,602.66,paid,USD
in_000003858,cus_000000500296,2026-04-16,693.83,paid,USD
in_000003859,cus_000000500296,2026-05-17,690.64,paid,USD
in_000003860,cus_000000500296,2026-06-18,612.13,paid,USD
in_000003861,cus_000000500296,2026-07-16,647.31,paid,USD
in_000003862,cus_000000500296,2026-08-15,593.63,paid,USD
in_000003863,cus_000000500297,2023-08-20,56877.40,paid,USD
in_000003864,cus_000000500297,2024-08-18,60132.42,paid,USD
in_000003865,cus_000000500297,2025-08-17,56720.28,paid,USD
in_000003866,cus_000000500297,2026-08-18,62487.64,paid,USD
in_000003867,cus_000000500298,2025-01-17,1241.03,paid,USD
in_000003868,cus_000000500298,2025-02-19,1206.10,paid,USD
in_000003869,cus_000000500298,2025-03-24,1220.18,paid,USD
in_000003870,cus_000000500298,2025-04-26,1277.73,paid,USD
in_000003871,cus_000000500298,2025-05-24,1248.51,paid,USD
in_000003872,cus_000000500298,2025-06-21,1211.71,paid,USD
in_000003873,cus_000000500298,2025-07-18,1295.95,paid,USD
in_000003874,cus_000000500298,2025-08-14,1414.86,paid,USD
in_000003875,cus_000000500298,2025-09-10,1200.64,paid,USD
in_000003876,cus_000000500298,2025-10-10,1332.14,paid,USD
in_000003877,cus_000000500298,2025-11-12,1189.12,paid,USD
in_000003878,cus_000000500298,2025-12-13,1258.93,paid,USD
in_000003879,cus_000000500298,2026-01-10,1307.53,paid,USD
in_000003880,cus_000000500298,2026-02-09,1384.70,paid,USD
in_000003881,cus_000000500298,2026-03-14,1285.46,paid,USD
in_000003882,cus_000000500298,2026-04-16,1179.76,paid,USD
in_000003883,cus_000000500298,2026-05-19,1229.11,paid,USD
in_000003884,cus_000000500298,2026-06-17,1238.82,paid,USD
in_000003885,cus_000000500298,2026-07-18,1331.35,paid,USD
in_000003886,cus_000000500298,2026-08-18,1189.83,paid,USD
in_000003887,cus_000000500299,2023-05-31,315.53,paid,USD
in_000003888,cus_000000500299,2023-07-01,307.64,paid,USD
in_000003889,cus_000000500299,2023-07-30,293.41,paid,USD
in_000003890,cus_000000500299,2023-09-01,312.70,paid,USD
in_000003891,cus_000000500299,2023-09-30,317.32,paid,USD
in_000003892,cus_000000500299,2023-10-29,289.09,paid,USD
in_000003893,cus_000000500299,2023-11-30,278.09,paid,USD
in_000003894,cus_000000500299,2023-12-27,312.01,paid,USD
in_000003895,cus_000000500299,2024-01-27,286.52,paid,USD
in_000003896,cus_000000500299,2024-02-25,282.75,paid,USD
in_000003897,cus_000000500299,2024-03-24,299.01,paid,USD
in_000003898,cus_000000500299,2024-04-26,327.12,paid,USD
in_000003899,cus_000000500299,2024-05-24,272.91,paid,USD
in_000003900,cus_000000500299,2024-06-24,296.19,paid,USD
in_000003901,cus_000000500299,2024-07-27,329.66,paid,USD
in_000003902,cus_000000500299,2024-08-23,316.42,paid,USD
in_000003903,cus_000000500299,2024-09-20,277.67,void,USD
in_000003904,cus_000000500299,2024-10-22,275.10,paid,USD
in_000003905,cus_000000500299,2024-11-23,289.25,paid,USD
in_000003906,cus_000000500299,2024-12-24,271.80,paid,USD
in_000003907,cus_000000500299,2025-01-22,326.29,paid,USD
in_000003908,cus_000000500299,2025-02-18,320.27,paid,USD
in_000003909,cus_000000500299,2025-03-22,315.12,paid,USD
in_000003910,cus_000000500299,2025-04-18,294.38,paid,USD
in_000003911,cus_000000500299,2025-05-18,282.99,paid,USD
in_000003912,cus_000000500299,2025-06-19,281.66,paid,USD
in_000003913,cus_000000500299,2025-07-22,328.03,void,USD
in_000003914,cus_000000500299,2025-08-20,326.34,paid,USD
in_000003915,cus_000000500299,2025-09-21,325.69,paid,USD
in_000003916,cus_000000500299,2025-10-23,296.63,paid,USD
in_000003917,cus_000000500299,2025-11-19,273.87,paid,USD
in_000003918,cus_000000500299,2025-12-17,324.60,paid,USD
in_000003919,cus_000000500299,2026-01-19,290.78,paid,USD
in_000003920,cus_000000500299,2026-02-18,304.31,paid,USD
in_000003921,cus_000000500299,2026-03-18,298.84,paid,USD
in_000003922,cus_000000500299,2026-04-18,321.52,paid,USD
in_000003923,cus_000000500299,2026-05-21,272.95,paid,USD
in_000003924,cus_000000500299,2026-06-18,318.38,paid,USD
in_000003925,cus_000000500299,2026-07-18,275.64,paid,USD
in_000003926,cus_000000500299,2026-08-15,289.87,paid,USD
in_000003927,cus_000000500300,2023-03-29,5296.36,paid,USD
in_000003928,cus_000000500300,2024-03-30,5763.80,paid,USD
in_000003929,cus_000000500300,2025-04-01,5738.73,paid,USD
in_000003930,cus_000000500301,2026-02-16,290.28,failed,USD
in_000003931,cus_000000500301,2026-03-19,277.92,paid,USD
in_000003932,cus_000000500301,2026-04-20,273.04,paid,USD
in_000003933,cus_000000500301,2026-05-18,325.42,paid,USD
in_000003934,cus_000000500301,2026-06-18,305.64,paid,USD
in_000003935,cus_000000500301,2026-07-20,303.14,paid,USD
in_000003936,cus_000000500302,2026-05-14,8602.91,paid,USD
in_000003937,cus_000000500303,2024-12-06,680.88,paid,USD
in_000003938,cus_000000500303,2025-01-06,679.20,paid,USD
in_000003939,cus_000000500303,2025-02-05,629.47,paid,USD
in_000003940,cus_000000500303,2025-03-08,604.80,void,USD
in_000003941,cus_000000500303,2025-04-07,611.89,paid,USD
in_000003942,cus_000000500303,2025-05-07,620.27,paid,USD
in_000003943,cus_000000500303,2025-06-03,646.60,void,USD
in_000003944,cus_000000500303,2025-07-06,704.54,paid,USD
in_000003945,cus_000000500304,2025-04-15,2776.35,paid,USD
in_000003946,cus_000000500304,2025-05-17,2750.83,paid,USD
in_000003947,cus_000000500304,2025-06-14,2627.03,paid,USD
in_000003948,cus_000000500304,2025-07-16,2648.86,refunded,USD
in_000003949,cus_000000500304,2025-08-16,2480.08,paid,USD
in_000003950,cus_000000500304,2025-09-14,2531.89,paid,USD
in_000003951,cus_000000500304,2025-10-14,2404.03,paid,USD
in_000003952,cus_000000500304,2025-11-15,2690.47,paid,USD
in_000003953,cus_000000500304,2025-12-15,2707.21,paid,USD
in_000003954,cus_000000500304,2026-01-12,2727.97,paid,USD
in_000003955,cus_000000500304,2026-02-08,2479.72,paid,USD
in_000003956,cus_000000500304,2026-03-11,2759.28,paid,USD
in_000003957,cus_000000500304,2026-04-07,2570.13,paid,USD
in_000003958,cus_000000500304,2026-05-08,2525.72,paid,USD
in_000003959,cus_000000500304,2026-06-05,2369.70,paid,USD
in_000003960,cus_000000500304,2026-07-06,2350.86,paid,USD
in_000003961,cus_000000500304,2026-08-04,2283.81,paid,USD
in_000003962,cus_000000500306,2024-07-10,8521.05,paid,USD
in_000003963,cus_000000500306,2025-07-09,7960.69,paid,USD
in_000003964,cus_000000500306,2026-07-09,8210.43,paid,USD
in_000003965,cus_000000500307,2024-08-28,744.43,paid,USD
in_000003966,cus_000000500307,2024-09-27,841.02,paid,USD
in_000003967,cus_000000500307,2024-10-27,815.32,paid,USD
in_000003968,cus_000000500307,2024-11-25,832.89,paid,USD
in_000003969,cus_000000500307,2024-12-27,862.19,paid,USD
in_000003970,cus_000000500307,2025-01-25,862.64,paid,USD
in_000003971,cus_000000500307,2025-02-23,737.69,paid,USD
in_000003972,cus_000000500307,2025-03-24,793.00,paid,USD
in_000003973,cus_000000500307,2025-04-20,738.28,paid,USD
in_000003974,cus_000000500307,2025-05-23,800.58,paid,USD
in_000003975,cus_000000500307,2025-06-22,841.61,paid,USD
in_000003976,cus_000000500307,2025-07-21,731.49,paid,USD
in_000003977,cus_000000500307,2025-08-17,804.85,paid,USD
in_000003978,cus_000000500307,2025-09-14,728.08,paid,USD
in_000003979,cus_000000500307,2025-10-16,724.87,paid,USD
in_000003980,cus_000000500307,2025-11-17,769.37,paid,USD
in_000003981,cus_000000500307,2025-12-17,770.05,paid,USD
in_000003982,cus_000000500307,2026-01-16,806.87,paid,USD
in_000003983,cus_000000500307,2026-02-17,811.60,refunded,USD
in_000003984,cus_000000500307,2026-03-17,852.62,paid,USD
in_000003985,cus_000000500307,2026-04-19,800.93,paid,USD
in_000003986,cus_000000500307,2026-05-17,843.22,paid,USD
in_000003987,cus_000000500307,2026-06-17,757.20,paid,USD
in_000003988,cus_000000500307,2026-07-17,829.64,paid,USD
in_000003989,cus_000000500307,2026-08-14,710.93,paid,USD
in_000003990,cus_000000500308,2023-09-26,103408.48,paid,USD
in_000003991,cus_000000500308,2024-09-22,103231.19,paid,USD
in_000003992,cus_000000500308,2025-09-25,120640.41,paid,USD
in_000003993,cus_000000500309,2023-01-19,64611.06,paid,USD
in_000003994,cus_000000500309,2024-01-22,54063.16,paid,USD
in_000003995,cus_000000500309,2025-01-23,56861.76,paid,USD
in_000003996,cus_000000500310,2025-05-20,13492.18,paid,USD
in_000003997,cus_000000500310,2026-05-20,11442.79,paid,USD
in_000003998,cus_000000500311,2025-04-14,426.23,paid,USD
in_000003999,cus_000000500311,2025-05-15,427.06,paid,USD
in_000004000,cus_000000500311,2025-06-11,446.96,paid,USD
in_000004001,cus_000000500311,2025-07-14,473.02,paid,USD
in_000004002,cus_000000500311,2025-08-13,420.57,failed,USD
in_000004003,cus_000000500311,2025-09-13,441.93,paid,USD
in_000004004,cus_000000500311,2025-10-13,446.13,paid,USD
in_000004005,cus_000000500311,2025-11-11,450.43,paid,USD
in_000004006,cus_000000500311,2025-12-10,476.20,paid,USD
in_000004007,cus_000000500311,2026-01-10,414.43,paid,USD
in_000004008,cus_000000500311,2026-02-08,488.17,paid,USD
in_000004009,cus_000000500311,2026-03-09,435.40,paid,USD
in_000004010,cus_000000500311,2026-04-05,487.47,paid,USD
in_000004011,cus_000000500311,2026-05-04,414.80,paid,USD
in_000004012,cus_000000500311,2026-06-02,426.34,paid,USD
in_000004013,cus_000000500311,2026-07-05,408.07,paid,USD
in_000004014,cus_000000500311,2026-08-04,480.96,paid,USD
in_000004015,cus_000000500312,2024-10-14,50673.93,paid,USD
in_000004016,cus_000000500312,2025-10-16,55497.01,paid,USD
in_000004017,cus_000000500313,2023-04-25,13445.77,paid,USD
in_000004018,cus_000000500313,2024-04-26,13898.81,paid,USD
in_000004019,cus_000000500313,2025-04-25,12714.14,paid,USD
in_000004020,cus_000000500314,2023-01-04,2444.03,refunded,USD
in_000004021,cus_000000500314,2023-02-03,2852.66,paid,USD
in_000004022,cus_000000500314,2023-03-03,2519.90,paid,USD
in_000004023,cus_000000500314,2023-03-30,2548.47,paid,USD
in_000004024,cus_000000500314,2023-04-29,2684.49,paid,USD
in_000004025,cus_000000500314,2023-05-27,2713.53,paid,USD
in_000004026,cus_000000500314,2023-06-24,2625.25,paid,USD
in_000004027,cus_000000500314,2023-07-21,2705.99,paid,USD
in_000004028,cus_000000500314,2023-08-17,2464.81,paid,USD
in_000004029,cus_000000500314,2023-09-16,2598.14,paid,USD
in_000004030,cus_000000500314,2023-10-13,2724.49,paid,USD
in_000004031,cus_000000500314,2023-11-11,2744.41,paid,USD
in_000004032,cus_000000500314,2023-12-11,2858.29,paid,USD
in_000004033,cus_000000500314,2024-01-12,2565.59,paid,USD
in_000004034,cus_000000500314,2024-02-12,2489.76,paid,USD
in_000004035,cus_000000500314,2024-03-16,2647.67,paid,USD
in_000004036,cus_000000500314,2024-04-18,2590.24,paid,USD
in_000004037,cus_000000500314,2024-05-15,2714.78,paid,USD
in_000004038,cus_000000500314,2024-06-17,2799.84,paid,USD
in_000004039,cus_000000500314,2024-07-17,2450.13,paid,USD
in_000004040,cus_000000500314,2024-08-18,2355.01,paid,USD
in_000004041,cus_000000500314,2024-09-20,2521.88,paid,USD
in_000004042,cus_000000500314,2024-10-18,2867.42,paid,USD
in_000004043,cus_000000500314,2024-11-18,2410.03,paid,USD
in_000004044,cus_000000500314,2024-12-19,2610.26,void,USD
in_000004045,cus_000000500314,2025-01-18,2631.20,paid,USD
in_000004046,cus_000000500314,2025-02-20,2384.58,paid,USD
in_000004047,cus_000000500314,2025-03-21,2588.40,refunded,USD
in_000004048,cus_000000500314,2025-04-18,2568.92,paid,USD
in_000004049,cus_000000500314,2025-05-17,2615.81,paid,USD
in_000004050,cus_000000500314,2025-06-14,2570.53,paid,USD
in_000004051,cus_000000500314,2025-07-11,2767.71,paid,USD
in_000004052,cus_000000500314,2025-08-12,2848.71,paid,USD
in_000004053,cus_000000500314,2025-09-09,2431.83,paid,USD
in_000004054,cus_000000500314,2025-10-08,2761.49,paid,USD
in_000004055,cus_000000500314,2025-11-04,2738.46,paid,USD
in_000004056,cus_000000500314,2025-12-02,2623.90,paid,USD
in_000004057,cus_000000500314,2025-12-31,2553.38,paid,USD
in_000004058,cus_000000500314,2026-01-28,2442.87,paid,USD
in_000004059,cus_000000500314,2026-02-28,2567.77,paid,USD
in_000004060,cus_000000500314,2026-03-27,2558.50,paid,USD
in_000004061,cus_000000500314,2026-04-23,2360.52,paid,USD
in_000004062,cus_000000500314,2026-05-26,2519.51,paid,USD
in_000004063,cus_000000500314,2026-06-27,2565.78,refunded,USD
in_000004064,cus_000000500314,2026-07-29,2758.64,paid,USD
in_000004065,cus_000000500315,2022-12-18,117357.92,paid,USD
in_000004066,cus_000000500315,2023-12-15,122374.30,paid,USD
in_000004067,cus_000000500315,2024-12-16,121900.09,void,USD
in_000004068,cus_000000500315,2025-12-16,122392.13,paid,USD
in_000004069,cus_000000500316,2024-01-06,1346.45,paid,USD
in_000004070,cus_000000500316,2024-02-04,1197.39,paid,USD
in_000004071,cus_000000500316,2024-03-07,1203.89,paid,USD
in_000004072,cus_000000500316,2024-04-06,1154.72,paid,USD
in_000004073,cus_000000500316,2024-05-06,1196.39,paid,USD
in_000004074,cus_000000500316,2024-06-08,1217.45,paid,USD
in_000004075,cus_000000500316,2024-07-05,1351.24,paid,USD
in_000004076,cus_000000500316,2024-08-02,1280.96,paid,USD
in_000004077,cus_000000500316,2024-09-04,1266.23,paid,USD
in_000004078,cus_000000500316,2024-10-02,1339.22,paid,USD
in_000004079,cus_000000500316,2024-10-31,1146.84,paid,USD
in_000004080,cus_000000500316,2024-12-01,1281.26,paid,USD
in_000004081,cus_000000500316,2024-12-31,1241.39,paid,USD
in_000004082,cus_000000500316,2025-02-02,1260.50,paid,USD
in_000004083,cus_000000500316,2025-03-06,1153.42,paid,USD
in_000004084,cus_000000500316,2025-04-02,1188.60,paid,USD
in_000004085,cus_000000500316,2025-05-04,1126.46,paid,USD
in_000004086,cus_000000500316,2025-06-03,1291.51,paid,USD
in_000004087,cus_000000500316,2025-07-05,1189.71,paid,USD
in_000004088,cus_000000500316,2025-08-06,1296.09,paid,USD
in_000004089,cus_000000500316,2025-09-06,1344.29,paid,USD
in_000004090,cus_000000500316,2025-10-07,1167.55,paid,USD
in_000004091,cus_000000500316,2025-11-08,1355.52,paid,USD
in_000004092,cus_000000500316,2025-12-10,1352.49,paid,USD
in_000004093,cus_000000500316,2026-01-11,1231.25,paid,USD
in_000004094,cus_000000500316,2026-02-11,1253.88,paid,USD
in_000004095,cus_000000500316,2026-03-11,1324.71,paid,USD
in_000004096,cus_000000500316,2026-04-07,1267.54,paid,USD
in_000004097,cus_000000500316,2026-05-09,1349.02,paid,USD
in_000004098,cus_000000500316,2026-06-08,1311.66,refunded,USD
in_000004099,cus_000000500316,2026-07-07,1261.23,paid,USD
in_000004100,cus_000000500316,2026-08-04,1218.33,paid,USD
in_000004101,cus_000000500318,2024-01-14,8798.41,paid,USD
in_000004102,cus_000000500318,2025-01-13,9410.93,paid,USD
in_000004103,cus_000000500318,2026-01-14,9971.38,paid,USD
in_000004104,cus_000000500319,2023-08-09,2755.59,paid,USD
in_000004105,cus_000000500319,2023-09-08,2347.60,paid,USD
in_000004106,cus_000000500319,2023-10-07,2614.78,paid,USD
in_000004107,cus_000000500319,2023-11-08,2601.23,paid,USD
in_000004108,cus_000000500319,2023-12-08,2664.03,paid,USD
in_000004109,cus_000000500319,2024-01-10,2752.84,paid,USD
in_000004110,cus_000000500319,2024-02-12,2706.59,paid,USD
in_000004111,cus_000000500319,2024-03-15,2456.28,paid,USD
in_000004112,cus_000000500319,2024-04-11,2728.62,void,USD
in_000004113,cus_000000500319,2024-05-08,2658.55,paid,USD
in_000004114,cus_000000500319,2024-06-09,2717.28,paid,USD
in_000004115,cus_000000500319,2024-07-08,2565.27,paid,USD
in_000004116,cus_000000500319,2024-08-05,2375.82,paid,USD
in_000004117,cus_000000500319,2024-09-05,2729.98,paid,USD
in_000004118,cus_000000500319,2024-10-07,2351.58,paid,USD
in_000004119,cus_000000500319,2024-11-09,2616.92,paid,USD
in_000004120,cus_000000500319,2024-12-07,2392.25,paid,USD
in_000004121,cus_000000500319,2025-01-08,2375.89,paid,USD
in_000004122,cus_000000500319,2025-02-07,2370.62,paid,USD
in_000004123,cus_000000500319,2025-03-09,2521.63,paid,USD
in_000004124,cus_000000500319,2025-04-10,2686.46,paid,USD
in_000004125,cus_000000500319,2025-05-08,2485.57,paid,USD
in_000004126,cus_000000500319,2025-06-10,2820.49,paid,USD
in_000004127,cus_000000500319,2025-07-09,2811.70,paid,USD
in_000004128,cus_000000500319,2025-08-07,2430.07,paid,USD
in_000004129,cus_000000500319,2025-09-05,2484.61,refunded,USD
in_000004130,cus_000000500319,2025-10-02,2613.89,paid,USD
in_000004131,cus_000000500319,2025-10-30,2512.50,paid,USD
in_000004132,cus_000000500319,2025-12-01,2702.25,paid,USD
in_000004133,cus_000000500319,2025-12-31,2370.58,paid,USD
in_000004134,cus_000000500319,2026-02-02,2537.61,paid,USD
in_000004135,cus_000000500320,2023-10-16,270.41,paid,USD
in_000004136,cus_000000500320,2023-11-15,308.07,paid,USD
in_000004137,cus_000000500320,2023-12-18,293.75,paid,USD
in_000004138,cus_000000500320,2024-01-20,311.55,paid,USD
in_000004139,cus_000000500320,2024-02-20,326.86,paid,USD
in_000004140,cus_000000500320,2024-03-22,281.97,paid,USD
in_000004141,cus_000000500320,2024-04-22,295.18,paid,USD
in_000004142,cus_000000500320,2024-05-19,273.95,paid,USD
in_000004143,cus_000000500320,2024-06-19,319.12,paid,USD
in_000004144,cus_000000500320,2024-07-21,301.15,paid,USD
in_000004145,cus_000000500320,2024-08-22,281.94,paid,USD
in_000004146,cus_000000500320,2024-09-21,295.72,paid,USD
in_000004147,cus_000000500320,2024-10-22,273.11,paid,USD
in_000004148,cus_000000500320,2024-11-24,279.20,paid,USD
in_000004149,cus_000000500320,2024-12-25,275.29,paid,USD
in_000004150,cus_000000500320,2025-01-21,281.39,paid,USD
in_000004151,cus_000000500320,2025-02-17,283.99,void,USD
in_000004152,cus_000000500320,2025-03-20,306.93,paid,USD
in_000004153,cus_000000500320,2025-04-21,275.65,paid,USD
in_000004154,cus_000000500320,2025-05-22,287.15,paid,USD
in_000004155,cus_000000500320,2025-06-18,272.62,paid,USD
in_000004156,cus_000000500320,2025-07-21,317.66,paid,USD
in_000004157,cus_000000500320,2025-08-18,310.47,paid,USD
in_000004158,cus_000000500320,2025-09-18,281.73,paid,USD
in_000004159,cus_000000500320,2025-10-16,319.46,paid,USD
in_000004160,cus_000000500320,2025-11-18,296.95,paid,USD
in_000004161,cus_000000500320,2025-12-19,300.83,paid,USD
in_000004162,cus_000000500320,2026-01-17,295.17,paid,USD
in_000004163,cus_000000500320,2026-02-17,291.25,paid,USD
in_000004164,cus_000000500320,2026-03-17,270.02,paid,USD
in_000004165,cus_000000500320,2026-04-15,320.99,paid,USD
in_000004166,cus_000000500320,2026-05-16,275.95,paid,USD
in_000004167,cus_000000500320,2026-06-16,292.84,paid,USD
in_000004168,cus_000000500321,2026-02-27,65069.34,void,USD
in_000004169,cus_000000500322,2024-11-29,280.38,paid,USD
in_000004170,cus_000000500322,2024-12-29,276.24,refunded,USD
in_000004171,cus_000000500322,2025-01-31,289.21,paid,USD
in_000004172,cus_000000500322,2025-02-28,324.86,paid,USD
in_000004173,cus_000000500322,2025-03-31,317.62,paid,USD
in_000004174,cus_000000500322,2025-04-28,273.80,paid,USD
in_000004175,cus_000000500322,2025-05-31,312.71,paid,USD
in_000004176,cus_000000500322,2025-07-02,311.49,paid,USD
in_000004177,cus_000000500322,2025-07-30,282.11,paid,USD
in_000004178,cus_000000500322,2025-08-26,284.25,paid,USD
in_000004179,cus_000000500322,2025-09-26,326.39,paid,USD
in_000004180,cus_000000500322,2025-10-27,316.34,paid,USD
in_000004181,cus_000000500322,2025-11-25,317.71,paid,USD
in_000004182,cus_000000500322,2025-12-24,317.00,paid,USD
in_000004183,cus_000000500322,2026-01-25,324.35,paid,USD
in_000004184,cus_000000500322,2026-02-24,322.00,paid,USD
in_000004185,cus_000000500322,2026-03-29,275.98,paid,USD
in_000004186,cus_000000500322,2026-04-25,299.40,paid,USD
in_000004187,cus_000000500322,2026-05-23,278.97,paid,USD
in_000004188,cus_000000500322,2026-06-25,271.60,paid,USD
in_000004189,cus_000000500322,2026-07-27,278.12,paid,USD
in_000004190,cus_000000500323,2024-04-07,320.89,paid,USD
in_000004191,cus_000000500323,2024-05-07,276.80,paid,USD
in_000004192,cus_000000500323,2024-06-03,284.93,paid,USD
in_000004193,cus_000000500323,2024-07-05,270.39,paid,USD
in_000004194,cus_000000500323,2024-08-05,271.72,paid,USD
in_000004195,cus_000000500323,2024-09-01,304.75,paid,USD
in_000004196,cus_000000500323,2024-10-03,282.51,paid,USD
in_000004197,cus_000000500323,2024-11-04,293.55,paid,USD
in_000004198,cus_000000500323,2024-12-07,285.39,paid,USD
in_000004199,cus_000000500323,2025-01-07,327.27,paid,USD
in_000004200,cus_000000500323,2025-02-08,311.49,paid,USD
in_000004201,cus_000000500323,2025-03-08,277.07,refunded,USD
in_000004202,cus_000000500323,2025-04-07,277.97,paid,USD
in_000004203,cus_000000500323,2025-05-05,299.92,paid,USD
in_000004204,cus_000000500323,2025-06-01,315.63,paid,USD
in_000004205,cus_000000500323,2025-06-30,298.26,paid,USD
in_000004206,cus_000000500323,2025-07-31,297.91,paid,USD
in_000004207,cus_000000500323,2025-08-27,276.23,paid,USD
in_000004208,cus_000000500323,2025-09-23,315.80,paid,USD
in_000004209,cus_000000500323,2025-10-25,285.22,paid,USD
in_000004210,cus_000000500323,2025-11-27,312.62,paid,USD
in_000004211,cus_000000500323,2025-12-24,320.12,paid,USD
in_000004212,cus_000000500323,2026-01-23,286.70,paid,USD
in_000004213,cus_000000500323,2026-02-20,270.84,paid,USD
in_000004214,cus_000000500323,2026-03-21,302.26,paid,USD
in_000004215,cus_000000500323,2026-04-19,279.52,paid,USD
in_000004216,cus_000000500323,2026-05-18,317.14,paid,USD
in_000004217,cus_000000500323,2026-06-15,326.41,paid,USD
in_000004218,cus_000000500323,2026-07-14,326.04,paid,USD
in_000004219,cus_000000500323,2026-08-12,319.00,paid,USD
in_000004220,cus_000000500324,2024-07-22,3779.63,refunded,USD
in_000004221,cus_000000500326,2025-05-16,281.04,paid,USD
in_000004222,cus_000000500326,2025-06-17,305.71,paid,USD
in_000004223,cus_000000500326,2025-07-20,287.54,paid,USD
in_000004224,cus_000000500326,2025-08-17,326.42,paid,USD
in_000004225,cus_000000500326,2025-09-13,299.08,paid,USD
in_000004226,cus_000000500326,2025-10-15,314.35,paid,USD
in_000004227,cus_000000500326,2025-11-12,303.41,paid,USD
in_000004228,cus_000000500326,2025-12-09,296.06,paid,USD
in_000004229,cus_000000500326,2026-01-10,306.40,paid,USD
in_000004230,cus_000000500326,2026-02-07,303.68,paid,USD
in_000004231,cus_000000500326,2026-03-11,288.02,paid,USD
in_000004232,cus_000000500326,2026-04-08,270.05,paid,USD
in_000004233,cus_000000500326,2026-05-06,280.44,paid,USD
in_000004234,cus_000000500326,2026-06-08,306.62,paid,USD
in_000004235,cus_000000500326,2026-07-09,279.18,refunded,USD
in_000004236,cus_000000500326,2026-08-10,285.75,paid,USD
in_000004237,cus_000000500327,2023-11-22,3490.76,void,USD
in_000004238,cus_000000500327,2024-11-22,3678.99,refunded,USD
in_000004239,cus_000000500327,2025-11-24,3604.46,paid,USD
in_000004240,cus_000000500328,2023-02-18,277.81,paid,USD
in_000004241,cus_000000500328,2023-03-19,282.97,paid,USD
in_000004242,cus_000000500328,2023-04-17,292.82,paid,USD
in_000004243,cus_000000500328,2023-05-18,311.85,paid,USD
in_000004244,cus_000000500328,2023-06-15,328.76,paid,USD
in_000004245,cus_000000500328,2023-07-16,292.07,paid,USD
in_000004246,cus_000000500328,2023-08-17,308.86,paid,USD
in_000004247,cus_000000500328,2023-09-18,310.22,paid,USD
in_000004248,cus_000000500328,2023-10-15,328.67,paid,USD
in_000004249,cus_000000500328,2023-11-17,303.26,paid,USD
in_000004250,cus_000000500328,2023-12-14,304.34,paid,USD
in_000004251,cus_000000500328,2024-01-11,305.50,paid,USD
in_000004252,cus_000000500328,2024-02-08,286.23,paid,USD
in_000004253,cus_000000500328,2024-03-07,324.39,paid,USD
in_000004254,cus_000000500328,2024-04-04,270.53,paid,USD
in_000004255,cus_000000500328,2024-05-05,294.89,paid,USD
in_000004256,cus_000000500328,2024-06-06,280.53,paid,USD
in_000004257,cus_000000500328,2024-07-03,287.77,paid,USD
in_000004258,cus_000000500328,2024-08-02,313.59,paid,USD
in_000004259,cus_000000500328,2024-08-31,314.10,refunded,USD
in_000004260,cus_000000500328,2024-10-02,289.30,paid,USD
in_000004261,cus_000000500328,2024-10-31,290.29,void,USD
in_000004262,cus_000000500328,2024-12-02,323.97,paid,USD
in_000004263,cus_000000500328,2025-01-01,319.24,paid,USD
in_000004264,cus_000000500328,2025-02-02,273.43,paid,USD
in_000004265,cus_000000500328,2025-03-01,329.55,paid,USD
in_000004266,cus_000000500328,2025-03-29,309.71,paid,USD
in_000004267,cus_000000500328,2025-04-28,319.35,paid,USD
in_000004268,cus_000000500328,2025-05-25,295.30,paid,USD
in_000004269,cus_000000500328,2025-06-23,282.79,paid,USD
in_000004270,cus_000000500328,2025-07-25,278.75,paid,USD
in_000004271,cus_000000500328,2025-08-25,286.61,paid,USD
in_000004272,cus_000000500328,2025-09-24,294.31,paid,USD
in_000004273,cus_000000500328,2025-10-21,311.02,paid,USD
in_000004274,cus_000000500328,2025-11-17,277.82,paid,USD
in_000004275,cus_000000500328,2025-12-19,291.86,paid,USD
in_000004276,cus_000000500328,2026-01-17,290.68,refunded,USD
in_000004277,cus_000000500328,2026-02-13,295.11,paid,USD
in_000004278,cus_000000500328,2026-03-15,293.49,paid,USD
in_000004279,cus_000000500328,2026-04-11,316.30,paid,USD
in_000004280,cus_000000500328,2026-05-09,324.17,paid,USD
in_000004281,cus_000000500328,2026-06-10,327.72,paid,USD
in_000004282,cus_000000500328,2026-07-07,317.54,paid,USD
in_000004283,cus_000000500328,2026-08-03,329.48,paid,USD
in_000004284,cus_000000500329,2025-05-26,2138.09,paid,USD
in_000004285,cus_000000500329,2025-06-22,2048.70,paid,USD
in_000004286,cus_000000500329,2025-07-21,2235.59,paid,USD
in_000004287,cus_000000500329,2025-08-19,2086.86,paid,USD
in_000004288,cus_000000500329,2025-09-18,2302.80,paid,USD
in_000004289,cus_000000500329,2025-10-18,2254.92,paid,USD
in_000004290,cus_000000500329,2025-11-15,2386.67,paid,USD
in_000004291,cus_000000500329,2025-12-14,2190.73,paid,USD
in_000004292,cus_000000500329,2026-01-15,2061.38,refunded,USD
in_000004293,cus_000000500329,2026-02-12,2249.57,paid,USD
in_000004294,cus_000000500329,2026-03-13,2302.86,paid,USD
in_000004295,cus_000000500329,2026-04-09,2276.56,paid,USD
in_000004296,cus_000000500329,2026-05-10,2338.55,paid,USD
in_000004297,cus_000000500329,2026-06-11,2013.92,paid,USD
in_000004298,cus_000000500329,2026-07-12,2151.48,paid,USD
in_000004299,cus_000000500329,2026-08-10,2237.27,paid,USD
in_000004300,cus_000000500330,2025-08-03,3017.53,refunded,USD
in_000004301,cus_000000500330,2026-08-01,3073.86,paid,USD
in_000004302,cus_000000500331,2025-08-26,1476.53,paid,USD
in_000004303,cus_000000500331,2025-09-24,1332.58,paid,USD
in_000004304,cus_000000500331,2025-10-22,1245.22,failed,USD
in_000004305,cus_000000500331,2025-11-20,1341.41,paid,USD
in_000004306,cus_000000500331,2025-12-17,1463.83,paid,USD
in_000004307,cus_000000500331,2026-01-16,1350.84,paid,USD
in_000004308,cus_000000500331,2026-02-15,1480.36,paid,USD
in_000004309,cus_000000500332,2025-08-13,1360.81,paid,USD
in_000004310,cus_000000500332,2025-09-10,1416.51,paid,USD
in_000004311,cus_000000500332,2025-10-13,1458.00,paid,USD
in_000004312,cus_000000500332,2025-11-10,1445.83,paid,USD
in_000004313,cus_000000500332,2025-12-07,1343.97,paid,USD
in_000004314,cus_000000500333,2025-11-03,14158.86,paid,USD
in_000004315,cus_000000500334,2023-05-24,10004.65,refunded,USD
in_000004316,cus_000000500334,2024-05-24,10075.18,paid,USD
in_000004317,cus_000000500334,2025-05-22,9234.61,paid,USD
in_000004318,cus_000000500334,2026-05-19,9716.89,paid,USD
in_000004319,cus_000000500335,2025-07-15,10076.73,paid,USD
in_000004320,cus_000000500335,2025-08-13,9528.71,paid,USD
in_000004321,cus_000000500335,2025-09-12,10396.01,paid,USD
in_000004322,cus_000000500335,2025-10-15,9711.06,paid,USD
in_000004323,cus_000000500335,2025-11-14,9580.02,paid,USD
in_000004324,cus_000000500335,2025-12-15,9809.29,paid,USD
in_000004325,cus_000000500335,2026-01-16,9268.01,paid,USD
in_000004326,cus_000000500335,2026-02-13,10916.28,refunded,USD
in_000004327,cus_000000500335,2026-03-17,10844.93,paid,USD
in_000004328,cus_000000500335,2026-04-16,9955.86,paid,USD
in_000004329,cus_000000500335,2026-05-13,10950.67,paid,USD
in_000004330,cus_000000500335,2026-06-12,10937.90,paid,USD
in_000004331,cus_000000500335,2026-07-13,9436.68,paid,USD
in_000004332,cus_000000500335,2026-08-12,10500.78,paid,USD
in_000004333,cus_000000500336,2026-06-30,3522.92,paid,USD
in_000004334,cus_000000500337,2022-12-17,3243.62,paid,USD
in_000004335,cus_000000500337,2023-12-16,3920.32,paid,USD
in_000004336,cus_000000500337,2024-12-16,3444.64,paid,USD
in_000004337,cus_000000500337,2025-12-18,3527.24,paid,USD
in_000004338,cus_000000500338,2022-12-23,74236.13,paid,USD
in_000004339,cus_000000500338,2023-12-21,74464.01,paid,USD
in_000004340,cus_000000500338,2024-12-23,74774.35,paid,USD
in_000004341,cus_000000500338,2025-12-26,66471.69,paid,USD
in_000004342,cus_000000500339,2024-10-24,1056.79,void,USD
in_000004343,cus_000000500339,2024-11-22,969.12,paid,USD
in_000004344,cus_000000500339,2024-12-24,1032.97,paid,USD
in_000004345,cus_000000500339,2025-01-20,968.86,paid,USD
in_000004346,cus_000000500339,2025-02-18,1090.60,refunded,USD
in_000004347,cus_000000500339,2025-03-21,1156.69,paid,USD
in_000004348,cus_000000500339,2025-04-19,1169.79,paid,USD
in_000004349,cus_000000500339,2025-05-20,1074.64,paid,USD
in_000004350,cus_000000500339,2025-06-17,980.16,paid,USD
in_000004351,cus_000000500339,2025-07-15,1108.62,paid,USD
in_000004352,cus_000000500339,2025-08-14,1092.90,paid,USD
in_000004353,cus_000000500339,2025-09-11,1048.49,void,USD
in_000004354,cus_000000500339,2025-10-14,1074.33,paid,USD
in_000004355,cus_000000500339,2025-11-15,1070.97,paid,USD
in_000004356,cus_000000500339,2025-12-12,1033.43,paid,USD
in_000004357,cus_000000500339,2026-01-09,1114.94,paid,USD
in_000004358,cus_000000500339,2026-02-10,965.30,paid,USD
in_000004359,cus_000000500339,2026-03-14,1007.09,paid,USD
in_000004360,cus_000000500339,2026-04-15,1132.14,paid,USD
in_000004361,cus_000000500340,2023-07-09,63332.39,paid,USD
in_000004362,cus_000000500340,2024-07-11,63666.44,paid,USD
in_000004363,cus_000000500340,2025-07-14,68470.52,paid,USD
in_000004364,cus_000000500341,2026-01-15,15402.87,paid,USD
in_000004365,cus_000000500342,2023-08-04,276.43,paid,USD
in_000004366,cus_000000500342,2023-09-01,251.13,paid,USD
in_000004367,cus_000000500342,2023-10-03,257.60,paid,USD
in_000004368,cus_000000500342,2023-10-30,267.89,paid,USD
in_000004369,cus_000000500342,2023-11-27,235.42,refunded,USD
in_000004370,cus_000000500342,2023-12-29,238.77,paid,USD
in_000004371,cus_000000500342,2024-01-28,251.48,paid,USD
in_000004372,cus_000000500342,2024-02-25,254.54,paid,USD
in_000004373,cus_000000500342,2024-03-27,277.91,paid,USD
in_000004374,cus_000000500342,2024-04-23,263.77,paid,USD
in_000004375,cus_000000500342,2024-05-22,251.23,paid,USD
in_000004376,cus_000000500342,2024-06-21,264.13,paid,USD
in_000004377,cus_000000500342,2024-07-20,272.43,paid,USD
in_000004378,cus_000000500342,2024-08-16,272.74,paid,USD
in_000004379,cus_000000500342,2024-09-15,237.36,paid,USD
in_000004380,cus_000000500342,2024-10-17,251.37,paid,USD
in_000004381,cus_000000500342,2024-11-18,264.39,paid,USD
in_000004382,cus_000000500342,2024-12-17,278.44,paid,USD
in_000004383,cus_000000500342,2025-01-16,233.56,paid,USD
in_000004384,cus_000000500342,2025-02-16,261.62,paid,USD
in_000004385,cus_000000500342,2025-03-15,232.11,paid,USD
in_000004386,cus_000000500342,2025-04-13,264.17,paid,USD
in_000004387,cus_000000500342,2025-05-11,251.60,paid,USD
in_000004388,cus_000000500342,2025-06-09,262.91,paid,USD
in_000004389,cus_000000500342,2025-07-07,242.71,paid,USD
in_000004390,cus_000000500342,2025-08-05,246.31,paid,USD
in_000004391,cus_000000500342,2025-09-03,252.42,paid,USD
in_000004392,cus_000000500342,2025-10-01,230.14,paid,USD
in_000004393,cus_000000500342,2025-11-03,249.36,paid,USD
in_000004394,cus_000000500342,2025-12-02,249.15,paid,USD
in_000004395,cus_000000500342,2025-12-31,241.37,paid,USD
in_000004396,cus_000000500342,2026-01-30,273.16,paid,USD
in_000004397,cus_000000500342,2026-02-28,257.53,paid,USD
in_000004398,cus_000000500342,2026-03-30,235.60,paid,USD
in_000004399,cus_000000500342,2026-04-30,277.08,paid,USD
in_000004400,cus_000000500342,2026-06-01,244.62,paid,USD
in_000004401,cus_000000500342,2026-07-01,239.87,paid,USD
in_000004402,cus_000000500342,2026-07-30,245.60,paid,USD
in_000004403,cus_000000500343,2023-09-25,87902.37,paid,USD
in_000004404,cus_000000500343,2024-09-23,92147.75,void,USD
in_000004405,cus_000000500343,2025-09-25,83914.76,paid,USD
in_000004406,cus_000000500344,2023-05-31,7755.75,paid,USD
in_000004407,cus_000000500344,2023-07-01,7474.58,paid,USD
in_000004408,cus_000000500344,2023-07-29,8426.48,paid,USD
in_000004409,cus_000000500344,2023-08-29,7675.38,paid,USD
in_000004410,cus_000000500344,2023-09-30,8251.72,paid,USD
in_000004411,cus_000000500344,2023-11-02,7178.99,paid,USD
in_000004412,cus_000000500344,2023-11-30,8540.36,paid,USD
in_000004413,cus_000000500344,2023-12-28,8403.98,paid,USD
in_000004414,cus_000000500344,2024-01-26,7258.81,paid,USD
in_000004415,cus_000000500344,2024-02-27,8086.58,paid,USD
in_000004416,cus_000000500344,2024-03-27,8482.97,paid,USD
in_000004417,cus_000000500344,2024-04-24,7569.99,void,USD
in_000004418,cus_000000500344,2024-05-25,8501.18,paid,USD
in_000004419,cus_000000500344,2024-06-23,7755.21,paid,USD
in_000004420,cus_000000500344,2024-07-25,8276.09,paid,USD
in_000004421,cus_000000500344,2024-08-23,7597.51,paid,USD
in_000004422,cus_000000500344,2024-09-22,7366.53,paid,USD
in_000004423,cus_000000500344,2024-10-21,7555.57,paid,USD
in_000004424,cus_000000500345,2023-08-21,30152.11,void,USD
in_000004425,cus_000000500345,2024-08-17,28459.39,paid,USD
in_000004426,cus_000000500345,2025-08-15,31139.17,paid,USD
in_000004427,cus_000000500346,2025-03-16,51598.44,paid,USD
in_000004428,cus_000000500346,2026-03-16,55869.73,paid,USD
in_000004429,cus_000000500347,2024-11-03,2497.43,paid,USD
in_000004430,cus_000000500347,2025-11-03,2319.35,refunded,USD
in_000004431,cus_000000500348,2025-01-20,9286.12,paid,USD
in_000004432,cus_000000500348,2026-01-20,9633.44,paid,USD
in_000004433,cus_000000500349,2023-03-22,5864.46,paid,USD
in_000004434,cus_000000500349,2023-04-24,5155.07,paid,USD
in_000004435,cus_000000500349,2023-05-21,5187.17,paid,USD
in_000004436,cus_000000500349,2023-06-20,5509.65,paid,USD
in_000004437,cus_000000500349,2023-07-17,6173.88,refunded,USD
in_000004438,cus_000000500349,2023-08-17,6064.05,paid,USD
in_000004439,cus_000000500349,2023-09-19,5646.21,paid,USD
in_000004440,cus_000000500349,2023-10-17,5531.50,paid,USD
in_000004441,cus_000000500349,2023-11-18,6073.36,paid,USD
in_000004442,cus_000000500349,2023-12-18,5141.74,paid,USD
in_000004443,cus_000000500349,2024-01-15,5894.89,paid,USD
in_000004444,cus_000000500349,2024-02-15,5111.70,paid,USD
in_000004445,cus_000000500349,2024-03-17,5858.99,paid,USD
in_000004446,cus_000000500349,2024-04-16,5119.19,refunded,USD
in_000004447,cus_000000500349,2024-05-18,5824.84,paid,USD
in_000004448,cus_000000500349,2024-06-14,5957.92,paid,USD
in_000004449,cus_000000500349,2024-07-16,5857.79,paid,USD
in_000004450,cus_000000500349,2024-08-15,5455.47,paid,USD
in_000004451,cus_000000500349,2024-09-11,6032.59,paid,USD
in_000004452,cus_000000500349,2024-10-09,5064.27,paid,USD
in_000004453,cus_000000500349,2024-11-09,5558.07,paid,USD
in_000004454,cus_000000500349,2024-12-09,5655.90,paid,USD
in_000004455,cus_000000500349,2025-01-08,5342.99,paid,USD
in_000004456,cus_000000500349,2025-02-06,6091.36,paid,USD
in_000004457,cus_000000500349,2025-03-11,5923.05,paid,USD
in_000004458,cus_000000500349,2025-04-12,5964.83,refunded,USD
in_000004459,cus_000000500349,2025-05-14,5735.45,paid,USD
in_000004460,cus_000000500349,2025-06-10,5335.97,paid,USD
in_000004461,cus_000000500349,2025-07-11,5630.58,paid,USD
in_000004462,cus_000000500349,2025-08-08,5411.56,paid,USD
in_000004463,cus_000000500349,2025-09-10,5966.88,paid,USD
in_000004464,cus_000000500349,2025-10-09,5740.38,paid,USD
in_000004465,cus_000000500349,2025-11-09,6138.57,paid,USD
in_000004466,cus_000000500350,2026-07-04,3436.11,paid,USD
in_000004467,cus_000000500351,2023-11-12,8638.87,paid,USD
in_000004468,cus_000000500351,2024-11-08,8456.19,paid,USD
in_000004469,cus_000000500351,2025-11-08,8827.89,paid,USD
in_000004470,cus_000000500352,2025-12-12,851.62,paid,USD
in_000004471,cus_000000500352,2026-01-14,750.59,paid,USD
in_000004472,cus_000000500352,2026-02-11,772.89,paid,USD
in_000004473,cus_000000500352,2026-03-10,803.08,void,USD
in_000004474,cus_000000500352,2026-04-08,776.21,paid,USD
in_000004475,cus_000000500352,2026-05-05,771.83,paid,USD
in_000004476,cus_000000500352,2026-06-06,732.25,paid,USD
in_000004477,cus_000000500352,2026-07-07,755.53,paid,USD
in_000004478,cus_000000500352,2026-08-06,843.21,paid,USD
in_000004479,cus_000000500353,2024-07-09,8543.30,paid,USD
in_000004480,cus_000000500353,2025-07-09,9454.17,paid,USD
in_000004481,cus_000000500353,2026-07-08,8683.97,paid,USD
in_000004482,cus_000000500354,2024-06-16,358.60,failed,USD
in_000004483,cus_000000500354,2024-07-13,318.20,paid,USD
in_000004484,cus_000000500354,2024-08-12,369.10,paid,USD
in_000004485,cus_000000500354,2024-09-11,313.61,void,USD
in_000004486,cus_000000500354,2024-10-10,338.16,paid,USD
in_000004487,cus_000000500354,2024-11-06,367.92,paid,USD
in_000004488,cus_000000500354,2024-12-09,365.05,paid,USD
in_000004489,cus_000000500354,2025-01-07,359.96,paid,USD
in_000004490,cus_000000500354,2025-02-04,350.37,paid,USD
in_000004491,cus_000000500354,2025-03-04,336.92,paid,USD
in_000004492,cus_000000500354,2025-04-06,331.59,paid,USD
in_000004493,cus_000000500354,2025-05-07,360.71,paid,USD
in_000004494,cus_000000500354,2025-06-06,312.37,paid,USD
in_000004495,cus_000000500354,2025-07-05,332.36,void,USD
in_000004496,cus_000000500354,2025-08-01,370.77,paid,USD
in_000004497,cus_000000500354,2025-09-03,341.40,paid,USD
in_000004498,cus_000000500354,2025-10-04,342.01,paid,USD
in_000004499,cus_000000500354,2025-10-31,324.88,paid,USD
in_000004500,cus_000000500354,2025-12-03,342.72,paid,USD
in_000004501,cus_000000500354,2025-12-31,313.59,void,USD
in_000004502,cus_000000500354,2026-01-28,354.12,paid,USD
in_000004503,cus_000000500354,2026-02-26,346.85,paid,USD
in_000004504,cus_000000500354,2026-03-25,326.35,paid,USD
in_000004505,cus_000000500354,2026-04-21,342.67,paid,USD
in_000004506,cus_000000500354,2026-05-23,337.39,paid,USD
in_000004507,cus_000000500354,2026-06-22,322.09,paid,USD
in_000004508,cus_000000500354,2026-07-22,349.52,paid,USD
in_000004509,cus_000000500355,2026-07-24,2422.33,paid,USD
in_000004510,cus_000000500356,2022-12-21,272.28,paid,USD
in_000004511,cus_000000500356,2023-01-19,280.23,paid,USD
in_000004512,cus_000000500356,2023-02-21,282.52,refunded,USD
in_000004513,cus_000000500356,2023-03-26,292.03,paid,USD
in_000004514,cus_000000500356,2023-04-26,279.58,paid,USD
in_000004515,cus_000000500356,2023-05-25,280.09,paid,USD
in_000004516,cus_000000500356,2023-06-24,287.56,paid,USD
in_000004517,cus_000000500356,2023-07-25,282.17,paid,USD
in_000004518,cus_000000500356,2023-08-27,307.42,paid,USD
in_000004519,cus_000000500356,2023-09-25,310.86,paid,USD
in_000004520,cus_000000500356,2023-10-28,277.05,paid,USD
in_000004521,cus_000000500356,2023-11-26,280.92,paid,USD
in_000004522,cus_000000500356,2023-12-23,299.28,paid,USD
in_000004523,cus_000000500356,2024-01-23,326.68,paid,USD
in_000004524,cus_000000500356,2024-02-24,287.45,paid,USD
in_000004525,cus_000000500356,2024-03-23,274.76,paid,USD
in_000004526,cus_000000500356,2024-04-24,327.64,paid,USD
in_000004527,cus_000000500356,2024-05-25,310.26,paid,USD
in_000004528,cus_000000500356,2024-06-24,323.13,paid,USD
in_000004529,cus_000000500356,2024-07-27,271.03,paid,USD
in_000004530,cus_000000500356,2024-08-25,279.60,paid,USD
in_000004531,cus_000000500356,2024-09-25,322.32,paid,USD
in_000004532,cus_000000500356,2024-10-23,328.23,paid,USD
in_000004533,cus_000000500356,2024-11-23,297.08,paid,USD
in_000004534,cus_000000500356,2024-12-22,307.31,paid,USD
in_000004535,cus_000000500356,2025-01-23,306.68,paid,USD
in_000004536,cus_000000500356,2025-02-25,281.05,paid,USD
in_000004537,cus_000000500356,2025-03-29,318.76,paid,USD
in_000004538,cus_000000500356,2025-04-25,316.81,paid,USD
in_000004539,cus_000000500356,2025-05-23,314.60,void,USD
in_000004540,cus_000000500356,2025-06-21,309.56,paid,USD
in_000004541,cus_000000500356,2025-07-22,312.13,paid,USD
in_000004542,cus_000000500356,2025-08-21,301.19,paid,USD
in_000004543,cus_000000500356,2025-09-22,281.42,paid,USD
in_000004544,cus_000000500356,2025-10-21,319.74,paid,USD
in_000004545,cus_000000500356,2025-11-23,304.46,paid,USD
in_000004546,cus_000000500356,2025-12-24,326.47,void,USD
in_000004547,cus_000000500356,2026-01-26,316.46,paid,USD
in_000004548,cus_000000500356,2026-02-25,317.72,paid,USD
in_000004549,cus_000000500356,2026-03-29,271.83,paid,USD
in_000004550,cus_000000500356,2026-04-29,292.35,paid,USD
in_000004551,cus_000000500356,2026-05-27,283.35,paid,USD
in_000004552,cus_000000500356,2026-06-27,313.16,paid,USD
in_000004553,cus_000000500356,2026-07-27,300.61,paid,USD
in_000004554,cus_000000500357,2026-06-08,771.41,paid,USD
in_000004555,cus_000000500358,2024-10-28,1159.21,paid,USD
in_000004556,cus_000000500358,2024-11-26,1065.69,paid,USD
in_000004557,cus_000000500358,2024-12-24,1106.10,paid,USD
in_000004558,cus_000000500358,2025-01-20,1247.60,paid,USD
in_000004559,cus_000000500358,2025-02-21,1099.89,paid,USD
in_000004560,cus_000000500358,2025-03-21,1120.50,paid,USD
in_000004561,cus_000000500358,2025-04-18,1094.67,paid,USD
in_000004562,cus_000000500358,2025-05-19,1202.88,paid,USD
in_000004563,cus_000000500358,2025-06-17,1181.47,paid,USD
in_000004564,cus_000000500358,2025-07-16,1119.66,paid,USD
in_000004565,cus_000000500358,2025-08-13,1232.03,paid,USD
in_000004566,cus_000000500359,2025-06-24,1120.95,paid,USD
in_000004567,cus_000000500359,2025-07-24,1070.98,paid,USD
in_000004568,cus_000000500359,2025-08-23,1017.55,paid,USD
in_000004569,cus_000000500359,2025-09-21,1019.63,paid,USD
in_000004570,cus_000000500359,2025-10-24,1012.47,paid,USD
in_000004571,cus_000000500359,2025-11-24,1152.05,paid,USD
in_000004572,cus_000000500359,2025-12-22,1162.14,paid,USD
in_000004573,cus_000000500359,2026-01-19,996.35,paid,USD
in_000004574,cus_000000500359,2026-02-16,1142.57,paid,USD
in_000004575,cus_000000500359,2026-03-20,1177.58,paid,USD
in_000004576,cus_000000500359,2026-04-17,1021.94,paid,USD
in_000004577,cus_000000500359,2026-05-17,1118.29,paid,USD
in_000004578,cus_000000500359,2026-06-16,1156.96,paid,USD
in_000004579,cus_000000500359,2026-07-13,1147.53,paid,USD
in_000004580,cus_000000500359,2026-08-13,1040.37,failed,USD
in_000004581,cus_000000500360,2025-06-29,27726.79,paid,USD
in_000004582,cus_000000500360,2026-06-26,28280.41,paid,USD
in_000004583,cus_000000500361,2023-03-02,336.47,paid,USD
in_000004584,cus_000000500361,2023-03-30,364.54,paid,USD
in_000004585,cus_000000500361,2023-04-29,389.09,paid,USD
in_000004586,cus_000000500361,2023-05-27,367.35,paid,USD
in_000004587,cus_000000500361,2023-06-29,345.09,paid,USD
in_000004588,cus_000000500361,2023-07-27,395.94,paid,USD
in_000004589,cus_000000500361,2023-08-26,392.57,paid,USD
in_000004590,cus_000000500361,2023-09-28,402.98,paid,USD
in_000004591,cus_000000500361,2023-10-29,403.03,paid,USD
in_000004592,cus_000000500361,2023-11-29,357.59,paid,USD
in_000004593,cus_000000500361,2023-12-26,341.94,paid,USD
in_000004594,cus_000000500361,2024-01-27,404.50,paid,USD
in_000004595,cus_000000500361,2024-02-26,348.21,paid,USD
in_000004596,cus_000000500361,2024-03-29,352.36,paid,USD
in_000004597,cus_000000500361,2024-04-25,345.48,paid,USD
in_000004598,cus_000000500361,2024-05-26,348.91,paid,USD
in_000004599,cus_000000500361,2024-06-24,352.69,paid,USD
in_000004600,cus_000000500361,2024-07-22,386.06,failed,USD
in_000004601,cus_000000500361,2024-08-18,385.24,paid,USD
in_000004602,cus_000000500361,2024-09-18,390.13,paid,USD
in_000004603,cus_000000500361,2024-10-16,333.24,paid,USD
in_000004604,cus_000000500361,2024-11-13,367.39,refunded,USD
in_000004605,cus_000000500361,2024-12-10,380.92,paid,USD
in_000004606,cus_000000500361,2025-01-08,371.05,paid,USD
in_000004607,cus_000000500362,2026-06-09,702.11,paid,USD
in_000004608,cus_000000500362,2026-07-07,687.05,refunded,USD
in_000004609,cus_000000500362,2026-08-03,703.82,paid,USD
in_000004610,cus_000000500363,2024-03-13,3366.07,paid,USD
in_000004611,cus_000000500363,2025-03-13,3707.08,paid,USD
in_000004612,cus_000000500363,2026-03-15,3688.95,paid,USD
in_000004613,cus_000000500364,2024-04-23,5264.33,paid,USD
in_000004614,cus_000000500364,2024-05-20,6031.63,paid,USD
in_000004615,cus_000000500364,2024-06-20,5834.84,paid,USD
in_000004616,cus_000000500364,2024-07-22,5547.72,paid,USD
in_000004617,cus_000000500364,2024-08-21,5875.25,paid,USD
in_000004618,cus_000000500364,2024-09-23,5155.43,paid,USD
in_000004619,cus_000000500364,2024-10-20,5157.54,paid,USD
in_000004620,cus_000000500364,2024-11-19,5215.15,paid,USD
in_000004621,cus_000000500364,2024-12-17,5498.26,paid,USD
in_000004622,cus_000000500364,2025-01-17,5299.37,paid,USD
in_000004623,cus_000000500364,2025-02-16,5944.49,paid,USD
in_000004624,cus_000000500364,2025-03-19,5796.22,paid,USD
in_000004625,cus_000000500364,2025-04-17,5424.14,paid,USD
in_000004626,cus_000000500364,2025-05-17,5139.33,paid,USD
in_000004627,cus_000000500364,2025-06-17,5148.12,paid,USD
in_000004628,cus_000000500364,2025-07-17,5630.75,paid,USD
in_000004629,cus_000000500364,2025-08-18,5719.35,paid,USD
in_000004630,cus_000000500365,2024-11-03,3947.80,paid,USD
in_000004631,cus_000000500365,2025-11-02,3373.42,failed,USD
in_000004632,cus_000000500367,2024-10-16,1422.56,paid,USD
in_000004633,cus_000000500367,2024-11-17,1351.44,paid,USD
in_000004634,cus_000000500367,2024-12-14,1258.41,paid,USD
in_000004635,cus_000000500367,2025-01-13,1324.09,paid,USD
in_000004636,cus_000000500367,2025-02-15,1383.27,paid,USD
in_000004637,cus_000000500367,2025-03-16,1455.23,paid,USD
in_000004638,cus_000000500367,2025-04-16,1434.27,paid,USD
in_000004639,cus_000000500367,2025-05-15,1313.35,paid,USD
in_000004640,cus_000000500367,2025-06-16,1406.22,paid,USD
in_000004641,cus_000000500367,2025-07-14,1495.63,paid,USD
in_000004642,cus_000000500367,2025-08-13,1286.98,paid,USD
in_000004643,cus_000000500367,2025-09-11,1271.46,paid,USD
in_000004644,cus_000000500367,2025-10-09,1421.59,paid,USD
in_000004645,cus_000000500367,2025-11-05,1252.79,paid,USD
in_000004646,cus_000000500367,2025-12-02,1239.09,paid,USD
in_000004647,cus_000000500367,2026-01-03,1269.81,paid,USD
in_000004648,cus_000000500367,2026-02-04,1473.68,paid,USD
in_000004649,cus_000000500367,2026-03-06,1376.89,paid,USD
in_000004650,cus_000000500367,2026-04-07,1488.01,paid,USD
in_000004651,cus_000000500367,2026-05-09,1267.17,paid,USD
in_000004652,cus_000000500367,2026-06-08,1385.17,paid,USD
in_000004653,cus_000000500367,2026-07-09,1409.05,paid,USD
in_000004654,cus_000000500367,2026-08-06,1378.52,paid,USD
in_000004655,cus_000000500368,2025-12-17,3726.82,paid,USD
in_000004656,cus_000000500369,2025-01-07,34529.09,paid,USD
in_000004657,cus_000000500369,2026-01-05,34394.49,paid,USD
in_000004658,cus_000000500370,2024-04-15,3250.47,paid,USD
in_000004659,cus_000000500370,2025-04-12,3444.24,paid,USD
in_000004660,cus_000000500370,2026-04-13,3889.03,paid,USD
in_000004661,cus_000000500371,2023-10-31,60124.09,paid,USD
in_000004662,cus_000000500371,2024-10-31,66186.89,paid,USD
in_000004663,cus_000000500371,2025-10-29,66341.05,paid,USD
in_000004664,cus_000000500372,2025-04-20,8267.75,paid,USD
in_000004665,cus_000000500372,2026-04-22,7101.10,paid,USD
in_000004666,cus_000000500373,2024-05-03,12987.68,paid,USD
in_000004667,cus_000000500373,2025-05-05,14061.43,paid,USD
in_000004668,cus_000000500373,2026-05-04,14301.74,paid,USD
in_000004669,cus_000000500374,2023-03-09,722.75,paid,USD
in_000004670,cus_000000500374,2023-04-05,620.44,paid,USD
in_000004671,cus_000000500374,2023-05-07,728.84,paid,USD
in_000004672,cus_000000500374,2023-06-09,709.98,paid,USD
in_000004673,cus_000000500374,2023-07-07,715.31,paid,USD
in_000004674,cus_000000500374,2023-08-03,674.00,paid,USD
in_000004675,cus_000000500374,2023-08-30,650.42,paid,USD
in_000004676,cus_000000500374,2023-10-01,628.44,paid,USD
in_000004677,cus_000000500374,2023-10-30,685.86,paid,USD
in_000004678,cus_000000500374,2023-11-30,629.62,refunded,USD
in_000004679,cus_000000500374,2023-12-29,688.09,paid,USD
in_000004680,cus_000000500374,2024-01-31,640.02,paid,USD
in_000004681,cus_000000500374,2024-03-01,693.02,paid,USD
in_000004682,cus_000000500374,2024-04-02,633.89,paid,USD
in_000004683,cus_000000500374,2024-05-03,652.01,paid,USD
in_000004684,cus_000000500374,2024-06-05,728.47,paid,USD
in_000004685,cus_000000500374,2024-07-03,629.28,paid,USD
in_000004686,cus_000000500374,2024-08-01,741.49,paid,USD
in_000004687,cus_000000500374,2024-09-03,716.05,paid,USD
in_000004688,cus_000000500374,2024-10-06,691.32,paid,USD
in_000004689,cus_000000500374,2024-11-08,627.64,paid,USD
in_000004690,cus_000000500374,2024-12-08,649.39,paid,USD
in_000004691,cus_000000500374,2025-01-08,666.58,paid,USD
in_000004692,cus_000000500374,2025-02-04,731.33,paid,USD
in_000004693,cus_000000500374,2025-03-03,730.20,paid,USD
in_000004694,cus_000000500374,2025-03-31,682.91,paid,USD
in_000004695,cus_000000500374,2025-05-02,643.82,void,USD
in_000004696,cus_000000500374,2025-05-31,705.16,paid,USD
in_000004697,cus_000000500374,2025-07-03,695.41,paid,USD
in_000004698,cus_000000500374,2025-08-01,671.92,paid,USD
in_000004699,cus_000000500374,2025-08-30,685.28,paid,USD
in_000004700,cus_000000500374,2025-09-26,689.00,paid,USD
in_000004701,cus_000000500374,2025-10-23,651.48,paid,USD
in_000004702,cus_000000500374,2025-11-22,630.93,paid,USD
in_000004703,cus_000000500374,2025-12-24,640.29,paid,USD
in_000004704,cus_000000500374,2026-01-20,627.48,paid,USD
in_000004705,cus_000000500374,2026-02-22,644.75,paid,USD
in_000004706,cus_000000500374,2026-03-25,674.75,paid,USD
in_000004707,cus_000000500374,2026-04-25,628.95,paid,USD
in_000004708,cus_000000500374,2026-05-23,679.11,paid,USD
in_000004709,cus_000000500374,2026-06-24,635.78,paid,USD
in_000004710,cus_000000500374,2026-07-26,726.42,paid,USD
in_000004711,cus_000000500375,2023-06-06,1877.60,paid,USD
in_000004712,cus_000000500375,2024-06-07,2195.47,paid,USD
in_000004713,cus_000000500375,2025-06-05,2171.17,paid,USD
in_000004714,cus_000000500376,2023-06-07,2092.56,paid,USD
in_000004715,cus_000000500376,2024-06-09,2076.75,paid,USD
in_000004716,cus_000000500376,2025-06-09,2089.60,paid,USD
in_000004717,cus_000000500377,2023-08-17,3467.98,paid,USD
in_000004718,cus_000000500377,2024-08-14,3364.98,paid,USD
in_000004719,cus_000000500377,2025-08-11,3822.55,void,USD
in_000004720,cus_000000500377,2026-08-08,3869.24,paid,USD
in_000004721,cus_000000500378,2024-07-06,3709.68,paid,USD
in_000004722,cus_000000500378,2025-07-07,3778.79,paid,USD
in_000004723,cus_000000500379,2023-11-04,294.29,paid,USD
in_000004724,cus_000000500379,2023-12-05,318.99,paid,USD
in_000004725,cus_000000500379,2024-01-07,318.88,paid,USD
in_000004726,cus_000000500379,2024-02-04,295.77,paid,USD
in_000004727,cus_000000500379,2024-03-03,314.51,paid,USD
in_000004728,cus_000000500379,2024-03-30,327.13,paid,USD
in_000004729,cus_000000500379,2024-05-01,305.00,paid,USD
in_000004730,cus_000000500379,2024-06-01,270.06,paid,USD
in_000004731,cus_000000500379,2024-06-29,276.51,paid,USD
in_000004732,cus_000000500379,2024-07-31,285.19,paid,USD
in_000004733,cus_000000500379,2024-08-28,308.63,paid,USD
in_000004734,cus_000000500379,2024-09-24,292.70,paid,USD
in_000004735,cus_000000500379,2024-10-24,271.20,paid,USD
in_000004736,cus_000000500379,2024-11-21,324.93,paid,USD
in_000004737,cus_000000500379,2024-12-23,309.58,refunded,USD
in_000004738,cus_000000500379,2025-01-20,284.88,paid,USD
in_000004739,cus_000000500379,2025-02-22,274.64,paid,USD
in_000004740,cus_000000500379,2025-03-21,309.88,paid,USD
in_000004741,cus_000000500379,2025-04-18,272.16,refunded,USD
in_000004742,cus_000000500379,2025-05-16,286.48,paid,USD
in_000004743,cus_000000500379,2025-06-14,286.33,paid,USD
in_000004744,cus_000000500379,2025-07-15,320.85,paid,USD
in_000004745,cus_000000500379,2025-08-15,291.32,paid,USD
in_000004746,cus_000000500379,2025-09-12,314.13,void,USD
in_000004747,cus_000000500379,2025-10-09,295.02,paid,USD
in_000004748,cus_000000500379,2025-11-11,312.37,paid,USD
in_000004749,cus_000000500379,2025-12-09,275.86,paid,USD
in_000004750,cus_000000500379,2026-01-09,295.55,paid,USD
in_000004751,cus_000000500380,2025-08-10,3597.60,paid,USD
in_000004752,cus_000000500380,2026-08-08,3387.53,paid,USD
in_000004753,cus_000000500382,2025-08-18,26328.27,paid,USD
in_000004754,cus_000000500382,2026-08-15,22711.49,paid,USD
in_000004755,cus_000000500383,2025-09-09,2597.51,paid,USD
in_000004756,cus_000000500383,2025-10-07,2245.34,paid,USD
in_000004757,cus_000000500383,2025-11-09,2613.08,paid,USD
in_000004758,cus_000000500383,2025-12-07,2426.91,paid,USD
in_000004759,cus_000000500383,2026-01-03,2299.49,paid,USD
in_000004760,cus_000000500384,2024-06-08,3804.78,paid,USD
in_000004761,cus_000000500384,2025-06-10,3719.72,paid,USD
in_000004762,cus_000000500385,2023-08-13,3604.40,refunded,USD
in_000004763,cus_000000500385,2024-08-09,3707.35,paid,USD
in_000004764,cus_000000500385,2025-08-10,3329.17,paid,USD
in_000004765,cus_000000500385,2026-08-07,3615.09,paid,USD
in_000004766,cus_000000500386,2024-05-13,226.21,paid,USD
in_000004767,cus_000000500386,2024-06-14,233.56,paid,USD
in_000004768,cus_000000500386,2024-07-12,249.45,paid,USD
in_000004769,cus_000000500386,2024-08-13,219.45,paid,USD
in_000004770,cus_000000500386,2024-09-12,254.34,paid,USD
in_000004771,cus_000000500386,2024-10-12,258.50,paid,USD
in_000004772,cus_000000500386,2024-11-11,258.41,paid,USD
in_000004773,cus_000000500386,2024-12-09,224.41,paid,USD
in_000004774,cus_000000500386,2025-01-05,214.31,paid,USD
in_000004775,cus_000000500386,2025-02-07,241.87,paid,USD
in_000004776,cus_000000500386,2025-03-11,251.83,paid,USD
in_000004777,cus_000000500386,2025-04-11,220.91,paid,USD
in_000004778,cus_000000500386,2025-05-10,219.31,paid,USD
in_000004779,cus_000000500386,2025-06-06,221.26,paid,USD
in_000004780,cus_000000500386,2025-07-04,218.45,paid,USD
in_000004781,cus_000000500386,2025-08-01,225.88,paid,USD
in_000004782,cus_000000500386,2025-08-31,231.04,paid,USD
in_000004783,cus_000000500386,2025-09-29,241.57,paid,USD
in_000004784,cus_000000500386,2025-10-27,236.70,paid,USD
in_000004785,cus_000000500386,2025-11-29,255.34,paid,USD
in_000004786,cus_000000500386,2025-12-29,245.26,paid,USD
in_000004787,cus_000000500386,2026-01-29,257.01,paid,USD
in_000004788,cus_000000500387,2025-11-27,15261.55,paid,USD
in_000004789,cus_000000500388,2022-12-19,2881.21,paid,USD
in_000004790,cus_000000500388,2023-12-18,2515.39,paid,USD
in_000004791,cus_000000500388,2024-12-18,2598.44,paid,USD
in_000004792,cus_000000500388,2025-12-17,3010.87,paid,USD
in_000004793,cus_000000500389,2025-10-08,34677.19,refunded,USD
in_000004794,cus_000000500390,2025-09-22,781.96,paid,USD
in_000004795,cus_000000500391,2024-08-20,3351.04,paid,USD
in_000004796,cus_000000500392,2023-01-07,1177.67,paid,USD
in_000004797,cus_000000500392,2023-02-05,1104.84,paid,USD
in_000004798,cus_000000500392,2023-03-06,1316.39,paid,USD
in_000004799,cus_000000500392,2023-04-05,1189.42,paid,USD
in_000004800,cus_000000500392,2023-05-07,1307.86,paid,USD
in_000004801,cus_000000500392,2023-06-07,1096.71,paid,USD
in_000004802,cus_000000500392,2023-07-05,1110.20,paid,USD
in_000004803,cus_000000500392,2023-08-03,1272.26,paid,USD
in_000004804,cus_000000500392,2023-09-01,1192.28,paid,USD
in_000004805,cus_000000500392,2023-10-04,1177.02,paid,USD
in_000004806,cus_000000500392,2023-11-04,1250.05,void,USD
in_000004807,cus_000000500392,2023-12-06,1186.55,paid,USD
in_000004808,cus_000000500392,2024-01-02,1147.18,paid,USD
in_000004809,cus_000000500392,2024-01-29,1256.69,paid,USD
in_000004810,cus_000000500392,2024-02-26,1276.32,paid,USD
in_000004811,cus_000000500392,2024-03-29,1160.18,paid,USD
in_000004812,cus_000000500392,2024-04-30,1271.71,paid,USD
in_000004813,cus_000000500392,2024-05-31,1198.77,paid,USD
in_000004814,cus_000000500392,2024-07-03,1267.45,paid,USD
in_000004815,cus_000000500392,2024-08-04,1282.35,paid,USD
in_000004816,cus_000000500392,2024-08-31,1237.39,paid,USD
in_000004817,cus_000000500392,2024-10-01,1127.11,paid,USD
in_000004818,cus_000000500392,2024-11-02,1222.02,paid,USD
in_000004819,cus_000000500392,2024-12-04,1129.73,paid,USD
in_000004820,cus_000000500392,2025-01-04,1275.69,paid,USD
in_000004821,cus_000000500392,2025-02-05,1254.22,paid,USD
in_000004822,cus_000000500392,2025-03-09,1284.86,paid,USD
in_000004823,cus_000000500392,2025-04-09,1253.99,paid,USD
in_000004824,cus_000000500392,2025-05-10,1165.38,paid,USD
in_000004825,cus_000000500392,2025-06-07,1147.80,paid,USD
in_000004826,cus_000000500392,2025-07-08,1244.10,paid,USD
in_000004827,cus_000000500392,2025-08-08,1328.79,paid,USD
in_000004828,cus_000000500392,2025-09-06,1296.31,paid,USD
in_000004829,cus_000000500392,2025-10-06,1304.83,paid,USD
in_000004830,cus_000000500392,2025-11-04,1110.08,paid,USD
in_000004831,cus_000000500392,2025-12-01,1305.44,paid,USD
in_000004832,cus_000000500392,2025-12-30,1236.87,paid,USD
in_000004833,cus_000000500392,2026-01-27,1107.17,paid,USD
in_000004834,cus_000000500392,2026-02-26,1127.51,paid,USD
in_000004835,cus_000000500392,2026-03-27,1134.25,refunded,USD
in_000004836,cus_000000500392,2026-04-28,1244.36,paid,USD
in_000004837,cus_000000500392,2026-05-29,1262.19,paid,USD
in_000004838,cus_000000500392,2026-06-28,1162.02,paid,USD
in_000004839,cus_000000500392,2026-07-25,1152.80,paid,USD
in_000004840,cus_000000500394,2025-05-30,2087.86,paid,USD
in_000004841,cus_000000500394,2025-06-29,2247.76,paid,USD
in_000004842,cus_000000500394,2025-08-01,2115.64,paid,USD
in_000004843,cus_000000500394,2025-08-29,2101.75,paid,USD
in_000004844,cus_000000500394,2025-09-29,1939.36,paid,USD
in_000004845,cus_000000500394,2025-10-27,1922.51,paid,USD
in_000004846,cus_000000500394,2025-11-26,2091.66,paid,USD
in_000004847,cus_000000500394,2025-12-26,2179.28,paid,USD
in_000004848,cus_000000500394,2026-01-23,2070.40,paid,USD
in_000004849,cus_000000500394,2026-02-24,2185.08,paid,USD
in_000004850,cus_000000500394,2026-03-24,2249.62,paid,USD
in_000004851,cus_000000500394,2026-04-22,2112.95,paid,USD
in_000004852,cus_000000500394,2026-05-23,1942.31,paid,USD
in_000004853,cus_000000500394,2026-06-25,2042.82,paid,USD
in_000004854,cus_000000500394,2026-07-25,2029.72,paid,USD
in_000004855,cus_000000500395,2024-09-23,302.16,paid,USD
in_000004856,cus_000000500395,2024-10-22,280.69,paid,USD
in_000004857,cus_000000500395,2024-11-23,306.70,paid,USD
in_000004858,cus_000000500395,2024-12-26,321.09,paid,USD
in_000004859,cus_000000500395,2025-01-27,326.22,paid,USD
in_000004860,cus_000000500395,2025-02-25,313.58,paid,USD
in_000004861,cus_000000500395,2025-03-30,307.58,paid,USD
in_000004862,cus_000000500395,2025-04-29,306.52,paid,USD
in_000004863,cus_000000500395,2025-06-01,303.45,paid,USD
in_000004864,cus_000000500395,2025-07-01,327.11,paid,USD
in_000004865,cus_000000500395,2025-07-28,318.21,paid,USD
in_000004866,cus_000000500395,2025-08-26,328.67,paid,USD
in_000004867,cus_000000500395,2025-09-26,288.63,paid,USD
in_000004868,cus_000000500395,2025-10-25,305.10,paid,USD
in_000004869,cus_000000500395,2025-11-22,286.88,paid,USD
in_000004870,cus_000000500395,2025-12-25,308.70,paid,USD
in_000004871,cus_000000500397,2024-01-09,14286.37,paid,USD
in_000004872,cus_000000500397,2025-01-10,15697.36,paid,USD
in_000004873,cus_000000500397,2026-01-07,15095.59,paid,USD
in_000004874,cus_000000500398,2024-02-13,9880.31,paid,USD
in_000004875,cus_000000500398,2025-02-15,9088.64,paid,USD
in_000004876,cus_000000500398,2026-02-16,10132.53,paid,USD
in_000004877,cus_000000500399,2026-07-13,310.56,paid,USD
in_000004878,cus_000000500399,2026-08-15,325.03,paid,USD
in_000004879,cus_000000500400,2025-06-03,3560.89,paid,USD
in_000004880,cus_000000500400,2026-05-31,3490.43,paid,USD
in_000004881,cus_000000500401,2024-04-18,3497.06,paid,USD
in_000004882,cus_000000500401,2025-04-21,3447.82,paid,USD
in_000004883,cus_000000500401,2026-04-22,3328.69,paid,USD
in_000004884,cus_000000500402,2024-03-25,5890.50,paid,USD
in_000004885,cus_000000500402,2024-04-21,4952.45,paid,USD
in_000004886,cus_000000500402,2024-05-22,5559.13,paid,USD
in_000004887,cus_000000500402,2024-06-22,4936.91,paid,USD
in_000004888,cus_000000500402,2024-07-22,5034.01,paid,USD
in_000004889,cus_000000500402,2024-08-24,5694.39,paid,USD
in_000004890,cus_000000500402,2024-09-22,5552.19,paid,USD
in_000004891,cus_000000500402,2024-10-24,4981.18,paid,USD
in_000004892,cus_000000500402,2024-11-25,5731.45,paid,USD
in_000004893,cus_000000500402,2024-12-25,5718.97,paid,USD
in_000004894,cus_000000500402,2025-01-22,5196.42,void,USD
in_000004895,cus_000000500402,2025-02-24,5924.89,paid,USD
in_000004896,cus_000000500402,2025-03-24,5215.00,paid,USD
in_000004897,cus_000000500402,2025-04-22,5734.54,paid,USD
in_000004898,cus_000000500402,2025-05-24,5504.86,paid,USD
in_000004899,cus_000000500402,2025-06-21,5845.68,paid,USD
in_000004900,cus_000000500402,2025-07-23,5502.77,paid,USD
in_000004901,cus_000000500402,2025-08-21,5318.82,paid,USD
in_000004902,cus_000000500402,2025-09-20,5475.22,paid,USD
in_000004903,cus_000000500402,2025-10-17,5630.75,paid,USD
in_000004904,cus_000000500402,2025-11-13,5814.63,paid,USD
in_000004905,cus_000000500402,2025-12-12,5580.04,paid,USD
in_000004906,cus_000000500402,2026-01-13,5012.49,paid,USD
in_000004907,cus_000000500402,2026-02-13,5681.42,paid,USD
in_000004908,cus_000000500402,2026-03-13,5834.44,paid,USD
in_000004909,cus_000000500402,2026-04-13,5939.98,paid,USD
in_000004910,cus_000000500402,2026-05-11,5461.58,paid,USD
in_000004911,cus_000000500402,2026-06-10,5568.29,paid,USD
in_000004912,cus_000000500402,2026-07-11,5378.83,paid,USD
in_000004913,cus_000000500402,2026-08-07,5740.66,paid,USD
in_000004914,cus_000000500403,2022-12-31,238.98,paid,USD
in_000004915,cus_000000500403,2023-01-28,250.85,paid,USD
in_000004916,cus_000000500403,2023-02-25,237.63,paid,USD
in_000004917,cus_000000500403,2023-03-29,254.06,paid,USD
in_000004918,cus_000000500403,2023-04-26,219.84,paid,USD
in_000004919,cus_000000500403,2023-05-28,239.54,paid,USD
in_000004920,cus_000000500403,2023-06-30,246.70,paid,USD
in_000004921,cus_000000500403,2023-07-29,267.09,paid,USD
in_000004922,cus_000000500403,2023-08-30,239.24,paid,USD
in_000004923,cus_000000500403,2023-09-29,242.41,paid,USD
in_000004924,cus_000000500403,2023-10-27,226.25,paid,USD
in_000004925,cus_000000500403,2023-11-29,248.32,paid,USD
in_000004926,cus_000000500403,2023-12-29,251.40,paid,USD
in_000004927,cus_000000500403,2024-01-26,246.11,paid,USD
in_000004928,cus_000000500403,2024-02-25,267.07,paid,USD
in_000004929,cus_000000500403,2024-03-24,231.30,paid,USD
in_000004930,cus_000000500403,2024-04-22,260.48,paid,USD
in_000004931,cus_000000500403,2024-05-24,242.02,paid,USD
in_000004932,cus_000000500403,2024-06-20,238.07,paid,USD
in_000004933,cus_000000500403,2024-07-20,266.61,paid,USD
in_000004934,cus_000000500403,2024-08-19,255.70,paid,USD
in_000004935,cus_000000500403,2024-09-21,242.11,paid,USD
in_000004936,cus_000000500403,2024-10-20,231.21,paid,USD
in_000004937,cus_000000500403,2024-11-19,265.15,paid,USD
in_000004938,cus_000000500403,2024-12-21,262.49,paid,USD
in_000004939,cus_000000500403,2025-01-17,267.88,refunded,USD
in_000004940,cus_000000500403,2025-02-19,223.96,paid,USD
in_000004941,cus_000000500403,2025-03-20,230.63,paid,USD
in_000004942,cus_000000500403,2025-04-21,264.69,paid,USD
in_000004943,cus_000000500403,2025-05-22,230.44,paid,USD
in_000004944,cus_000000500403,2025-06-19,223.90,paid,USD
in_000004945,cus_000000500403,2025-07-17,265.12,paid,USD
in_000004946,cus_000000500403,2025-08-13,230.50,paid,USD
in_000004947,cus_000000500403,2025-09-12,252.27,paid,USD
in_000004948,cus_000000500403,2025-10-12,248.64,paid,USD
in_000004949,cus_000000500403,2025-11-08,236.12,paid,USD
in_000004950,cus_000000500403,2025-12-09,231.31,paid,USD
in_000004951,cus_000000500403,2026-01-08,256.36,paid,USD
in_000004952,cus_000000500403,2026-02-09,256.22,paid,USD
in_000004953,cus_000000500403,2026-03-14,264.38,paid,USD
in_000004954,cus_000000500403,2026-04-14,229.98,paid,USD
in_000004955,cus_000000500403,2026-05-16,242.77,paid,USD
in_000004956,cus_000000500403,2026-06-14,265.67,paid,USD
in_000004957,cus_000000500403,2026-07-16,257.30,paid,USD
in_000004958,cus_000000500403,2026-08-15,221.43,paid,USD
in_000004959,cus_000000500404,2024-08-12,691.73,paid,USD
in_000004960,cus_000000500404,2024-09-12,661.04,paid,USD
in_000004961,cus_000000500404,2024-10-12,718.39,refunded,USD
in_000004962,cus_000000500404,2024-11-09,655.04,paid,USD
in_000004963,cus_000000500404,2024-12-10,677.08,paid,USD
in_000004964,cus_000000500404,2025-01-12,758.91,paid,USD
in_000004965,cus_000000500404,2025-02-09,649.07,paid,USD
in_000004966,cus_000000500404,2025-03-12,742.19,paid,USD
in_000004967,cus_000000500404,2025-04-14,755.04,paid,USD
in_000004968,cus_000000500404,2025-05-15,757.70,paid,USD
in_000004969,cus_000000500404,2025-06-17,743.73,paid,USD
in_000004970,cus_000000500404,2025-07-18,683.46,paid,USD
in_000004971,cus_000000500404,2025-08-14,697.29,paid,USD
in_000004972,cus_000000500404,2025-09-16,746.62,paid,USD
in_000004973,cus_000000500404,2025-10-15,701.44,paid,USD
in_000004974,cus_000000500404,2025-11-16,652.09,paid,USD
in_000004975,cus_000000500404,2025-12-18,771.01,paid,USD
in_000004976,cus_000000500404,2026-01-18,745.88,void,USD
in_000004977,cus_000000500404,2026-02-15,651.07,paid,USD
in_000004978,cus_000000500404,2026-03-16,727.68,paid,USD
in_000004979,cus_000000500404,2026-04-14,752.94,paid,USD
in_000004980,cus_000000500404,2026-05-11,673.24,paid,USD
in_000004981,cus_000000500404,2026-06-08,741.10,paid,USD
in_000004982,cus_000000500404,2026-07-11,706.86,paid,USD
in_000004983,cus_000000500404,2026-08-11,737.66,paid,USD
in_000004984,cus_000000500405,2025-12-04,5454.59,paid,USD
in_000004985,cus_000000500405,2026-01-05,5157.77,paid,USD
in_000004986,cus_000000500405,2026-02-03,4919.19,paid,USD
in_000004987,cus_000000500405,2026-03-06,4978.72,paid,USD
in_000004988,cus_000000500405,2026-04-04,5874.52,paid,USD
in_000004989,cus_000000500405,2026-05-01,5370.73,paid,USD
in_000004990,cus_000000500405,2026-05-28,5157.18,paid,USD
in_000004991,cus_000000500405,2026-06-28,5648.42,paid,USD
in_000004992,cus_000000500405,2026-07-29,5206.71,paid,USD
in_000004993,cus_000000500406,2023-06-10,9483.33,paid,USD
in_000004994,cus_000000500406,2024-06-12,9550.65,paid,USD
in_000004995,cus_000000500406,2025-06-15,9084.89,paid,USD
in_000004996,cus_000000500406,2026-06-14,10047.73,paid,USD
in_000004997,cus_000000500407,2023-11-15,67357.01,paid,USD
in_000004998,cus_000000500407,2024-11-13,68640.81,paid,USD
in_000004999,cus_000000500407,2025-11-13,62895.64,paid,USD
in_000005000,cus_000000500409,2025-06-20,311.47,paid,USD
in_000005001,cus_000000500409,2025-07-17,328.73,paid,USD
in_000005002,cus_000000500409,2025-08-14,293.47,paid,USD
in_000005003,cus_000000500409,2025-09-11,313.99,refunded,USD
in_000005004,cus_000000500409,2025-10-08,301.86,paid,USD
in_000005005,cus_000000500409,2025-11-05,279.38,paid,USD
in_000005006,cus_000000500409,2025-12-06,319.86,paid,USD
in_000005007,cus_000000500409,2026-01-07,309.58,paid,USD
in_000005008,cus_000000500409,2026-02-08,329.66,paid,USD
in_000005009,cus_000000500409,2026-03-09,325.70,paid,USD
in_000005010,cus_000000500409,2026-04-06,306.20,paid,USD
in_000005011,cus_000000500409,2026-05-04,316.93,paid,USD
in_000005012,cus_000000500409,2026-06-04,301.09,paid,USD
in_000005013,cus_000000500409,2026-07-06,295.09,paid,USD
in_000005014,cus_000000500409,2026-08-02,304.07,paid,USD
in_000005015,cus_000000500410,2024-04-18,252.38,paid,USD
in_000005016,cus_000000500410,2024-05-18,297.51,paid,USD
in_000005017,cus_000000500410,2024-06-15,265.84,paid,USD
in_000005018,cus_000000500410,2024-07-13,260.24,paid,USD
in_000005019,cus_000000500410,2024-08-11,273.97,paid,USD
in_000005020,cus_000000500410,2024-09-09,306.76,paid,USD
in_000005021,cus_000000500410,2024-10-09,293.32,paid,USD
in_000005022,cus_000000500410,2024-11-11,288.57,paid,USD
in_000005023,cus_000000500410,2024-12-13,287.81,paid,USD
in_000005024,cus_000000500410,2025-01-14,272.52,paid,USD
in_000005025,cus_000000500410,2025-02-13,269.51,paid,USD
in_000005026,cus_000000500410,2025-03-15,261.19,paid,USD
in_000005027,cus_000000500410,2025-04-16,296.67,paid,USD
in_000005028,cus_000000500410,2025-05-14,277.63,paid,USD
in_000005029,cus_000000500410,2025-06-15,255.75,paid,USD
in_000005030,cus_000000500410,2025-07-14,288.11,paid,USD
in_000005031,cus_000000500410,2025-08-16,273.23,paid,USD
in_000005032,cus_000000500410,2025-09-15,283.01,paid,USD
in_000005033,cus_000000500410,2025-10-13,292.42,paid,USD
in_000005034,cus_000000500410,2025-11-09,291.87,paid,USD
in_000005035,cus_000000500410,2025-12-06,283.90,paid,USD
in_000005036,cus_000000500410,2026-01-08,293.14,paid,USD
in_000005037,cus_000000500410,2026-02-07,272.84,paid,USD
in_000005038,cus_000000500410,2026-03-06,299.94,paid,USD
in_000005039,cus_000000500410,2026-04-05,252.96,paid,USD
in_000005040,cus_000000500411,2023-04-26,3894.53,paid,USD
in_000005041,cus_000000500411,2024-04-27,3297.78,paid,USD
in_000005042,cus_000000500411,2025-04-25,3757.08,paid,USD
in_000005043,cus_000000500411,2026-04-26,3797.12,paid,USD
in_000005044,cus_000000500412,2023-08-22,13317.66,paid,USD
in_000005045,cus_000000500412,2024-08-21,14875.09,paid,USD
in_000005046,cus_000000500412,2025-08-20,13401.97,paid,USD
in_000005047,cus_000000500412,2026-08-19,14187.89,paid,USD
in_000005048,cus_000000500413,2024-08-02,5237.09,paid,USD
in_000005049,cus_000000500413,2024-09-03,5184.00,paid,USD
in_000005050,cus_000000500413,2024-10-01,5654.73,paid,USD
in_000005051,cus_000000500413,2024-10-30,5477.19,paid,USD
in_000005052,cus_000000500413,2024-11-27,4766.63,paid,USD
in_000005053,cus_000000500413,2024-12-30,5291.67,paid,USD
in_000005054,cus_000000500413,2025-01-26,5583.65,paid,USD
in_000005055,cus_000000500413,2025-02-22,4790.92,paid,USD
in_000005056,cus_000000500413,2025-03-25,4934.36,paid,USD
in_000005057,cus_000000500413,2025-04-27,5234.40,paid,USD
in_000005058,cus_000000500413,2025-05-25,4811.09,paid,USD
in_000005059,cus_000000500413,2025-06-26,5039.81,paid,USD
in_000005060,cus_000000500413,2025-07-27,5325.01,paid,USD
in_000005061,cus_000000500413,2025-08-24,4881.75,paid,USD
in_000005062,cus_000000500413,2025-09-22,5333.44,paid,USD
in_000005063,cus_000000500413,2025-10-21,5258.28,paid,USD
in_000005064,cus_000000500413,2025-11-19,5189.83,paid,USD
in_000005065,cus_000000500413,2025-12-19,5361.18,paid,USD
in_000005066,cus_000000500413,2026-01-19,4782.17,paid,USD
in_000005067,cus_000000500413,2026-02-16,5058.01,paid,USD
in_000005068,cus_000000500413,2026-03-18,5592.90,paid,USD
in_000005069,cus_000000500414,2025-03-11,3754.68,paid,USD
in_000005070,cus_000000500414,2026-03-14,3919.07,paid,USD
in_000005071,cus_000000500415,2023-03-23,353.24,paid,USD
in_000005072,cus_000000500415,2023-04-21,390.72,paid,USD
in_000005073,cus_000000500415,2023-05-18,350.05,refunded,USD
in_000005074,cus_000000500415,2023-06-19,411.84,paid,USD
in_000005075,cus_000000500415,2023-07-21,398.06,paid,USD
in_000005076,cus_000000500415,2023-08-23,364.88,paid,USD
in_000005077,cus_000000500415,2023-09-23,388.16,paid,USD
in_000005078,cus_000000500415,2023-10-26,423.58,paid,USD
in_000005079,cus_000000500415,2023-11-24,413.03,paid,USD
in_000005080,cus_000000500415,2023-12-26,392.94,paid,USD
in_000005081,cus_000000500415,2024-01-26,356.99,paid,USD
in_000005082,cus_000000500415,2024-02-26,403.38,paid,USD
in_000005083,cus_000000500415,2024-03-26,384.18,paid,USD
in_000005084,cus_000000500415,2024-04-23,408.07,void,USD
in_000005085,cus_000000500415,2024-05-24,393.39,paid,USD
in_000005086,cus_000000500415,2024-06-25,425.71,paid,USD
in_000005087,cus_000000500415,2024-07-22,359.41,paid,USD
in_000005088,cus_000000500415,2024-08-21,409.90,paid,USD
in_000005089,cus_000000500415,2024-09-18,403.12,paid,USD
in_000005090,cus_000000500415,2024-10-19,425.25,paid,USD
in_000005091,cus_000000500415,2024-11-18,416.60,paid,USD
in_000005092,cus_000000500415,2024-12-19,414.17,failed,USD
in_000005093,cus_000000500415,2025-01-19,353.18,paid,USD
in_000005094,cus_000000500415,2025-02-20,403.13,paid,USD
in_000005095,cus_000000500415,2025-03-19,414.08,paid,USD
in_000005096,cus_000000500415,2025-04-15,364.87,paid,USD
in_000005097,cus_000000500415,2025-05-17,413.55,void,USD
in_000005098,cus_000000500415,2025-06-19,357.87,refunded,USD
in_000005099,cus_000000500415,2025-07-18,420.95,paid,USD
in_000005100,cus_000000500415,2025-08-14,417.27,paid,USD
in_000005101,cus_000000500415,2025-09-14,395.72,paid,USD
in_000005102,cus_000000500415,2025-10-15,377.00,paid,USD
in_000005103,cus_000000500415,2025-11-16,390.86,paid,USD
in_000005104,cus_000000500415,2025-12-13,374.97,paid,USD
in_000005105,cus_000000500415,2026-01-12,364.61,paid,USD
in_000005106,cus_000000500415,2026-02-11,375.30,paid,USD
in_000005107,cus_000000500415,2026-03-12,394.85,paid,USD
in_000005108,cus_000000500415,2026-04-11,354.73,paid,USD
in_000005109,cus_000000500415,2026-05-08,423.55,paid,USD
in_000005110,cus_000000500415,2026-06-07,415.93,paid,USD
in_000005111,cus_000000500415,2026-07-10,391.07,paid,USD
in_000005112,cus_000000500415,2026-08-10,398.85,paid,USD
in_000005113,cus_000000500416,2024-03-06,30361.31,paid,USD
in_000005114,cus_000000500416,2025-03-06,29456.73,paid,USD
in_000005115,cus_000000500416,2026-03-06,26061.32,paid,USD
in_000005116,cus_000000500417,2022-11-09,71948.74,paid,USD
in_000005117,cus_000000500417,2023-11-09,62327.87,paid,USD
in_000005118,cus_000000500417,2024-11-07,69706.35,paid,USD
in_000005119,cus_000000500417,2025-11-06,64151.26,paid,USD
in_000005120,cus_000000500418,2023-01-06,401.21,paid,USD
in_000005121,cus_000000500418,2023-02-08,400.66,paid,USD
in_000005122,cus_000000500418,2023-03-13,418.42,paid,USD
in_000005123,cus_000000500418,2023-04-12,383.52,paid,USD
in_000005124,cus_000000500418,2023-05-09,379.75,paid,USD
in_000005125,cus_000000500418,2023-06-11,369.56,paid,USD
in_000005126,cus_000000500418,2023-07-10,412.10,paid,USD
in_000005127,cus_000000500418,2023-08-09,364.62,paid,USD
in_000005128,cus_000000500418,2023-09-07,364.30,refunded,USD
in_000005129,cus_000000500418,2023-10-06,384.87,paid,USD
in_000005130,cus_000000500418,2023-11-07,365.21,paid,USD
in_000005131,cus_000000500418,2023-12-06,368.04,paid,USD
in_000005132,cus_000000500418,2024-01-06,399.60,paid,USD
in_000005133,cus_000000500418,2024-02-05,369.22,paid,USD
in_000005134,cus_000000500418,2024-03-07,355.90,paid,USD
in_000005135,cus_000000500418,2024-04-03,355.98,paid,USD
in_000005136,cus_000000500418,2024-05-04,422.60,paid,USD
in_000005137,cus_000000500418,2024-06-03,413.99,paid,USD
in_000005138,cus_000000500418,2024-07-04,420.91,refunded,USD
in_000005139,cus_000000500418,2024-08-06,398.40,paid,USD
in_000005140,cus_000000500418,2024-09-08,359.75,paid,USD
in_000005141,cus_000000500418,2024-10-08,385.53,paid,USD
in_000005142,cus_000000500418,2024-11-07,381.29,paid,USD
in_000005143,cus_000000500418,2024-12-04,395.92,paid,USD
in_000005144,cus_000000500418,2025-01-02,402.10,paid,USD
in_000005145,cus_000000500418,2025-02-02,363.52,paid,USD
in_000005146,cus_000000500418,2025-03-03,413.95,paid,USD
in_000005147,cus_000000500418,2025-03-31,378.40,paid,USD
in_000005148,cus_000000500418,2025-04-27,422.64,paid,USD
in_000005149,cus_000000500418,2025-05-25,406.75,paid,USD
in_000005150,cus_000000500418,2025-06-25,381.78,paid,USD
in_000005151,cus_000000500418,2025-07-28,414.95,paid,USD
in_000005152,cus_000000500418,2025-08-29,404.72,paid,USD
in_000005153,cus_000000500418,2025-09-26,367.31,paid,USD
in_000005154,cus_000000500418,2025-10-28,399.32,paid,USD
in_000005155,cus_000000500418,2025-11-24,355.90,paid,USD
in_000005156,cus_000000500418,2025-12-26,386.14,paid,USD
in_000005157,cus_000000500419,2024-08-29,373.48,paid,USD
in_000005158,cus_000000500419,2024-09-26,424.51,paid,USD
in_000005159,cus_000000500419,2024-10-23,401.57,paid,USD
in_000005160,cus_000000500419,2024-11-19,432.12,paid,USD
in_000005161,cus_000000500419,2024-12-18,373.39,paid,USD
in_000005162,cus_000000500419,2025-01-20,425.65,paid,USD
in_000005163,cus_000000500419,2025-02-17,377.62,paid,USD
in_000005164,cus_000000500419,2025-03-18,430.23,paid,USD
in_000005165,cus_000000500419,2025-04-18,422.24,paid,USD
in_000005166,cus_000000500419,2025-05-21,418.38,paid,USD
in_000005167,cus_000000500419,2025-06-18,431.09,paid,USD
in_000005168,cus_000000500419,2025-07-16,443.12,paid,USD
in_000005169,cus_000000500420,2025-09-22,301.93,paid,USD
in_000005170,cus_000000500420,2025-10-22,297.52,paid,USD
in_000005171,cus_000000500420,2025-11-19,261.57,paid,USD
in_000005172,cus_000000500420,2025-12-20,272.55,paid,USD
in_000005173,cus_000000500420,2026-01-20,280.62,paid,USD
in_000005174,cus_000000500420,2026-02-16,284.76,paid,USD
in_000005175,cus_000000500420,2026-03-16,279.54,paid,USD
in_000005176,cus_000000500420,2026-04-12,280.89,paid,USD
in_000005177,cus_000000500420,2026-05-13,275.73,paid,USD
in_000005178,cus_000000500420,2026-06-12,287.62,paid,USD
in_000005179,cus_000000500420,2026-07-14,298.35,paid,USD
in_000005180,cus_000000500420,2026-08-10,261.17,paid,USD
in_000005181,cus_000000500421,2024-10-10,15973.07,paid,USD
in_000005182,cus_000000500421,2025-10-09,16833.40,paid,USD
in_000005183,cus_000000500422,2026-03-19,1270.29,paid,USD
in_000005184,cus_000000500422,2026-04-15,1172.60,paid,USD
in_000005185,cus_000000500422,2026-05-13,1053.44,paid,USD
in_000005186,cus_000000500422,2026-06-14,1172.69,paid,USD
in_000005187,cus_000000500422,2026-07-11,1144.13,refunded,USD
in_000005188,cus_000000500422,2026-08-07,1236.82,paid,USD
in_000005189,cus_000000500423,2025-02-04,14844.69,paid,USD
in_000005190,cus_000000500425,2023-11-22,253.63,paid,USD
in_000005191,cus_000000500425,2023-12-24,297.10,paid,USD
in_000005192,cus_000000500425,2024-01-21,272.00,paid,USD
in_000005193,cus_000000500425,2024-02-20,280.75,paid,USD
in_000005194,cus_000000500425,2024-03-20,273.61,paid,USD
in_000005195,cus_000000500425,2024-04-19,255.84,paid,USD
in_000005196,cus_000000500425,2024-05-20,279.11,paid,USD
in_000005197,cus_000000500425,2024-06-20,278.51,paid,USD
in_000005198,cus_000000500425,2024-07-21,291.24,paid,USD
in_000005199,cus_000000500425,2024-08-18,254.65,void,USD
in_000005200,cus_000000500425,2024-09-14,294.36,paid,USD
in_000005201,cus_000000500425,2024-10-11,294.72,paid,USD
in_000005202,cus_000000500425,2024-11-11,283.24,paid,USD
in_000005203,cus_000000500425,2024-12-11,291.30,paid,USD
in_000005204,cus_000000500425,2025-01-13,255.43,paid,USD
in_000005205,cus_000000500425,2025-02-09,246.71,paid,USD
in_000005206,cus_000000500425,2025-03-14,271.24,paid,USD
in_000005207,cus_000000500425,2025-04-11,275.87,paid,USD
in_000005208,cus_000000500425,2025-05-09,293.31,paid,USD
in_000005209,cus_000000500425,2025-06-05,263.07,paid,USD
in_000005210,cus_000000500425,2025-07-07,246.51,paid,USD
in_000005211,cus_000000500425,2025-08-09,285.67,paid,USD
in_000005212,cus_000000500425,2025-09-05,284.35,paid,USD
in_000005213,cus_000000500425,2025-10-08,278.89,paid,USD
in_000005214,cus_000000500425,2025-11-07,278.12,paid,USD
in_000005215,cus_000000500425,2025-12-06,299.94,paid,USD
in_000005216,cus_000000500425,2026-01-04,292.13,paid,USD
in_000005217,cus_000000500425,2026-02-04,289.23,paid,USD
in_000005218,cus_000000500425,2026-03-07,296.12,paid,USD
in_000005219,cus_000000500425,2026-04-04,278.19,paid,USD
in_000005220,cus_000000500425,2026-05-05,263.31,paid,USD
in_000005221,cus_000000500425,2026-06-02,279.89,paid,USD
in_000005222,cus_000000500425,2026-07-03,273.70,paid,USD
in_000005223,cus_000000500425,2026-07-31,263.14,paid,USD
in_000005224,cus_000000500427,2023-07-21,8087.07,paid,USD
in_000005225,cus_000000500427,2024-07-17,8889.19,paid,USD
in_000005226,cus_000000500427,2025-07-20,9044.66,paid,USD
in_000005227,cus_000000500427,2026-07-17,9292.10,paid,USD
in_000005228,cus_000000500428,2023-08-11,120181.27,paid,USD
in_000005229,cus_000000500428,2024-08-07,107812.22,paid,USD
in_000005230,cus_000000500428,2025-08-07,113054.96,paid,USD
in_000005231,cus_000000500428,2026-08-04,104730.37,paid,USD
in_000005232,cus_000000500429,2023-07-30,8346.95,paid,USD
in_000005233,cus_000000500429,2023-08-31,9333.80,paid,USD
in_000005234,cus_000000500429,2023-09-27,8378.86,paid,USD
in_000005235,cus_000000500429,2023-10-30,8148.37,paid,USD
in_000005236,cus_000000500429,2023-11-29,7731.64,paid,USD
in_000005237,cus_000000500429,2023-12-30,7815.05,paid,USD
in_000005238,cus_000000500429,2024-01-28,8620.75,paid,USD
in_000005239,cus_000000500429,2024-03-01,9086.76,paid,USD
in_000005240,cus_000000500429,2024-03-28,7907.78,refunded,USD
in_000005241,cus_000000500429,2024-04-29,8901.07,paid,USD
in_000005242,cus_000000500429,2024-06-01,7670.12,paid,USD
in_000005243,cus_000000500429,2024-07-04,7668.77,paid,USD
in_000005244,cus_000000500429,2024-08-02,9107.42,paid,USD
in_000005245,cus_000000500429,2024-09-03,8589.97,paid,USD
in_000005246,cus_000000500429,2024-10-02,7772.05,paid,USD
in_000005247,cus_000000500429,2024-10-31,8067.06,paid,USD
in_000005248,cus_000000500429,2024-11-28,8305.72,refunded,USD
in_000005249,cus_000000500429,2024-12-30,9360.95,paid,USD
in_000005250,cus_000000500429,2025-01-27,9199.53,refunded,USD
in_000005251,cus_000000500429,2025-02-28,8972.07,paid,USD
in_000005252,cus_000000500429,2025-03-31,8584.51,paid,USD
in_000005253,cus_000000500429,2025-05-01,8419.88,paid,USD
in_000005254,cus_000000500429,2025-05-30,8377.75,void,USD
in_000005255,cus_000000500429,2025-06-28,7758.51,paid,USD
in_000005256,cus_000000500429,2025-07-25,8386.17,paid,USD
in_000005257,cus_000000500429,2025-08-27,8668.64,paid,USD
in_000005258,cus_000000500429,2025-09-25,7994.14,paid,USD
in_000005259,cus_000000500429,2025-10-25,8886.77,paid,USD
in_000005260,cus_000000500429,2025-11-21,8765.98,paid,USD
in_000005261,cus_000000500429,2025-12-19,8865.50,paid,USD
in_000005262,cus_000000500429,2026-01-17,8959.44,paid,USD
in_000005263,cus_000000500429,2026-02-15,9199.84,void,USD
in_000005264,cus_000000500429,2026-03-14,8365.43,paid,USD
in_000005265,cus_000000500429,2026-04-13,7902.65,paid,USD
in_000005266,cus_000000500429,2026-05-13,9092.75,paid,USD
in_000005267,cus_000000500429,2026-06-12,8066.00,paid,USD
in_000005268,cus_000000500429,2026-07-15,8401.58,paid,USD
in_000005269,cus_000000500429,2026-08-15,8739.46,paid,USD
in_000005270,cus_000000500430,2023-08-23,398.22,paid,USD
in_000005271,cus_000000500430,2023-09-23,388.96,paid,USD
in_000005272,cus_000000500430,2023-10-26,377.89,paid,USD
in_000005273,cus_000000500430,2023-11-23,403.31,paid,USD
in_000005274,cus_000000500430,2023-12-20,360.27,paid,USD
in_000005275,cus_000000500430,2024-01-21,359.06,paid,USD
in_000005276,cus_000000500430,2024-02-19,351.61,paid,USD
in_000005277,cus_000000500430,2024-03-22,373.26,paid,USD
in_000005278,cus_000000500430,2024-04-21,377.92,paid,USD
in_000005279,cus_000000500430,2024-05-24,365.35,paid,USD
in_000005280,cus_000000500430,2024-06-22,393.90,paid,USD
in_000005281,cus_000000500430,2024-07-23,413.64,paid,USD
in_000005282,cus_000000500430,2024-08-19,393.63,paid,USD
in_000005283,cus_000000500430,2024-09-17,389.72,paid,USD
in_000005284,cus_000000500430,2024-10-14,420.71,paid,USD
in_000005285,cus_000000500430,2024-11-14,397.89,paid,USD
in_000005286,cus_000000500430,2024-12-14,368.00,paid,USD
in_000005287,cus_000000500430,2025-01-12,381.31,paid,USD
in_000005288,cus_000000500430,2025-02-12,414.82,paid,USD
in_000005289,cus_000000500430,2025-03-17,345.88,paid,USD
in_000005290,cus_000000500430,2025-04-19,414.66,paid,USD
in_000005291,cus_000000500430,2025-05-17,421.17,paid,USD
in_000005292,cus_000000500430,2025-06-14,413.57,paid,USD
in_000005293,cus_000000500430,2025-07-11,364.13,paid,USD
in_000005294,cus_000000500430,2025-08-12,376.67,paid,USD
in_000005295,cus_000000500430,2025-09-12,395.25,paid,USD
in_000005296,cus_000000500430,2025-10-14,382.37,paid,USD
in_000005297,cus_000000500430,2025-11-14,407.80,paid,USD
in_000005298,cus_000000500430,2025-12-17,397.21,paid,USD
in_000005299,cus_000000500430,2026-01-17,409.50,paid,USD
in_000005300,cus_000000500430,2026-02-14,403.02,paid,USD
in_000005301,cus_000000500430,2026-03-18,384.18,paid,USD
in_000005302,cus_000000500430,2026-04-18,365.86,paid,USD
in_000005303,cus_000000500430,2026-05-20,384.56,paid,USD
in_000005304,cus_000000500430,2026-06-20,351.20,paid,USD
in_000005305,cus_000000500430,2026-07-22,361.88,paid,USD
in_000005306,cus_000000500431,2024-02-11,4870.17,paid,USD
in_000005307,cus_000000500431,2025-02-10,4653.95,paid,USD
in_000005308,cus_000000500431,2026-02-10,4667.47,paid,USD
in_000005309,cus_000000500432,2025-01-06,2307.64,paid,USD
in_000005310,cus_000000500432,2025-02-05,2396.19,paid,USD
in_000005311,cus_000000500432,2025-03-04,2087.12,paid,USD
in_000005312,cus_000000500432,2025-04-01,2111.79,paid,USD
in_000005313,cus_000000500432,2025-04-28,2091.96,paid,USD
in_000005314,cus_000000500432,2025-05-25,2424.30,paid,USD
in_000005315,cus_000000500432,2025-06-23,2175.85,paid,USD
in_000005316,cus_000000500432,2025-07-23,2170.33,paid,USD
in_000005317,cus_000000500432,2025-08-20,2078.86,paid,USD
in_000005318,cus_000000500432,2025-09-20,2369.86,paid,USD
in_000005319,cus_000000500432,2025-10-20,2260.69,paid,USD
in_000005320,cus_000000500432,2025-11-18,2191.24,paid,USD
in_000005321,cus_000000500432,2025-12-19,2265.35,paid,USD
in_000005322,cus_000000500432,2026-01-19,2303.74,paid,USD
in_000005323,cus_000000500432,2026-02-19,2221.84,paid,USD
in_000005324,cus_000000500432,2026-03-21,2282.33,paid,USD
in_000005325,cus_000000500432,2026-04-20,2260.51,paid,USD
in_000005326,cus_000000500432,2026-05-22,2069.88,paid,USD
in_000005327,cus_000000500432,2026-06-19,2320.88,paid,USD
in_000005328,cus_000000500432,2026-07-19,2502.16,paid,USD
in_000005329,cus_000000500432,2026-08-16,2474.84,paid,USD
in_000005330,cus_000000500433,2025-12-16,5284.25,paid,USD
in_000005331,cus_000000500434,2025-06-10,216.61,paid,USD
in_000005332,cus_000000500434,2025-07-10,248.03,paid,USD
in_000005333,cus_000000500434,2025-08-12,224.21,paid,USD
in_000005334,cus_000000500434,2025-09-13,247.16,paid,USD
in_000005335,cus_000000500434,2025-10-16,247.57,paid,USD
in_000005336,cus_000000500434,2025-11-12,233.93,paid,USD
in_000005337,cus_000000500434,2025-12-12,245.73,paid,USD
in_000005338,cus_000000500434,2026-01-09,215.47,paid,USD
in_000005339,cus_000000500434,2026-02-09,215.37,paid,USD
in_000005340,cus_000000500434,2026-03-11,213.51,paid,USD
in_000005341,cus_000000500434,2026-04-08,236.91,paid,USD
in_000005342,cus_000000500434,2026-05-05,226.58,paid,USD
in_000005343,cus_000000500434,2026-06-03,223.50,paid,USD
in_000005344,cus_000000500434,2026-07-03,227.34,paid,USD
in_000005345,cus_000000500434,2026-08-03,226.32,paid,USD
in_000005346,cus_000000500435,2025-03-20,3375.84,paid,USD
in_000005347,cus_000000500436,2024-11-14,323.58,paid,USD
in_000005348,cus_000000500436,2024-12-11,302.06,paid,USD
in_000005349,cus_000000500436,2025-01-07,290.28,paid,USD
in_000005350,cus_000000500436,2025-02-04,300.48,paid,USD
in_000005351,cus_000000500436,2025-03-09,313.90,paid,USD
in_000005352,cus_000000500436,2025-04-08,299.82,void,USD
in_000005353,cus_000000500436,2025-05-10,274.25,paid,USD
in_000005354,cus_000000500436,2025-06-06,312.15,paid,USD
in_000005355,cus_000000500436,2025-07-05,327.71,paid,USD
in_000005356,cus_000000500436,2025-08-04,305.48,paid,USD
in_000005357,cus_000000500436,2025-09-03,288.61,paid,USD
in_000005358,cus_000000500436,2025-10-01,313.17,paid,USD
in_000005359,cus_000000500436,2025-10-29,299.95,paid,USD
in_000005360,cus_000000500436,2025-11-29,297.50,paid,USD
in_000005361,cus_000000500436,2025-12-30,322.52,paid,USD
in_000005362,cus_000000500436,2026-01-29,318.51,paid,USD
in_000005363,cus_000000500436,2026-02-25,319.21,paid,USD
in_000005364,cus_000000500436,2026-03-27,283.90,paid,USD
in_000005365,cus_000000500436,2026-04-29,313.91,paid,USD
in_000005366,cus_000000500436,2026-05-30,286.14,paid,USD
in_000005367,cus_000000500436,2026-07-01,308.38,failed,USD
in_000005368,cus_000000500436,2026-07-28,328.05,paid,USD
in_000005369,cus_000000500437,2025-12-30,387.49,paid,USD
in_000005370,cus_000000500437,2026-01-31,430.87,paid,USD
in_000005371,cus_000000500437,2026-03-01,407.83,paid,USD
in_000005372,cus_000000500437,2026-03-30,390.55,paid,USD
in_000005373,cus_000000500437,2026-04-26,394.33,paid,USD
in_000005374,cus_000000500437,2026-05-26,388.07,paid,USD
in_000005375,cus_000000500437,2026-06-25,359.53,paid,USD
in_000005376,cus_000000500437,2026-07-23,424.59,paid,USD
in_000005377,cus_000000500438,2023-11-09,4367.27,paid,USD
in_000005378,cus_000000500438,2024-11-10,4929.98,paid,USD
in_000005379,cus_000000500438,2025-11-11,4463.76,paid,USD
in_000005380,cus_000000500439,2024-12-11,3773.86,paid,USD
in_000005381,cus_000000500439,2025-12-12,3263.28,paid,USD
in_000005382,cus_000000500440,2026-06-29,274.36,paid,USD
in_000005383,cus_000000500440,2026-08-01,266.68,paid,USD
in_000005384,cus_000000500441,2024-11-29,880.87,paid,USD
in_000005385,cus_000000500441,2024-12-26,881.51,refunded,USD
in_000005386,cus_000000500441,2025-01-27,896.70,paid,USD
in_000005387,cus_000000500441,2025-02-24,928.64,paid,USD
in_000005388,cus_000000500441,2025-03-23,860.49,paid,USD
in_000005389,cus_000000500441,2025-04-21,905.82,paid,USD
in_000005390,cus_000000500441,2025-05-22,909.90,paid,USD
in_000005391,cus_000000500441,2025-06-19,910.88,paid,USD
in_000005392,cus_000000500441,2025-07-16,927.20,paid,USD
in_000005393,cus_000000500441,2025-08-15,838.18,paid,USD
in_000005394,cus_000000500441,2025-09-11,787.08,paid,USD
in_000005395,cus_000000500441,2025-10-14,935.02,paid,USD
in_000005396,cus_000000500441,2025-11-10,799.52,paid,USD
in_000005397,cus_000000500441,2025-12-10,805.87,paid,USD
in_000005398,cus_000000500441,2026-01-09,811.88,paid,USD
in_000005399,cus_000000500441,2026-02-11,831.18,paid,USD
in_000005400,cus_000000500441,2026-03-14,881.86,paid,USD
in_000005401,cus_000000500441,2026-04-16,808.65,paid,USD
in_000005402,cus_000000500441,2026-05-15,792.71,paid,USD
in_000005403,cus_000000500441,2026-06-16,813.52,paid,USD
in_000005404,cus_000000500441,2026-07-17,775.70,paid,USD
in_000005405,cus_000000500441,2026-08-18,813.12,paid,USD
in_000005406,cus_000000500442,2023-05-01,32593.97,paid,USD
in_000005407,cus_000000500442,2024-05-02,31927.61,paid,USD
in_000005408,cus_000000500443,2023-04-18,29564.68,paid,USD
in_000005409,cus_000000500443,2024-04-17,29579.74,paid,USD
in_000005410,cus_000000500444,2023-12-08,326.75,paid,USD
in_000005411,cus_000000500444,2024-01-04,296.90,paid,USD
in_000005412,cus_000000500444,2024-02-04,281.85,paid,USD
in_000005413,cus_000000500444,2024-03-08,315.91,paid,USD
in_000005414,cus_000000500444,2024-04-10,291.88,paid,USD
in_000005415,cus_000000500444,2024-05-12,326.37,paid,USD
in_000005416,cus_000000500444,2024-06-13,273.73,paid,USD
in_000005417,cus_000000500444,2024-07-16,321.07,paid,USD
in_000005418,cus_000000500444,2024-08-13,283.63,paid,USD
in_000005419,cus_000000500444,2024-09-13,314.67,paid,USD
in_000005420,cus_000000500444,2024-10-12,285.62,paid,USD
in_000005421,cus_000000500444,2024-11-09,295.32,paid,USD
in_000005422,cus_000000500444,2024-12-09,300.66,paid,USD
in_000005423,cus_000000500444,2025-01-11,311.50,paid,USD
in_000005424,cus_000000500444,2025-02-10,327.64,paid,USD
in_000005425,cus_000000500444,2025-03-11,304.96,paid,USD
in_000005426,cus_000000500444,2025-04-13,297.74,paid,USD
in_000005427,cus_000000500444,2025-05-11,300.78,paid,USD
in_000005428,cus_000000500444,2025-06-13,303.57,paid,USD
in_000005429,cus_000000500444,2025-07-11,319.36,refunded,USD
in_000005430,cus_000000500444,2025-08-07,298.57,void,USD
in_000005431,cus_000000500444,2025-09-09,321.76,paid,USD
in_000005432,cus_000000500445,2024-11-15,866.66,paid,USD
in_000005433,cus_000000500445,2024-12-16,786.09,paid,USD
in_000005434,cus_000000500445,2025-01-12,879.25,paid,USD
in_000005435,cus_000000500445,2025-02-09,751.23,paid,USD
in_000005436,cus_000000500445,2025-03-10,863.31,paid,USD
in_000005437,cus_000000500445,2025-04-10,891.65,paid,USD
in_000005438,cus_000000500445,2025-05-12,762.49,paid,USD
in_000005439,cus_000000500445,2025-06-09,862.79,paid,USD
in_000005440,cus_000000500445,2025-07-11,885.25,paid,USD
in_000005441,cus_000000500445,2025-08-08,914.44,paid,USD
in_000005442,cus_000000500445,2025-09-10,855.47,paid,USD
in_000005443,cus_000000500445,2025-10-11,756.91,paid,USD
in_000005444,cus_000000500445,2025-11-10,778.45,paid,USD
in_000005445,cus_000000500445,2025-12-09,872.31,paid,USD
in_000005446,cus_000000500445,2026-01-06,900.35,paid,USD
in_000005447,cus_000000500445,2026-02-04,777.99,paid,USD
in_000005448,cus_000000500445,2026-03-08,817.88,refunded,USD
in_000005449,cus_000000500445,2026-04-05,845.81,paid,USD
in_000005450,cus_000000500445,2026-05-04,860.25,paid,USD
in_000005451,cus_000000500445,2026-05-31,869.81,paid,USD
in_000005452,cus_000000500445,2026-06-30,771.08,failed,USD
in_000005453,cus_000000500445,2026-07-30,912.90,paid,USD
in_000005454,cus_000000500446,2024-09-05,3355.74,refunded,USD
in_000005455,cus_000000500446,2025-09-07,3052.83,paid,USD
in_000005456,cus_000000500447,2023-07-04,715.41,paid,USD
in_000005457,cus_000000500447,2023-07-31,592.93,paid,USD
in_000005458,cus_000000500447,2023-08-28,715.75,paid,USD
in_000005459,cus_000000500447,2023-09-24,717.56,paid,USD
in_000005460,cus_000000500447,2023-10-25,670.57,paid,USD
in_000005461,cus_000000500447,2023-11-25,715.14,paid,USD
in_000005462,cus_000000500447,2023-12-23,637.31,paid,USD
in_000005463,cus_000000500447,2024-01-19,658.47,paid,USD
in_000005464,cus_000000500447,2024-02-15,634.26,paid,USD
in_000005465,cus_000000500447,2024-03-14,621.37,paid,USD
in_000005466,cus_000000500447,2024-04-13,638.41,paid,USD
in_000005467,cus_000000500447,2024-05-12,597.33,paid,USD
in_000005468,cus_000000500447,2024-06-12,601.34,paid,USD
in_000005469,cus_000000500447,2024-07-09,643.39,paid,USD
in_000005470,cus_000000500447,2024-08-11,643.84,paid,USD
in_000005471,cus_000000500447,2024-09-07,675.51,paid,USD
in_000005472,cus_000000500447,2024-10-05,684.02,refunded,USD
in_000005473,cus_000000500447,2024-11-02,717.07,paid,USD
in_000005474,cus_000000500447,2024-11-29,613.57,refunded,USD
in_000005475,cus_000000500447,2024-12-26,707.83,paid,USD
in_000005476,cus_000000500447,2025-01-27,670.79,paid,USD
in_000005477,cus_000000500447,2025-02-28,616.51,refunded,USD
in_000005478,cus_000000500447,2025-03-28,635.23,paid,USD
in_000005479,cus_000000500447,2025-04-28,718.88,paid,USD
in_000005480,cus_000000500447,2025-05-30,669.03,paid,USD
in_000005481,cus_000000500447,2025-07-01,604.88,paid,USD
in_000005482,cus_000000500447,2025-07-29,648.83,paid,USD
in_000005483,cus_000000500447,2025-08-29,664.95,paid,USD
in_000005484,cus_000000500447,2025-09-28,699.61,paid,USD
in_000005485,cus_000000500447,2025-10-25,623.80,paid,USD
in_000005486,cus_000000500447,2025-11-23,677.96,paid,USD
in_000005487,cus_000000500447,2025-12-20,667.15,paid,USD
in_000005488,cus_000000500447,2026-01-22,628.14,paid,USD
in_000005489,cus_000000500447,2026-02-20,623.44,refunded,USD
in_000005490,cus_000000500447,2026-03-23,630.39,paid,USD
in_000005491,cus_000000500447,2026-04-21,700.04,paid,USD
in_000005492,cus_000000500447,2026-05-21,626.11,paid,USD
in_000005493,cus_000000500447,2026-06-20,655.37,paid,USD
in_000005494,cus_000000500447,2026-07-18,618.51,paid,USD
in_000005495,cus_000000500447,2026-08-15,645.44,paid,USD
in_000005496,cus_000000500448,2023-01-26,301.53,paid,USD
in_000005497,cus_000000500448,2023-02-27,302.93,paid,USD
in_000005498,cus_000000500448,2023-03-30,301.12,paid,USD
in_000005499,cus_000000500448,2023-05-01,315.97,paid,USD
in_000005500,cus_000000500448,2023-06-03,324.46,paid,USD
in_000005501,cus_000000500448,2023-07-03,291.79,paid,USD
in_000005502,cus_000000500448,2023-08-04,301.76,paid,USD
in_000005503,cus_000000500448,2023-09-02,305.29,paid,USD
in_000005504,cus_000000500448,2023-10-03,309.84,paid,USD
in_000005505,cus_000000500448,2023-11-05,284.99,paid,USD
in_000005506,cus_000000500448,2023-12-02,311.24,paid,USD
in_000005507,cus_000000500448,2023-12-30,312.36,paid,USD
in_000005508,cus_000000500448,2024-02-01,284.82,paid,USD
in_000005509,cus_000000500448,2024-02-29,322.80,paid,USD
in_000005510,cus_000000500448,2024-03-29,280.27,paid,USD
in_000005511,cus_000000500448,2024-04-25,286.47,paid,USD
in_000005512,cus_000000500448,2024-05-28,327.12,paid,USD
in_000005513,cus_000000500448,2024-06-25,277.05,paid,USD
in_000005514,cus_000000500448,2024-07-25,283.75,paid,USD
in_000005515,cus_000000500448,2024-08-26,285.98,paid,USD
in_000005516,cus_000000500448,2024-09-28,320.85,paid,USD
in_000005517,cus_000000500448,2024-10-30,291.29,paid,USD
in_000005518,cus_000000500448,2024-11-27,292.25,paid,USD
in_000005519,cus_000000500448,2024-12-29,287.20,paid,USD
in_000005520,cus_000000500448,2025-01-26,301.16,paid,USD
in_000005521,cus_000000500448,2025-02-25,288.78,paid,USD
in_000005522,cus_000000500448,2025-03-25,287.57,paid,USD
in_000005523,cus_000000500448,2025-04-27,325.88,paid,USD
in_000005524,cus_000000500448,2025-05-27,318.03,paid,USD
in_000005525,cus_000000500448,2025-06-24,287.70,paid,USD
in_000005526,cus_000000500448,2025-07-24,285.90,paid,USD
in_000005527,cus_000000500448,2025-08-26,291.00,paid,USD
in_000005528,cus_000000500448,2025-09-27,299.85,paid,USD
in_000005529,cus_000000500448,2025-10-25,327.23,paid,USD
in_000005530,cus_000000500448,2025-11-21,306.76,void,USD
in_000005531,cus_000000500448,2025-12-21,300.57,paid,USD
in_000005532,cus_000000500448,2026-01-17,285.70,paid,USD
in_000005533,cus_000000500448,2026-02-19,304.08,paid,USD
in_000005534,cus_000000500448,2026-03-21,293.79,paid,USD
in_000005535,cus_000000500448,2026-04-20,271.84,paid,USD
in_000005536,cus_000000500448,2026-05-23,282.75,paid,USD
in_000005537,cus_000000500448,2026-06-21,279.63,paid,USD
in_000005538,cus_000000500448,2026-07-23,285.12,paid,USD
in_000005539,cus_000000500449,2023-06-06,32709.12,paid,USD
in_000005540,cus_000000500449,2024-06-07,31174.28,paid,USD
in_000005541,cus_000000500449,2025-06-07,33189.71,paid,USD
in_000005542,cus_000000500449,2026-06-04,31172.22,paid,USD
in_000005543,cus_000000500450,2023-02-02,14285.73,paid,USD
in_000005544,cus_000000500450,2024-02-02,12317.88,paid,USD
in_000005545,cus_000000500450,2025-02-02,13467.59,paid,USD
in_000005546,cus_000000500450,2026-02-04,13574.60,paid,USD
in_000005547,cus_000000500451,2023-06-08,289.24,paid,USD
in_000005548,cus_000000500451,2023-07-05,319.46,paid,USD
in_000005549,cus_000000500451,2023-08-01,319.35,paid,USD
in_000005550,cus_000000500451,2023-08-28,295.51,paid,USD
in_000005551,cus_000000500451,2023-09-28,290.51,paid,USD
in_000005552,cus_000000500451,2023-10-29,328.58,paid,USD
in_000005553,cus_000000500451,2023-11-26,276.09,paid,USD
in_000005554,cus_000000500451,2023-12-27,272.08,paid,USD
in_000005555,cus_000000500451,2024-01-24,277.20,paid,USD
in_000005556,cus_000000500451,2024-02-20,270.72,paid,USD
in_000005557,cus_000000500451,2024-03-18,296.43,paid,USD
in_000005558,cus_000000500451,2024-04-19,270.92,paid,USD
in_000005559,cus_000000500451,2024-05-19,309.09,paid,USD
in_000005560,cus_000000500451,2024-06-16,328.49,paid,USD
in_000005561,cus_000000500451,2024-07-13,279.02,paid,USD
in_000005562,cus_000000500451,2024-08-13,316.55,paid,USD
in_000005563,cus_000000500451,2024-09-11,287.77,paid,USD
in_000005564,cus_000000500451,2024-10-08,286.10,paid,USD
in_000005565,cus_000000500451,2024-11-08,290.66,paid,USD
in_000005566,cus_000000500451,2024-12-11,324.37,paid,USD
in_000005567,cus_000000500451,2025-01-11,307.46,paid,USD
in_000005568,cus_000000500451,2025-02-12,293.58,paid,USD
in_000005569,cus_000000500451,2025-03-11,306.45,paid,USD
in_000005570,cus_000000500451,2025-04-13,328.91,paid,USD
in_000005571,cus_000000500451,2025-05-10,287.09,paid,USD
in_000005572,cus_000000500451,2025-06-08,325.40,refunded,USD
in_000005573,cus_000000500451,2025-07-11,291.22,paid,USD
in_000005574,cus_000000500451,2025-08-07,284.45,void,USD
in_000005575,cus_000000500451,2025-09-08,328.68,paid,USD
in_000005576,cus_000000500451,2025-10-06,270.94,paid,USD
in_000005577,cus_000000500451,2025-11-05,299.91,paid,USD
in_000005578,cus_000000500451,2025-12-02,292.38,paid,USD
in_000005579,cus_000000500451,2026-01-04,328.56,paid,USD
in_000005580,cus_000000500451,2026-02-01,276.68,paid,USD
in_000005581,cus_000000500451,2026-02-28,294.16,paid,USD
in_000005582,cus_000000500451,2026-03-31,293.80,paid,USD
in_000005583,cus_000000500451,2026-05-01,325.46,paid,USD
in_000005584,cus_000000500451,2026-05-29,279.34,paid,USD
in_000005585,cus_000000500451,2026-06-28,327.97,paid,USD
in_000005586,cus_000000500451,2026-07-25,287.59,paid,USD
in_000005587,cus_000000500453,2023-11-04,153.67,paid,USD
in_000005588,cus_000000500453,2023-12-01,137.29,paid,USD
in_000005589,cus_000000500453,2023-12-30,161.03,paid,USD
in_000005590,cus_000000500453,2024-01-26,158.92,paid,USD
in_000005591,cus_000000500453,2024-02-23,145.98,paid,USD
in_000005592,cus_000000500453,2024-03-24,150.49,paid,USD
in_000005593,cus_000000500453,2024-04-23,135.41,paid,USD
in_000005594,cus_000000500453,2024-05-22,164.54,paid,USD
in_000005595,cus_000000500453,2024-06-23,140.38,paid,USD
in_000005596,cus_000000500453,2024-07-20,152.00,paid,USD
in_000005597,cus_000000500453,2024-08-20,160.92,paid,USD
in_000005598,cus_000000500453,2024-09-20,138.99,paid,USD
in_000005599,cus_000000500453,2024-10-20,146.98,paid,USD
in_000005600,cus_000000500453,2024-11-16,146.22,paid,USD
in_000005601,cus_000000500453,2024-12-13,140.77,void,USD
in_000005602,cus_000000500453,2025-01-10,159.02,paid,USD
in_000005603,cus_000000500453,2025-02-07,156.23,paid,USD
in_000005604,cus_000000500453,2025-03-08,160.90,paid,USD
in_000005605,cus_000000500453,2025-04-07,160.42,refunded,USD
in_000005606,cus_000000500453,2025-05-07,163.66,paid,USD
in_000005607,cus_000000500453,2025-06-06,159.44,paid,USD
in_000005608,cus_000000500453,2025-07-06,143.16,paid,USD
in_000005609,cus_000000500453,2025-08-03,160.02,paid,USD
in_000005610,cus_000000500453,2025-08-31,148.55,paid,USD
in_000005611,cus_000000500453,2025-10-02,139.29,paid,USD
in_000005612,cus_000000500453,2025-10-29,157.34,paid,USD
in_000005613,cus_000000500453,2025-11-30,159.30,paid,USD
in_000005614,cus_000000500453,2025-12-29,161.29,paid,USD
in_000005615,cus_000000500453,2026-01-27,142.38,refunded,USD
in_000005616,cus_000000500453,2026-02-25,145.93,paid,USD
in_000005617,cus_000000500453,2026-03-25,152.35,paid,USD
in_000005618,cus_000000500454,2023-11-20,151.39,paid,USD
in_000005619,cus_000000500454,2023-12-17,136.90,paid,USD
in_000005620,cus_000000500454,2024-01-17,160.40,paid,USD
in_000005621,cus_000000500454,2024-02-14,157.90,paid,USD
in_000005622,cus_000000500454,2024-03-15,159.52,refunded,USD
in_000005623,cus_000000500454,2024-04-16,147.58,paid,USD
in_000005624,cus_000000500454,2024-05-15,139.00,paid,USD
in_000005625,cus_000000500454,2024-06-15,155.93,paid,USD
in_000005626,cus_000000500454,2024-07-16,151.47,void,USD
in_000005627,cus_000000500454,2024-08-12,163.01,paid,USD
in_000005628,cus_000000500454,2024-09-14,143.50,paid,USD
in_000005629,cus_000000500454,2024-10-14,139.96,paid,USD
in_000005630,cus_000000500454,2024-11-15,148.77,paid,USD
in_000005631,cus_000000500454,2024-12-18,149.98,paid,USD
in_000005632,cus_000000500454,2025-01-17,155.43,paid,USD
in_000005633,cus_000000500454,2025-02-16,148.26,paid,USD
in_000005634,cus_000000500454,2025-03-16,145.41,paid,USD
in_000005635,cus_000000500454,2025-04-17,148.34,paid,USD
in_000005636,cus_000000500454,2025-05-18,139.33,paid,USD
in_000005637,cus_000000500454,2025-06-20,136.61,paid,USD
in_000005638,cus_000000500454,2025-07-22,153.29,paid,USD
in_000005639,cus_000000500454,2025-08-23,158.83,paid,USD
in_000005640,cus_000000500454,2025-09-25,156.61,paid,USD
in_000005641,cus_000000500454,2025-10-22,160.93,paid,USD
in_000005642,cus_000000500454,2025-11-21,142.26,paid,USD
in_000005643,cus_000000500454,2025-12-18,152.68,paid,USD
in_000005644,cus_000000500454,2026-01-19,140.77,paid,USD
in_000005645,cus_000000500454,2026-02-21,149.15,refunded,USD
in_000005646,cus_000000500454,2026-03-21,164.04,refunded,USD
in_000005647,cus_000000500454,2026-04-21,154.46,paid,USD
in_000005648,cus_000000500455,2024-05-29,270.14,paid,USD
in_000005649,cus_000000500455,2024-06-30,291.08,paid,USD
in_000005650,cus_000000500455,2024-07-27,281.27,paid,USD
in_000005651,cus_000000500455,2024-08-24,300.28,void,USD
in_000005652,cus_000000500455,2024-09-26,284.34,paid,USD
in_000005653,cus_000000500455,2024-10-24,275.80,paid,USD
in_000005654,cus_000000500455,2024-11-23,280.54,paid,USD
in_000005655,cus_000000500455,2024-12-23,308.47,paid,USD
in_000005656,cus_000000500455,2025-01-20,304.91,paid,USD
in_000005657,cus_000000500455,2025-02-22,293.40,paid,USD
in_000005658,cus_000000500455,2025-03-27,328.03,paid,USD
in_000005659,cus_000000500455,2025-04-27,281.85,paid,USD
in_000005660,cus_000000500455,2025-05-24,271.07,paid,USD
in_000005661,cus_000000500455,2025-06-21,270.01,paid,USD
in_000005662,cus_000000500455,2025-07-20,271.45,void,USD
in_000005663,cus_000000500455,2025-08-16,314.70,paid,USD
in_000005664,cus_000000500455,2025-09-18,328.79,paid,USD
in_000005665,cus_000000500455,2025-10-15,322.83,paid,USD
in_000005666,cus_000000500455,2025-11-15,310.92,paid,USD
in_000005667,cus_000000500455,2025-12-18,293.55,failed,USD
in_000005668,cus_000000500455,2026-01-17,309.69,paid,USD
in_000005669,cus_000000500455,2026-02-17,310.70,paid,USD
in_000005670,cus_000000500455,2026-03-18,303.36,paid,USD
in_000005671,cus_000000500455,2026-04-20,291.31,paid,USD
in_000005672,cus_000000500455,2026-05-18,279.11,paid,USD
in_000005673,cus_000000500455,2026-06-15,285.54,paid,USD
in_000005674,cus_000000500455,2026-07-16,298.28,paid,USD
in_000005675,cus_000000500455,2026-08-18,314.78,paid,USD
in_000005676,cus_000000500457,2024-02-27,3871.44,paid,USD
in_000005677,cus_000000500457,2025-02-26,3682.79,paid,USD
in_000005678,cus_000000500457,2026-02-25,3491.95,paid,USD
in_000005679,cus_000000500458,2023-05-22,13157.84,paid,USD
in_000005680,cus_000000500458,2024-05-18,13215.03,paid,USD
in_000005681,cus_000000500458,2025-05-15,14494.27,paid,USD
in_000005682,cus_000000500458,2026-05-14,12482.72,refunded,USD
in_000005683,cus_000000500459,2025-04-08,5220.37,paid,USD
in_000005684,cus_000000500459,2025-05-09,5417.93,paid,USD
in_000005685,cus_000000500459,2025-06-11,4783.63,paid,USD
in_000005686,cus_000000500459,2025-07-10,5014.14,paid,USD
in_000005687,cus_000000500459,2025-08-09,4676.27,paid,USD
in_000005688,cus_000000500459,2025-09-05,5070.67,paid,USD
in_000005689,cus_000000500459,2025-10-02,4552.62,paid,USD
in_000005690,cus_000000500459,2025-10-31,4817.47,paid,USD
in_000005691,cus_000000500459,2025-11-28,5195.38,paid,USD
in_000005692,cus_000000500460,2024-11-05,390.29,paid,USD
in_000005693,cus_000000500460,2024-12-08,443.18,paid,USD
in_000005694,cus_000000500460,2025-01-10,413.63,paid,USD
in_000005695,cus_000000500460,2025-02-08,461.02,paid,USD
in_000005696,cus_000000500460,2025-03-09,444.27,paid,USD
in_000005697,cus_000000500460,2025-04-11,421.46,paid,USD
in_000005698,cus_000000500460,2025-05-08,423.54,paid,USD
in_000005699,cus_000000500460,2025-06-09,401.10,paid,USD
in_000005700,cus_000000500460,2025-07-06,386.79,paid,USD
in_000005701,cus_000000500460,2025-08-04,401.69,paid,USD
in_000005702,cus_000000500460,2025-09-01,412.97,paid,USD
in_000005703,cus_000000500460,2025-10-02,426.54,paid,USD
in_000005704,cus_000000500460,2025-11-04,396.04,refunded,USD
in_000005705,cus_000000500460,2025-12-07,384.62,failed,USD
in_000005706,cus_000000500460,2026-01-08,434.24,paid,USD
in_000005707,cus_000000500460,2026-02-05,441.62,paid,USD
in_000005708,cus_000000500460,2026-03-09,391.02,paid,USD
in_000005709,cus_000000500460,2026-04-09,417.42,paid,USD
in_000005710,cus_000000500460,2026-05-10,420.57,paid,USD
in_000005711,cus_000000500460,2026-06-11,441.31,paid,USD
in_000005712,cus_000000500460,2026-07-09,430.79,paid,USD
in_000005713,cus_000000500460,2026-08-06,417.39,paid,USD
in_000005714,cus_000000500461,2026-03-13,4579.24,paid,USD
in_000005715,cus_000000500461,2026-04-15,4803.72,paid,USD
in_000005716,cus_000000500461,2026-05-13,4545.13,paid,USD
in_000005717,cus_000000500461,2026-06-13,4901.42,paid,USD
in_000005718,cus_000000500461,2026-07-13,4405.01,paid,USD
in_000005719,cus_000000500461,2026-08-11,5000.26,void,USD
in_000005720,cus_000000500463,2024-06-13,2868.13,paid,USD
in_000005721,cus_000000500463,2024-07-16,2693.96,paid,USD
in_000005722,cus_000000500463,2024-08-13,2523.99,paid,USD
in_000005723,cus_000000500463,2024-09-13,2664.26,paid,USD
in_000005724,cus_000000500463,2024-10-12,2410.28,paid,USD
in_000005725,cus_000000500463,2024-11-12,2854.41,paid,USD
in_000005726,cus_000000500463,2024-12-15,2436.97,paid,USD
in_000005727,cus_000000500463,2025-01-11,2399.20,paid,USD
in_000005728,cus_000000500463,2025-02-13,2614.18,paid,USD
in_000005729,cus_000000500463,2025-03-18,2523.61,paid,USD
in_000005730,cus_000000500463,2025-04-16,2523.44,paid,USD
in_000005731,cus_000000500463,2025-05-15,2425.20,paid,USD
in_000005732,cus_000000500463,2025-06-12,2741.10,paid,USD
in_000005733,cus_000000500463,2025-07-14,2645.81,void,USD
in_000005734,cus_000000500463,2025-08-11,2750.13,paid,USD
in_000005735,cus_000000500463,2025-09-09,2392.01,paid,USD
in_000005736,cus_000000500463,2025-10-12,2481.49,paid,USD
in_000005737,cus_000000500463,2025-11-09,2377.34,paid,USD
in_000005738,cus_000000500463,2025-12-09,2777.32,paid,USD
in_000005739,cus_000000500463,2026-01-07,2509.20,paid,USD
in_000005740,cus_000000500463,2026-02-06,2752.72,paid,USD
in_000005741,cus_000000500463,2026-03-09,2588.49,paid,USD
in_000005742,cus_000000500463,2026-04-05,2603.13,paid,USD
in_000005743,cus_000000500463,2026-05-06,2704.98,paid,USD
in_000005744,cus_000000500464,2024-08-04,215.64,paid,USD
in_000005745,cus_000000500464,2024-09-06,227.01,paid,USD
in_000005746,cus_000000500464,2024-10-03,213.27,paid,USD
in_000005747,cus_000000500464,2024-11-02,255.35,paid,USD
in_000005748,cus_000000500464,2024-12-01,224.00,paid,USD
in_000005749,cus_000000500464,2025-01-02,257.93,paid,USD
in_000005750,cus_000000500464,2025-02-04,219.01,paid,USD
in_000005751,cus_000000500464,2025-03-04,212.79,paid,USD
in_000005752,cus_000000500464,2025-04-03,252.40,paid,USD
in_000005753,cus_000000500464,2025-05-04,220.63,paid,USD
in_000005754,cus_000000500464,2025-05-31,244.81,paid,USD
in_000005755,cus_000000500464,2025-06-29,251.52,paid,USD
in_000005756,cus_000000500464,2025-07-30,227.81,paid,USD
in_000005757,cus_000000500464,2025-08-26,215.92,paid,USD
in_000005758,cus_000000500464,2025-09-26,216.15,paid,USD
in_000005759,cus_000000500464,2025-10-27,226.55,paid,USD
in_000005760,cus_000000500464,2025-11-27,243.92,paid,USD
in_000005761,cus_000000500464,2025-12-30,241.47,paid,USD
in_000005762,cus_000000500464,2026-01-26,238.12,paid,USD
in_000005763,cus_000000500464,2026-02-23,239.24,paid,USD
in_000005764,cus_000000500464,2026-03-22,239.92,paid,USD
in_000005765,cus_000000500464,2026-04-21,243.21,paid,USD
in_000005766,cus_000000500464,2026-05-18,237.90,paid,USD
in_000005767,cus_000000500464,2026-06-18,253.46,paid,USD
in_000005768,cus_000000500464,2026-07-20,233.10,paid,USD
in_000005769,cus_000000500464,2026-08-17,220.64,paid,USD
in_000005770,cus_000000500465,2025-10-20,2738.62,paid,USD
in_000005771,cus_000000500465,2025-11-18,2634.83,paid,USD
in_000005772,cus_000000500465,2025-12-17,2768.70,paid,USD
in_000005773,cus_000000500465,2026-01-13,2588.99,paid,USD
in_000005774,cus_000000500465,2026-02-14,2555.08,paid,USD
in_000005775,cus_000000500465,2026-03-17,2773.08,paid,USD
in_000005776,cus_000000500465,2026-04-18,2567.51,paid,USD
in_000005777,cus_000000500465,2026-05-21,2675.13,paid,USD
in_000005778,cus_000000500465,2026-06-23,2981.30,paid,USD
in_000005779,cus_000000500465,2026-07-21,2695.73,paid,USD
in_000005780,cus_000000500466,2023-12-23,110674.52,paid,USD
in_000005781,cus_000000500466,2024-12-25,108733.63,paid,USD
in_000005782,cus_000000500466,2025-12-24,121973.98,paid,USD
in_000005783,cus_000000500467,2025-12-10,10333.29,paid,USD
in_000005784,cus_000000500467,2026-01-07,10237.93,paid,USD
in_000005785,cus_000000500467,2026-02-09,9736.29,paid,USD
in_000005786,cus_000000500467,2026-03-08,9997.02,failed,USD
in_000005787,cus_000000500467,2026-04-05,9544.51,paid,USD
in_000005788,cus_000000500467,2026-05-08,9227.05,paid,USD
in_000005789,cus_000000500467,2026-06-05,9443.74,paid,USD
in_000005790,cus_000000500467,2026-07-06,8846.52,paid,USD
in_000005791,cus_000000500467,2026-08-03,10303.26,paid,USD
in_000005792,cus_000000500468,2024-10-31,2746.93,paid,USD
in_000005793,cus_000000500468,2024-11-29,2597.23,paid,USD
in_000005794,cus_000000500468,2024-12-28,2466.32,paid,USD
in_000005795,cus_000000500468,2025-01-27,2535.36,paid,USD
in_000005796,cus_000000500468,2025-02-25,2580.67,paid,USD
in_000005797,cus_000000500468,2025-03-24,2478.52,paid,USD
in_000005798,cus_000000500468,2025-04-25,2569.50,paid,USD
in_000005799,cus_000000500468,2025-05-27,2811.80,paid,USD
in_000005800,cus_000000500468,2025-06-27,2540.89,failed,USD
in_000005801,cus_000000500468,2025-07-29,2439.97,paid,USD
in_000005802,cus_000000500468,2025-08-25,2950.24,void,USD
in_000005803,cus_000000500468,2025-09-22,2834.47,paid,USD
in_000005804,cus_000000500468,2025-10-19,2692.58,paid,USD
in_000005805,cus_000000500468,2025-11-21,2770.91,paid,USD
in_000005806,cus_000000500468,2025-12-19,2911.70,paid,USD
in_000005807,cus_000000500468,2026-01-19,2915.66,paid,USD
in_000005808,cus_000000500468,2026-02-18,2862.90,paid,USD
in_000005809,cus_000000500468,2026-03-20,2740.26,paid,USD
in_000005810,cus_000000500468,2026-04-19,2535.63,paid,USD
in_000005811,cus_000000500468,2026-05-21,2759.78,paid,USD
in_000005812,cus_000000500468,2026-06-18,2877.52,paid,USD
in_000005813,cus_000000500468,2026-07-21,2533.85,paid,USD
in_000005814,cus_000000500468,2026-08-19,2550.14,refunded,USD
in_000005815,cus_000000500469,2024-02-01,285.03,paid,USD
in_000005816,cus_000000500469,2024-03-01,322.54,paid,USD
in_000005817,cus_000000500469,2024-04-01,316.07,paid,USD
in_000005818,cus_000000500469,2024-05-02,315.57,void,USD
in_000005819,cus_000000500469,2024-05-31,278.25,paid,USD
in_000005820,cus_000000500469,2024-06-30,316.37,paid,USD
in_000005821,cus_000000500469,2024-07-29,279.58,paid,USD
in_000005822,cus_000000500469,2024-08-25,321.97,paid,USD
in_000005823,cus_000000500469,2024-09-22,287.68,paid,USD
in_000005824,cus_000000500469,2024-10-21,292.78,paid,USD
in_000005825,cus_000000500469,2024-11-18,308.13,paid,USD
in_000005826,cus_000000500469,2024-12-21,306.67,paid,USD
in_000005827,cus_000000500469,2025-01-18,291.87,paid,USD
in_000005828,cus_000000500469,2025-02-20,307.99,paid,USD
in_000005829,cus_000000500469,2025-03-22,289.27,void,USD
in_000005830,cus_000000500469,2025-04-23,282.53,paid,USD
in_000005831,cus_000000500469,2025-05-26,315.02,paid,USD
in_000005832,cus_000000500469,2025-06-24,296.52,paid,USD
in_000005833,cus_000000500469,2025-07-21,292.39,paid,USD
in_000005834,cus_000000500469,2025-08-19,317.42,paid,USD
in_000005835,cus_000000500469,2025-09-21,313.83,paid,USD
in_000005836,cus_000000500469,2025-10-19,298.68,paid,USD
in_000005837,cus_000000500469,2025-11-21,292.74,paid,USD
in_000005838,cus_000000500469,2025-12-21,292.98,void,USD
in_000005839,cus_000000500469,2026-01-18,277.97,paid,USD
in_000005840,cus_000000500469,2026-02-20,295.70,paid,USD
in_000005841,cus_000000500469,2026-03-20,306.63,paid,USD
in_000005842,cus_000000500469,2026-04-19,283.29,paid,USD
in_000005843,cus_000000500469,2026-05-17,325.87,paid,USD
in_000005844,cus_000000500469,2026-06-14,311.68,paid,USD
in_000005845,cus_000000500469,2026-07-11,302.65,paid,USD
in_000005846,cus_000000500469,2026-08-13,284.07,paid,USD
in_000005847,cus_000000500470,2026-03-09,71185.60,failed,USD
in_000005848,cus_000000500471,2025-03-18,2504.58,paid,USD
in_000005849,cus_000000500471,2025-04-20,2271.73,paid,USD
in_000005850,cus_000000500471,2025-05-17,2661.30,paid,USD
in_000005851,cus_000000500471,2025-06-16,2259.32,paid,USD
in_000005852,cus_000000500471,2025-07-14,2444.50,paid,USD
in_000005853,cus_000000500471,2025-08-12,2298.80,refunded,USD
in_000005854,cus_000000500471,2025-09-11,2577.22,paid,USD
in_000005855,cus_000000500471,2025-10-08,2560.83,paid,USD
in_000005856,cus_000000500471,2025-11-08,2519.24,paid,USD
in_000005857,cus_000000500471,2025-12-08,2396.63,void,USD
in_000005858,cus_000000500471,2026-01-09,2603.21,paid,USD
in_000005859,cus_000000500471,2026-02-08,2270.10,paid,USD
in_000005860,cus_000000500471,2026-03-07,2339.48,paid,USD
in_000005861,cus_000000500472,2024-07-26,64170.97,paid,USD
in_000005862,cus_000000500472,2025-07-27,64371.14,paid,USD
in_000005863,cus_000000500473,2023-10-13,275.63,paid,USD
in_000005864,cus_000000500473,2023-11-11,279.18,paid,USD
in_000005865,cus_000000500473,2023-12-13,280.10,void,USD
in_000005866,cus_000000500473,2024-01-13,261.13,paid,USD
in_000005867,cus_000000500473,2024-02-12,278.73,paid,USD
in_000005868,cus_000000500473,2024-03-15,288.36,paid,USD
in_000005869,cus_000000500473,2024-04-16,266.70,paid,USD
in_000005870,cus_000000500473,2024-05-13,282.47,paid,USD
in_000005871,cus_000000500473,2024-06-10,283.97,paid,USD
in_000005872,cus_000000500473,2024-07-11,253.25,paid,USD
in_000005873,cus_000000500473,2024-08-10,258.76,paid,USD
in_000005874,cus_000000500473,2024-09-12,276.04,paid,USD
in_000005875,cus_000000500473,2024-10-13,241.24,refunded,USD
in_000005876,cus_000000500474,2025-02-21,1465.01,paid,USD
in_000005877,cus_000000500474,2025-03-26,1424.39,paid,USD
in_000005878,cus_000000500474,2025-04-25,1488.04,paid,USD
in_000005879,cus_000000500474,2025-05-23,1505.58,refunded,USD
in_000005880,cus_000000500474,2025-06-21,1376.19,paid,USD
in_000005881,cus_000000500474,2025-07-23,1288.86,paid,USD
in_000005882,cus_000000500474,2025-08-22,1398.16,paid,USD
in_000005883,cus_000000500474,2025-09-19,1496.85,paid,USD
in_000005884,cus_000000500474,2025-10-19,1506.24,paid,USD
in_000005885,cus_000000500474,2025-11-15,1267.55,paid,USD
in_000005886,cus_000000500474,2025-12-14,1354.06,failed,USD
in_000005887,cus_000000500474,2026-01-11,1310.70,paid,USD
in_000005888,cus_000000500474,2026-02-09,1469.88,paid,USD
in_000005889,cus_000000500474,2026-03-14,1286.66,paid,USD
in_000005890,cus_000000500474,2026-04-11,1350.43,paid,USD
in_000005891,cus_000000500474,2026-05-11,1443.41,paid,USD
in_000005892,cus_000000500474,2026-06-12,1382.19,paid,USD
in_000005893,cus_000000500474,2026-07-12,1361.66,paid,USD
in_000005894,cus_000000500474,2026-08-08,1469.69,paid,USD
in_000005895,cus_000000500475,2023-09-21,4665.97,paid,USD
in_000005896,cus_000000500475,2024-09-17,4683.13,paid,USD
in_000005897,cus_000000500475,2025-09-15,5351.31,paid,USD
in_000005898,cus_000000500476,2024-11-15,474.97,paid,USD
in_000005899,cus_000000500476,2024-12-15,469.28,paid,USD
in_000005900,cus_000000500476,2025-01-12,504.56,paid,USD
in_000005901,cus_000000500476,2025-02-13,463.51,paid,USD
in_000005902,cus_000000500476,2025-03-18,493.73,paid,USD
in_000005903,cus_000000500476,2025-04-16,431.04,paid,USD
in_000005904,cus_000000500476,2025-05-16,447.09,paid,USD
in_000005905,cus_000000500476,2025-06-16,439.16,refunded,USD
in_000005906,cus_000000500477,2025-05-20,225.78,paid,USD
in_000005907,cus_000000500477,2025-06-19,200.40,paid,USD
in_000005908,cus_000000500477,2025-07-21,210.74,paid,USD
in_000005909,cus_000000500477,2025-08-20,204.30,paid,USD
in_000005910,cus_000000500477,2025-09-18,201.54,paid,USD
in_000005911,cus_000000500477,2025-10-17,201.68,paid,USD
in_000005912,cus_000000500477,2025-11-17,227.06,paid,USD
in_000005913,cus_000000500477,2025-12-14,204.89,paid,USD
in_000005914,cus_000000500477,2026-01-11,202.87,paid,USD
in_000005915,cus_000000500477,2026-02-07,224.80,paid,USD
in_000005916,cus_000000500477,2026-03-07,201.99,paid,USD
in_000005917,cus_000000500477,2026-04-07,217.33,paid,USD
in_000005918,cus_000000500477,2026-05-06,216.68,paid,USD
in_000005919,cus_000000500477,2026-06-04,208.86,paid,USD
in_000005920,cus_000000500477,2026-07-01,206.07,failed,USD
in_000005921,cus_000000500477,2026-08-03,219.93,paid,USD
in_000005922,cus_000000500478,2024-09-06,2962.64,paid,USD
in_000005923,cus_000000500478,2024-10-08,2562.36,paid,USD
in_000005924,cus_000000500478,2024-11-08,2928.45,paid,USD
in_000005925,cus_000000500478,2024-12-10,2868.15,paid,USD
in_000005926,cus_000000500478,2025-01-06,2858.59,paid,USD
in_000005927,cus_000000500478,2025-02-03,2584.36,paid,USD
in_000005928,cus_000000500478,2025-03-06,3036.18,paid,USD
in_000005929,cus_000000500478,2025-04-07,2557.64,paid,USD
in_000005930,cus_000000500478,2025-05-05,2663.09,paid,USD
in_000005931,cus_000000500478,2025-06-01,2626.88,paid,USD
in_000005932,cus_000000500478,2025-06-29,2611.80,paid,USD
in_000005933,cus_000000500478,2025-08-01,2973.46,paid,USD
in_000005934,cus_000000500478,2025-08-30,2998.89,paid,USD
in_000005935,cus_000000500478,2025-09-28,2842.58,paid,USD
in_000005936,cus_000000500478,2025-10-25,2649.48,paid,USD
in_000005937,cus_000000500478,2025-11-22,2895.66,paid,USD
in_000005938,cus_000000500478,2025-12-24,2870.01,paid,USD
in_000005939,cus_000000500478,2026-01-20,2804.70,paid,USD
in_000005940,cus_000000500478,2026-02-18,2732.49,paid,USD
in_000005941,cus_000000500478,2026-03-21,2977.68,paid,USD
in_000005942,cus_000000500478,2026-04-22,2625.10,paid,USD
in_000005943,cus_000000500478,2026-05-19,3030.81,paid,USD
in_000005944,cus_000000500479,2024-09-15,2816.90,paid,USD
in_000005945,cus_000000500479,2024-10-12,2668.27,paid,USD
in_000005946,cus_000000500479,2024-11-10,2703.21,paid,USD
in_000005947,cus_000000500479,2024-12-07,2842.77,paid,USD
in_000005948,cus_000000500479,2025-01-06,2782.49,paid,USD
in_000005949,cus_000000500479,2025-02-05,2833.83,paid,USD
in_000005950,cus_000000500479,2025-03-04,2521.75,paid,USD
in_000005951,cus_000000500479,2025-04-05,2681.02,paid,USD
in_000005952,cus_000000500479,2025-05-03,2841.40,paid,USD
in_000005953,cus_000000500479,2025-06-05,2647.86,paid,USD
in_000005954,cus_000000500479,2025-07-08,2533.03,paid,USD
in_000005955,cus_000000500479,2025-08-08,2810.16,paid,USD
in_000005956,cus_000000500479,2025-09-09,2849.50,paid,USD
in_000005957,cus_000000500479,2025-10-07,2580.42,paid,USD
in_000005958,cus_000000500479,2025-11-08,2635.48,paid,USD
in_000005959,cus_000000500479,2025-12-10,2562.71,paid,USD
in_000005960,cus_000000500479,2026-01-09,2990.98,paid,USD
in_000005961,cus_000000500479,2026-02-09,2892.07,paid,USD
in_000005962,cus_000000500479,2026-03-13,2770.18,paid,USD
in_000005963,cus_000000500479,2026-04-11,2516.71,paid,USD
in_000005964,cus_000000500479,2026-05-10,2574.62,paid,USD
in_000005965,cus_000000500479,2026-06-06,2807.97,failed,USD
in_000005966,cus_000000500480,2025-09-17,13310.36,paid,USD
in_000005967,cus_000000500481,2024-06-07,57586.74,paid,USD
in_000005968,cus_000000500481,2025-06-10,60788.43,paid,USD
in_000005969,cus_000000500481,2026-06-07,57576.91,paid,USD
in_000005970,cus_000000500482,2023-07-22,425.60,paid,USD
in_000005971,cus_000000500482,2023-08-23,435.55,paid,USD
in_000005972,cus_000000500482,2023-09-24,422.62,void,USD
in_000005973,cus_000000500482,2023-10-22,395.35,paid,USD
in_000005974,cus_000000500482,2023-11-21,383.54,paid,USD
in_000005975,cus_000000500482,2023-12-22,372.90,paid,USD
in_000005976,cus_000000500482,2024-01-20,371.48,paid,USD
in_000005977,cus_000000500482,2024-02-21,374.79,paid,USD
in_000005978,cus_000000500482,2024-03-25,425.75,paid,USD
in_000005979,cus_000000500482,2024-04-27,445.36,paid,USD
in_000005980,cus_000000500482,2024-05-28,394.31,paid,USD
in_000005981,cus_000000500482,2024-06-29,377.87,paid,USD
in_000005982,cus_000000500482,2024-07-28,392.29,paid,USD
in_000005983,cus_000000500482,2024-08-29,430.38,paid,USD
in_000005984,cus_000000500482,2024-09-25,415.08,paid,USD
in_000005985,cus_000000500482,2024-10-27,404.25,paid,USD
in_000005986,cus_000000500482,2024-11-25,407.37,paid,USD
in_000005987,cus_000000500482,2024-12-22,401.70,paid,USD
in_000005988,cus_000000500482,2025-01-24,381.03,paid,USD
in_000005989,cus_000000500482,2025-02-21,371.38,paid,USD
in_000005990,cus_000000500482,2025-03-22,404.07,failed,USD
in_000005991,cus_000000500482,2025-04-21,448.37,paid,USD
in_000005992,cus_000000500482,2025-05-18,396.92,paid,USD
in_000005993,cus_000000500482,2025-06-19,388.84,paid,USD
in_000005994,cus_000000500482,2025-07-17,443.54,paid,USD
in_000005995,cus_000000500482,2025-08-18,422.47,paid,USD
in_000005996,cus_000000500482,2025-09-19,380.18,paid,USD
in_000005997,cus_000000500482,2025-10-21,387.62,paid,USD
in_000005998,cus_000000500482,2025-11-19,386.21,paid,USD
in_000005999,cus_000000500482,2025-12-16,431.91,paid,USD
in_000006000,cus_000000500482,2026-01-18,385.96,paid,USD
in_000006001,cus_000000500482,2026-02-19,409.63,paid,USD
in_000006002,cus_000000500482,2026-03-18,389.67,paid,USD
in_000006003,cus_000000500482,2026-04-19,450.87,paid,USD
in_000006004,cus_000000500482,2026-05-18,381.92,refunded,USD
in_000006005,cus_000000500482,2026-06-18,374.34,paid,USD
in_000006006,cus_000000500482,2026-07-20,420.99,paid,USD
in_000006007,cus_000000500482,2026-08-17,442.78,paid,USD
in_000006008,cus_000000500483,2025-02-28,2290.56,paid,USD
in_000006009,cus_000000500483,2025-03-27,2129.74,paid,USD
in_000006010,cus_000000500483,2025-04-25,2246.61,paid,USD
in_000006011,cus_000000500483,2025-05-23,2243.85,paid,USD
in_000006012,cus_000000500483,2025-06-19,2083.47,paid,USD
in_000006013,cus_000000500483,2025-07-19,1960.74,paid,USD
in_000006014,cus_000000500483,2025-08-17,2272.45,paid,USD
in_000006015,cus_000000500483,2025-09-17,2141.99,refunded,USD
in_000006016,cus_000000500483,2025-10-16,2320.86,paid,USD
in_000006017,cus_000000500483,2025-11-13,2229.36,paid,USD
in_000006018,cus_000000500483,2025-12-11,2145.72,paid,USD
in_000006019,cus_000000500483,2026-01-08,2198.09,paid,USD
in_000006020,cus_000000500483,2026-02-10,2149.86,paid,USD
in_000006021,cus_000000500483,2026-03-13,2091.62,paid,USD
in_000006022,cus_000000500483,2026-04-15,2212.67,paid,USD
in_000006023,cus_000000500483,2026-05-18,2335.68,paid,USD
in_000006024,cus_000000500483,2026-06-14,2009.39,paid,USD
in_000006025,cus_000000500483,2026-07-16,2059.44,paid,USD
in_000006026,cus_000000500483,2026-08-17,2189.47,paid,USD
in_000006027,cus_000000500484,2024-05-01,290.82,paid,USD
in_000006028,cus_000000500484,2024-05-28,263.29,paid,USD
in_000006029,cus_000000500484,2024-06-29,276.61,paid,USD
in_000006030,cus_000000500484,2024-07-30,300.83,paid,USD
in_000006031,cus_000000500484,2024-08-28,277.89,void,USD
in_000006032,cus_000000500484,2024-09-29,275.39,paid,USD
in_000006033,cus_000000500484,2024-10-30,254.30,paid,USD
in_000006034,cus_000000500484,2024-11-29,300.85,paid,USD
in_000006035,cus_000000500484,2024-12-26,279.59,paid,USD
in_000006036,cus_000000500484,2025-01-27,277.73,refunded,USD
in_000006037,cus_000000500484,2025-02-25,267.91,paid,USD
in_000006038,cus_000000500484,2025-03-24,276.54,paid,USD
in_000006039,cus_000000500484,2025-04-26,269.17,paid,USD
in_000006040,cus_000000500484,2025-05-25,272.56,paid,USD
in_000006041,cus_000000500484,2025-06-22,276.10,paid,USD
in_000006042,cus_000000500484,2025-07-23,278.68,paid,USD
in_000006043,cus_000000500484,2025-08-24,289.16,paid,USD
in_000006044,cus_000000500484,2025-09-26,261.79,paid,USD
in_000006045,cus_000000500484,2025-10-27,273.82,paid,USD
in_000006046,cus_000000500484,2025-11-25,265.65,paid,USD
in_000006047,cus_000000500484,2025-12-25,264.18,paid,USD
in_000006048,cus_000000500484,2026-01-25,300.17,paid,USD
in_000006049,cus_000000500484,2026-02-21,296.64,paid,USD
in_000006050,cus_000000500484,2026-03-26,299.32,paid,USD
in_000006051,cus_000000500484,2026-04-27,256.68,paid,USD
in_000006052,cus_000000500484,2026-05-24,255.78,paid,USD
in_000006053,cus_000000500484,2026-06-20,266.15,paid,USD
in_000006054,cus_000000500484,2026-07-17,273.96,paid,USD
in_000006055,cus_000000500484,2026-08-16,260.86,paid,USD
in_000006056,cus_000000500485,2024-08-31,24124.83,paid,USD
in_000006057,cus_000000500485,2025-09-01,24098.44,paid,USD
in_000006058,cus_000000500486,2025-01-20,8833.35,paid,USD
in_000006059,cus_000000500486,2026-01-18,7928.52,paid,USD
in_000006060,cus_000000500487,2024-03-24,8706.85,paid,USD
in_000006061,cus_000000500487,2025-03-27,10209.93,paid,USD
in_000006062,cus_000000500487,2026-03-25,9865.60,paid,USD
in_000006063,cus_000000500488,2025-03-08,393.71,paid,USD
in_000006064,cus_000000500488,2025-04-06,409.26,paid,USD
in_000006065,cus_000000500488,2025-05-09,352.54,paid,USD
in_000006066,cus_000000500488,2025-06-05,404.27,paid,USD
in_000006067,cus_000000500488,2025-07-04,392.84,paid,USD
in_000006068,cus_000000500488,2025-08-02,401.89,paid,USD
in_000006069,cus_000000500488,2025-08-30,359.63,paid,USD
in_000006070,cus_000000500488,2025-09-28,344.92,paid,USD
in_000006071,cus_000000500488,2025-10-30,386.19,paid,USD
in_000006072,cus_000000500488,2025-11-29,350.89,paid,USD
in_000006073,cus_000000500488,2025-12-31,359.35,paid,USD
in_000006074,cus_000000500488,2026-01-27,407.86,paid,USD
in_000006075,cus_000000500488,2026-02-26,360.16,paid,USD
in_000006076,cus_000000500488,2026-03-25,413.21,paid,USD
in_000006077,cus_000000500488,2026-04-21,374.84,paid,USD
in_000006078,cus_000000500488,2026-05-19,363.45,refunded,USD
in_000006079,cus_000000500488,2026-06-20,366.32,paid,USD
in_000006080,cus_000000500488,2026-07-18,418.68,paid,USD
in_000006081,cus_000000500488,2026-08-16,352.79,paid,USD
in_000006082,cus_000000500489,2026-05-20,2588.82,paid,USD
in_000006083,cus_000000500489,2026-06-19,2551.87,refunded,USD
in_000006084,cus_000000500489,2026-07-17,2401.37,paid,USD
in_000006085,cus_000000500489,2026-08-19,2599.43,paid,USD
in_000006086,cus_000000500490,2023-01-16,5453.92,paid,USD
in_000006087,cus_000000500490,2024-01-16,5707.57,paid,USD
in_000006088,cus_000000500490,2025-01-14,5452.98,paid,USD
in_000006089,cus_000000500490,2026-01-14,5502.84,paid,USD
in_000006090,cus_000000500491,2024-07-01,727.50,paid,USD
in_000006091,cus_000000500491,2024-08-01,741.41,paid,USD
in_000006092,cus_000000500491,2024-08-28,666.76,paid,USD
in_000006093,cus_000000500491,2024-09-25,717.53,paid,USD
in_000006094,cus_000000500491,2024-10-27,716.51,paid,USD
in_000006095,cus_000000500491,2024-11-29,662.72,paid,USD
in_000006096,cus_000000500491,2024-12-30,676.92,paid,USD
in_000006097,cus_000000500491,2025-01-26,733.28,paid,USD
in_000006098,cus_000000500491,2025-02-24,678.36,paid,USD
in_000006099,cus_000000500491,2025-03-24,647.07,paid,USD
in_000006100,cus_000000500491,2025-04-23,646.16,paid,USD
in_000006101,cus_000000500491,2025-05-25,692.03,paid,USD
in_000006102,cus_000000500491,2025-06-26,749.21,paid,USD
in_000006103,cus_000000500491,2025-07-27,636.28,paid,USD
in_000006104,cus_000000500491,2025-08-24,679.44,paid,USD
in_000006105,cus_000000500491,2025-09-22,699.52,paid,USD
in_000006106,cus_000000500491,2025-10-24,731.94,paid,USD
in_000006107,cus_000000500491,2025-11-24,645.44,paid,USD
in_000006108,cus_000000500491,2025-12-25,743.58,paid,USD
in_000006109,cus_000000500491,2026-01-25,673.40,paid,USD
in_000006110,cus_000000500491,2026-02-21,667.18,paid,USD
in_000006111,cus_000000500491,2026-03-24,656.54,paid,USD
in_000006112,cus_000000500491,2026-04-20,651.33,paid,USD
in_000006113,cus_000000500491,2026-05-23,720.56,paid,USD
in_000006114,cus_000000500491,2026-06-21,619.48,paid,USD
in_000006115,cus_000000500491,2026-07-18,673.78,paid,USD
in_000006116,cus_000000500491,2026-08-20,663.45,paid,USD
in_000006117,cus_000000500492,2024-06-30,5345.50,paid,USD
in_000006118,cus_000000500492,2024-07-28,4854.55,paid,USD
in_000006119,cus_000000500492,2024-08-30,5454.67,paid,USD
in_000006120,cus_000000500492,2024-09-29,5441.55,paid,USD
in_000006121,cus_000000500492,2024-10-27,5367.58,paid,USD
in_000006122,cus_000000500492,2024-11-28,4687.66,void,USD
in_000006123,cus_000000500492,2024-12-27,5085.60,paid,USD
in_000006124,cus_000000500492,2025-01-27,5139.45,paid,USD
in_000006125,cus_000000500492,2025-03-01,4933.00,paid,USD
in_000006126,cus_000000500492,2025-03-29,5345.90,paid,USD
in_000006127,cus_000000500492,2025-04-30,5487.42,paid,USD
in_000006128,cus_000000500492,2025-05-30,5316.20,paid,USD
in_000006129,cus_000000500492,2025-06-26,5382.20,paid,USD
in_000006130,cus_000000500492,2025-07-25,5363.93,paid,USD
in_000006131,cus_000000500492,2025-08-24,5392.53,paid,USD
in_000006132,cus_000000500492,2025-09-23,4971.89,paid,USD
in_000006133,cus_000000500492,2025-10-22,4987.95,paid,USD
in_000006134,cus_000000500492,2025-11-20,5289.04,paid,USD
in_000006135,cus_000000500492,2025-12-20,5351.54,paid,USD
in_000006136,cus_000000500492,2026-01-17,4900.31,paid,USD
in_000006137,cus_000000500492,2026-02-16,5140.07,paid,USD
in_000006138,cus_000000500492,2026-03-20,5211.28,paid,USD
in_000006139,cus_000000500492,2026-04-16,5099.61,paid,USD
in_000006140,cus_000000500492,2026-05-18,5458.79,paid,USD
in_000006141,cus_000000500492,2026-06-14,4891.59,paid,USD
in_000006142,cus_000000500492,2026-07-16,5301.25,paid,USD
in_000006143,cus_000000500492,2026-08-17,5562.56,paid,USD
in_000006144,cus_000000500493,2024-01-27,9595.71,paid,USD
in_000006145,cus_000000500493,2025-01-27,8653.11,paid,USD
in_000006146,cus_000000500494,2025-09-23,5430.73,paid,USD
in_000006147,cus_000000500494,2025-10-20,4973.74,paid,USD
in_000006148,cus_000000500494,2025-11-16,4804.87,paid,USD
in_000006149,cus_000000500495,2023-05-01,15122.65,paid,USD
in_000006150,cus_000000500495,2024-05-02,14101.51,void,USD
in_000006151,cus_000000500495,2025-04-30,14667.91,paid,USD
in_000006152,cus_000000500496,2024-11-06,3444.00,paid,USD
in_000006153,cus_000000500496,2025-11-09,3107.62,paid,USD
in_000006154,cus_000000500497,2024-06-12,8991.38,void,USD
in_000006155,cus_000000500497,2024-07-09,9394.40,paid,USD
in_000006156,cus_000000500497,2024-08-10,9345.04,paid,USD
in_000006157,cus_000000500497,2024-09-10,8700.66,paid,USD
in_000006158,cus_000000500497,2024-10-08,9719.89,paid,USD
in_000006159,cus_000000500497,2024-11-08,8952.45,paid,USD
in_000006160,cus_000000500497,2024-12-08,9001.88,paid,USD
in_000006161,cus_000000500497,2025-01-08,9893.02,paid,USD
in_000006162,cus_000000500497,2025-02-06,9393.49,paid,USD
in_000006163,cus_000000500497,2025-03-08,9911.96,paid,USD
in_000006164,cus_000000500497,2025-04-05,8865.37,refunded,USD
in_000006165,cus_000000500497,2025-05-04,9743.03,paid,USD
in_000006166,cus_000000500497,2025-06-05,8369.69,paid,USD
in_000006167,cus_000000500497,2025-07-02,9963.32,refunded,USD
in_000006168,cus_000000500497,2025-08-01,9060.92,refunded,USD
in_000006169,cus_000000500497,2025-09-01,8906.23,paid,USD
in_000006170,cus_000000500497,2025-10-02,8987.64,paid,USD
in_000006171,cus_000000500497,2025-10-30,8247.59,paid,USD
in_000006172,cus_000000500497,2025-11-27,8543.30,paid,USD
in_000006173,cus_000000500497,2025-12-30,8388.56,paid,USD
in_000006174,cus_000000500497,2026-01-26,8567.31,paid,USD
in_000006175,cus_000000500497,2026-02-27,8360.49,paid,USD
in_000006176,cus_000000500497,2026-04-01,9663.24,paid,USD
in_000006177,cus_000000500497,2026-05-04,8963.45,paid,USD
in_000006178,cus_000000500497,2026-06-06,9922.77,paid,USD
in_000006179,cus_000000500497,2026-07-09,9036.17,paid,USD
in_000006180,cus_000000500497,2026-08-09,9935.14,paid,USD
in_000006181,cus_000000500498,2024-09-03,300.87,paid,USD
in_000006182,cus_000000500498,2024-10-06,292.96,paid,USD
in_000006183,cus_000000500498,2024-11-07,271.93,paid,USD
in_000006184,cus_000000500498,2024-12-07,317.19,paid,USD
in_000006185,cus_000000500498,2025-01-09,282.78,paid,USD
in_000006186,cus_000000500498,2025-02-07,293.13,paid,USD
in_000006187,cus_000000500498,2025-03-11,311.31,paid,USD
in_000006188,cus_000000500498,2025-04-12,300.57,paid,USD
in_000006189,cus_000000500498,2025-05-10,315.06,paid,USD
in_000006190,cus_000000500498,2025-06-07,284.22,paid,USD
in_000006191,cus_000000500498,2025-07-06,293.96,paid,USD
in_000006192,cus_000000500498,2025-08-05,281.84,paid,USD
in_000006193,cus_000000500498,2025-09-02,302.85,paid,USD
in_000006194,cus_000000500498,2025-10-01,328.47,paid,USD
in_000006195,cus_000000500498,2025-11-03,326.20,paid,USD
in_000006196,cus_000000500498,2025-12-06,311.30,paid,USD
in_000006197,cus_000000500498,2026-01-08,323.56,paid,USD
in_000006198,cus_000000500498,2026-02-07,328.54,paid,USD
in_000006199,cus_000000500498,2026-03-07,313.45,paid,USD
in_000006200,cus_000000500498,2026-04-09,323.19,refunded,USD
in_000006201,cus_000000500498,2026-05-08,328.96,paid,USD
in_000006202,cus_000000500498,2026-06-10,273.03,paid,USD
in_000006203,cus_000000500498,2026-07-10,322.45,paid,USD
in_000006204,cus_000000500498,2026-08-12,328.24,paid,USD
in_000006205,cus_000000500499,2024-07-30,22849.91,paid,USD
in_000006206,cus_000000500499,2025-07-29,23580.01,paid,USD
in_000006207,cus_000000500499,2026-07-27,27010.23,paid,USD
in_000006208,cus_000000500500,2022-12-25,1966.02,paid,USD
in_000006209,cus_000000500500,2023-01-22,1975.54,paid,USD
in_000006210,cus_000000500500,2023-02-19,2303.73,paid,USD
in_000006211,cus_000000500500,2023-03-20,2143.45,paid,USD
in_000006212,cus_000000500500,2023-04-16,2243.34,paid,USD
in_000006213,cus_000000500500,2023-05-17,2036.55,paid,USD
in_000006214,cus_000000500500,2023-06-18,2002.39,paid,USD
in_000006215,cus_000000500500,2023-07-21,2284.45,paid,USD
in_000006216,cus_000000500500,2023-08-19,1888.38,paid,USD
in_000006217,cus_000000500500,2023-09-18,2163.05,void,USD
in_000006218,cus_000000500500,2023-10-21,2060.21,paid,USD
in_000006219,cus_000000500500,2023-11-20,1919.96,paid,USD
in_000006220,cus_000000500500,2023-12-17,2156.04,paid,USD
in_000006221,cus_000000500500,2024-01-18,1889.09,paid,USD
in_000006222,cus_000000500500,2024-02-18,2182.88,paid,USD
in_000006223,cus_000000500500,2024-03-20,1900.20,paid,USD
in_000006224,cus_000000500500,2024-04-16,2101.37,paid,USD
in_000006225,cus_000000500500,2024-05-14,2081.92,void,USD
in_000006226,cus_000000500500,2024-06-11,2251.96,refunded,USD
in_000006227,cus_000000500500,2024-07-14,2083.20,paid,USD
in_000006228,cus_000000500500,2024-08-10,2217.57,paid,USD
in_000006229,cus_000000500500,2024-09-12,2079.65,paid,USD
in_000006230,cus_000000500500,2024-10-13,2107.23,paid,USD
in_000006231,cus_000000500500,2024-11-09,2221.05,paid,USD
in_000006232,cus_000000500500,2024-12-10,2193.85,paid,USD
in_000006233,cus_000000500501,2026-07-12,295.60,paid,USD
in_000006234,cus_000000500501,2026-08-12,274.12,paid,USD
in_000006235,cus_000000500502,2025-02-19,54967.07,paid,USD
in_000006236,cus_000000500502,2026-02-19,50736.85,paid,USD
in_000006237,cus_000000500503,2024-09-06,43985.43,paid,USD
in_000006238,cus_000000500503,2025-09-09,52260.23,paid,USD
in_000006239,cus_000000500504,2024-08-31,51491.69,paid,USD
in_000006240,cus_000000500504,2025-08-30,44275.64,paid,USD
in_000006241,cus_000000500506,2026-01-09,5142.97,paid,USD
in_000006242,cus_000000500506,2026-02-09,5159.02,paid,USD
in_000006243,cus_000000500506,2026-03-08,6203.91,paid,USD
in_000006244,cus_000000500506,2026-04-10,5451.43,paid,USD
in_000006245,cus_000000500506,2026-05-07,6006.42,paid,USD
in_000006246,cus_000000500506,2026-06-07,5384.41,paid,USD
in_000006247,cus_000000500506,2026-07-05,6182.92,paid,USD
in_000006248,cus_000000500506,2026-08-03,5755.76,paid,USD
in_000006249,cus_000000500507,2024-03-02,111009.82,paid,USD
in_000006250,cus_000000500507,2025-03-02,127887.00,paid,USD
in_000006251,cus_000000500507,2026-03-01,108780.76,paid,USD
in_000006252,cus_000000500508,2024-03-03,6232.72,paid,USD
in_000006253,cus_000000500508,2024-03-30,5219.38,paid,USD
in_000006254,cus_000000500508,2024-05-01,5997.77,paid,USD
in_000006255,cus_000000500508,2024-05-31,5902.82,paid,USD
in_000006256,cus_000000500508,2024-07-02,5462.50,paid,USD
in_000006257,cus_000000500508,2024-07-31,6175.05,paid,USD
in_000006258,cus_000000500508,2024-09-01,5734.19,paid,USD
in_000006259,cus_000000500508,2024-10-03,5787.85,paid,USD
in_000006260,cus_000000500508,2024-11-03,5236.12,paid,USD
in_000006261,cus_000000500508,2024-12-06,5290.61,paid,USD
in_000006262,cus_000000500508,2025-01-04,6192.14,paid,USD
in_000006263,cus_000000500508,2025-02-03,5891.69,paid,USD
in_000006264,cus_000000500508,2025-03-03,5444.40,paid,USD
in_000006265,cus_000000500508,2025-04-01,5732.44,paid,USD
in_000006266,cus_000000500508,2025-04-30,6001.72,paid,USD
in_000006267,cus_000000500508,2025-05-30,5948.91,paid,USD
in_000006268,cus_000000500508,2025-06-27,5424.90,paid,USD
in_000006269,cus_000000500508,2025-07-24,6147.44,paid,USD
in_000006270,cus_000000500508,2025-08-20,5237.25,paid,USD
in_000006271,cus_000000500508,2025-09-20,5195.44,paid,USD
in_000006272,cus_000000500508,2025-10-22,5683.16,paid,USD
in_000006273,cus_000000500508,2025-11-20,6149.12,paid,USD
in_000006274,cus_000000500508,2025-12-18,5142.09,paid,USD
in_000006275,cus_000000500508,2026-01-15,6201.83,paid,USD
in_000006276,cus_000000500508,2026-02-13,5936.19,paid,USD
in_000006277,cus_000000500508,2026-03-15,6143.26,paid,USD
in_000006278,cus_000000500508,2026-04-11,6047.27,paid,USD
in_000006279,cus_000000500508,2026-05-08,5895.20,paid,USD
in_000006280,cus_000000500508,2026-06-06,5813.43,paid,USD
in_000006281,cus_000000500508,2026-07-06,6156.71,refunded,USD
in_000006282,cus_000000500508,2026-08-08,5825.50,paid,USD
in_000006283,cus_000000500509,2022-12-26,282.67,paid,USD
in_000006284,cus_000000500509,2023-01-24,320.14,paid,USD
in_000006285,cus_000000500509,2023-02-20,323.27,paid,USD
in_000006286,cus_000000500509,2023-03-20,318.14,paid,USD
in_000006287,cus_000000500509,2023-04-22,305.82,paid,USD
in_000006288,cus_000000500509,2023-05-25,272.32,paid,USD
in_000006289,cus_000000500509,2023-06-25,313.75,paid,USD
in_000006290,cus_000000500509,2023-07-28,296.68,paid,USD
in_000006291,cus_000000500509,2023-08-25,318.67,paid,USD
in_000006292,cus_000000500509,2023-09-23,328.71,paid,USD
in_000006293,cus_000000500509,2023-10-26,310.02,paid,USD
in_000006294,cus_000000500509,2023-11-25,311.84,paid,USD
in_000006295,cus_000000500509,2023-12-27,328.29,paid,USD
in_000006296,cus_000000500509,2024-01-27,305.38,paid,USD
in_000006297,cus_000000500509,2024-02-28,290.05,paid,USD
in_000006298,cus_000000500509,2024-03-28,290.66,paid,USD
in_000006299,cus_000000500509,2024-04-29,321.41,paid,USD
in_000006300,cus_000000500509,2024-05-26,314.53,paid,USD
in_000006301,cus_000000500509,2024-06-25,307.52,paid,USD
in_000006302,cus_000000500509,2024-07-22,272.91,paid,USD
in_000006303,cus_000000500509,2024-08-22,297.99,paid,USD
in_000006304,cus_000000500509,2024-09-19,274.40,paid,USD
in_000006305,cus_000000500509,2024-10-20,303.16,paid,USD
in_000006306,cus_000000500509,2024-11-21,329.88,paid,USD
in_000006307,cus_000000500509,2024-12-21,297.14,paid,USD
in_000006308,cus_000000500509,2025-01-18,284.03,paid,USD
in_000006309,cus_000000500509,2025-02-15,293.03,paid,USD
in_000006310,cus_000000500509,2025-03-20,322.72,paid,USD
in_000006311,cus_000000500509,2025-04-18,293.77,paid,USD
in_000006312,cus_000000500509,2025-05-20,295.93,paid,USD
in_000006313,cus_000000500509,2025-06-20,316.29,paid,USD
in_000006314,cus_000000500509,2025-07-23,324.80,paid,USD
in_000006315,cus_000000500509,2025-08-25,275.69,paid,USD
in_000006316,cus_000000500509,2025-09-21,312.81,paid,USD
in_000006317,cus_000000500509,2025-10-21,315.48,paid,USD
in_000006318,cus_000000500509,2025-11-23,287.25,paid,USD
in_000006319,cus_000000500509,2025-12-24,327.94,paid,USD
in_000006320,cus_000000500509,2026-01-21,323.44,paid,USD
in_000006321,cus_000000500509,2026-02-18,296.63,paid,USD
in_000006322,cus_000000500509,2026-03-20,289.78,paid,USD
in_000006323,cus_000000500509,2026-04-16,320.62,paid,USD
in_000006324,cus_000000500509,2026-05-13,298.13,paid,USD
in_000006325,cus_000000500509,2026-06-09,288.25,paid,USD
in_000006326,cus_000000500509,2026-07-12,286.26,paid,USD
in_000006327,cus_000000500509,2026-08-11,284.20,paid,USD
in_000006328,cus_000000500510,2023-03-09,3877.25,paid,USD
in_000006329,cus_000000500510,2024-03-05,3597.18,paid,USD
in_000006330,cus_000000500510,2025-03-08,3605.52,refunded,USD
in_000006331,cus_000000500511,2025-02-12,419.45,paid,USD
in_000006332,cus_000000500511,2025-03-12,450.21,paid,USD
in_000006333,cus_000000500511,2025-04-11,427.51,paid,USD
in_000006334,cus_000000500511,2025-05-10,450.92,paid,USD
in_000006335,cus_000000500511,2025-06-07,386.59,paid,USD
in_000006336,cus_000000500511,2025-07-10,432.64,paid,USD
in_000006337,cus_000000500511,2025-08-10,426.69,paid,USD
in_000006338,cus_000000500511,2025-09-11,407.84,paid,USD
in_000006339,cus_000000500511,2025-10-13,439.69,paid,USD
in_000006340,cus_000000500511,2025-11-14,463.61,paid,USD
in_000006341,cus_000000500511,2025-12-15,411.06,paid,USD
in_000006342,cus_000000500511,2026-01-15,456.96,paid,USD
in_000006343,cus_000000500511,2026-02-12,440.66,paid,USD
in_000006344,cus_000000500511,2026-03-13,396.35,paid,USD
in_000006345,cus_000000500511,2026-04-10,442.99,paid,USD
in_000006346,cus_000000500511,2026-05-08,389.72,paid,USD
in_000006347,cus_000000500511,2026-06-10,389.58,paid,USD
in_000006348,cus_000000500511,2026-07-09,383.64,void,USD
in_000006349,cus_000000500511,2026-08-08,458.48,paid,USD
in_000006350,cus_000000500512,2024-06-14,4740.23,paid,USD
in_000006351,cus_000000500512,2024-07-12,4663.13,paid,USD
in_000006352,cus_000000500512,2024-08-10,4304.20,paid,USD
in_000006353,cus_000000500512,2024-09-11,4126.93,paid,USD
in_000006354,cus_000000500512,2024-10-09,5030.65,paid,USD
in_000006355,cus_000000500512,2024-11-06,4849.53,paid,USD
in_000006356,cus_000000500512,2024-12-07,4421.28,paid,USD
in_000006357,cus_000000500512,2025-01-09,5004.31,paid,USD
in_000006358,cus_000000500512,2025-02-09,4289.09,paid,USD
in_000006359,cus_000000500512,2025-03-08,4566.61,paid,USD
in_000006360,cus_000000500512,2025-04-10,4443.11,paid,USD
in_000006361,cus_000000500512,2025-05-07,4612.66,paid,USD
in_000006362,cus_000000500512,2025-06-05,4203.33,void,USD
in_000006363,cus_000000500512,2025-07-06,4260.15,paid,USD
in_000006364,cus_000000500512,2025-08-08,4919.78,paid,USD
in_000006365,cus_000000500512,2025-09-06,4318.80,void,USD
in_000006366,cus_000000500512,2025-10-06,4343.29,paid,USD
in_000006367,cus_000000500512,2025-11-05,4690.34,paid,USD
in_000006368,cus_000000500512,2025-12-02,4205.91,paid,USD
in_000006369,cus_000000500512,2026-01-02,4788.40,paid,USD
in_000006370,cus_000000500512,2026-01-30,4705.48,paid,USD
in_000006371,cus_000000500512,2026-03-03,4505.58,paid,USD
in_000006372,cus_000000500512,2026-04-05,4795.00,paid,USD
in_000006373,cus_000000500512,2026-05-06,4292.97,paid,USD
in_000006374,cus_000000500512,2026-06-05,4413.27,paid,USD
in_000006375,cus_000000500512,2026-07-06,4633.18,paid,USD
in_000006376,cus_000000500512,2026-08-05,4192.06,paid,USD
in_000006377,cus_000000500513,2024-09-30,5347.66,paid,USD
in_000006378,cus_000000500513,2024-11-02,4479.05,paid,USD
in_000006379,cus_000000500513,2024-12-01,5275.53,paid,USD
in_000006380,cus_000000500513,2025-01-01,4621.64,paid,USD
in_000006381,cus_000000500513,2025-02-03,4838.16,paid,USD
in_000006382,cus_000000500513,2025-03-08,4966.92,paid,USD
in_000006383,cus_000000500513,2025-04-09,4915.45,paid,USD
in_000006384,cus_000000500513,2025-05-11,5333.36,paid,USD
in_000006385,cus_000000500513,2025-06-13,4664.05,paid,USD
in_000006386,cus_000000500513,2025-07-11,4567.33,paid,USD
in_000006387,cus_000000500513,2025-08-13,4735.35,paid,USD
in_000006388,cus_000000500513,2025-09-12,4836.16,paid,USD
in_000006389,cus_000000500513,2025-10-13,5024.12,paid,USD
in_000006390,cus_000000500513,2025-11-15,4951.03,paid,USD
in_000006391,cus_000000500513,2025-12-18,5101.65,paid,USD
in_000006392,cus_000000500513,2026-01-20,5099.41,paid,USD
in_000006393,cus_000000500513,2026-02-16,5164.34,paid,USD
in_000006394,cus_000000500513,2026-03-20,5327.69,paid,USD
in_000006395,cus_000000500513,2026-04-16,5213.37,paid,USD
in_000006396,cus_000000500513,2026-05-18,5147.35,paid,USD
in_000006397,cus_000000500513,2026-06-20,5150.03,paid,USD
in_000006398,cus_000000500513,2026-07-17,4643.96,paid,USD
in_000006399,cus_000000500513,2026-08-17,5320.16,void,USD
in_000006400,cus_000000500514,2025-05-12,10426.84,paid,USD
in_000006401,cus_000000500514,2026-05-10,10360.12,paid,USD
in_000006402,cus_000000500515,2024-09-20,284.69,paid,USD
in_000006403,cus_000000500515,2024-10-20,259.93,paid,USD
in_000006404,cus_000000500515,2024-11-17,278.51,paid,USD
in_000006405,cus_000000500515,2024-12-18,279.59,paid,USD
in_000006406,cus_000000500515,2025-01-20,238.66,paid,USD
in_000006407,cus_000000500515,2025-02-17,284.97,paid,USD
in_000006408,cus_000000500515,2025-03-19,282.29,paid,USD
in_000006409,cus_000000500515,2025-04-17,258.90,paid,USD
in_000006410,cus_000000500515,2025-05-20,287.68,paid,USD
in_000006411,cus_000000500515,2025-06-17,279.54,paid,USD
in_000006412,cus_000000500515,2025-07-17,247.58,paid,USD
in_000006413,cus_000000500515,2025-08-19,244.07,paid,USD
in_000006414,cus_000000500515,2025-09-20,279.67,paid,USD
in_000006415,cus_000000500515,2025-10-23,251.44,paid,USD
in_000006416,cus_000000500515,2025-11-22,260.61,paid,USD
in_000006417,cus_000000500515,2025-12-25,278.86,paid,USD
in_000006418,cus_000000500515,2026-01-23,245.71,paid,USD
in_000006419,cus_000000500515,2026-02-20,276.24,paid,USD
in_000006420,cus_000000500515,2026-03-23,242.87,paid,USD
in_000006421,cus_000000500515,2026-04-23,259.15,paid,USD
in_000006422,cus_000000500515,2026-05-24,256.80,paid,USD
in_000006423,cus_000000500515,2026-06-24,257.21,paid,USD
in_000006424,cus_000000500515,2026-07-24,243.40,paid,USD
in_000006425,cus_000000500516,2026-02-12,346.92,void,USD
in_000006426,cus_000000500516,2026-03-12,376.90,refunded,USD
in_000006427,cus_000000500516,2026-04-08,361.97,paid,USD
in_000006428,cus_000000500516,2026-05-08,369.76,paid,USD
in_000006429,cus_000000500516,2026-06-09,353.85,paid,USD
in_000006430,cus_000000500516,2026-07-12,362.52,paid,USD
in_000006431,cus_000000500516,2026-08-08,330.96,paid,USD
in_000006432,cus_000000500517,2023-07-29,3512.70,paid,USD
in_000006433,cus_000000500517,2024-07-27,3279.32,paid,USD
in_000006434,cus_000000500517,2025-07-24,3671.58,void,USD
in_000006435,cus_000000500517,2026-07-27,3700.99,paid,USD
in_000006436,cus_000000500518,2024-09-08,225.73,paid,USD
in_000006437,cus_000000500518,2024-10-08,241.55,paid,USD
in_000006438,cus_000000500518,2024-11-07,257.22,paid,USD
in_000006439,cus_000000500518,2024-12-07,236.91,paid,USD
in_000006440,cus_000000500518,2025-01-05,224.27,paid,USD
in_000006441,cus_000000500518,2025-02-03,256.77,paid,USD
in_000006442,cus_000000500518,2025-03-07,253.89,paid,USD
in_000006443,cus_000000500518,2025-04-06,231.24,paid,USD
in_000006444,cus_000000500518,2025-05-07,250.00,paid,USD
in_000006445,cus_000000500518,2025-06-03,233.60,paid,USD
in_000006446,cus_000000500518,2025-07-01,262.23,paid,USD
in_000006447,cus_000000500518,2025-08-01,261.42,refunded,USD
in_000006448,cus_000000500518,2025-09-03,266.77,paid,USD
in_000006449,cus_000000500518,2025-10-02,220.81,paid,USD
in_000006450,cus_000000500518,2025-11-04,243.80,paid,USD
in_000006451,cus_000000500518,2025-12-01,253.81,failed,USD
in_000006452,cus_000000500518,2025-12-31,236.31,paid,USD
in_000006453,cus_000000500518,2026-02-01,249.42,paid,USD
in_000006454,cus_000000500518,2026-03-01,236.21,paid,USD
in_000006455,cus_000000500518,2026-03-29,237.47,paid,USD
in_000006456,cus_000000500518,2026-05-01,252.48,paid,USD
in_000006457,cus_000000500518,2026-06-03,252.16,paid,USD
in_000006458,cus_000000500518,2026-07-03,247.40,paid,USD
in_000006459,cus_000000500518,2026-07-30,247.16,paid,USD
in_000006460,cus_000000500520,2023-06-13,5262.23,paid,USD
in_000006461,cus_000000500520,2024-06-13,4861.41,paid,USD
in_000006462,cus_000000500520,2025-06-10,5005.32,paid,USD
in_000006463,cus_000000500521,2024-09-06,310.40,paid,USD
in_000006464,cus_000000500521,2024-10-07,323.86,paid,USD
in_000006465,cus_000000500521,2024-11-03,274.58,paid,USD
in_000006466,cus_000000500521,2024-11-30,277.92,paid,USD
in_000006467,cus_000000500521,2025-01-02,293.85,paid,USD
in_000006468,cus_000000500521,2025-01-29,316.08,paid,USD
in_000006469,cus_000000500521,2025-03-03,275.06,paid,USD
in_000006470,cus_000000500521,2025-04-04,322.86,void,USD
in_000006471,cus_000000500521,2025-05-01,271.40,paid,USD
in_000006472,cus_000000500521,2025-06-03,293.71,paid,USD
in_000006473,cus_000000500521,2025-06-30,299.89,paid,USD
in_000006474,cus_000000500521,2025-07-29,271.57,paid,USD
in_000006475,cus_000000500521,2025-08-30,291.17,paid,USD
in_000006476,cus_000000500521,2025-09-27,323.70,paid,USD
in_000006477,cus_000000500521,2025-10-27,304.12,paid,USD
in_000006478,cus_000000500521,2025-11-25,321.82,refunded,USD
in_000006479,cus_000000500521,2025-12-22,318.65,paid,USD
in_000006480,cus_000000500521,2026-01-19,299.75,paid,USD
in_000006481,cus_000000500521,2026-02-17,310.44,paid,USD
in_000006482,cus_000000500521,2026-03-18,276.83,paid,USD
in_000006483,cus_000000500521,2026-04-16,317.19,paid,USD
in_000006484,cus_000000500521,2026-05-13,271.65,paid,USD
in_000006485,cus_000000500521,2026-06-09,287.33,paid,USD
in_000006486,cus_000000500521,2026-07-07,284.09,paid,USD
in_000006487,cus_000000500521,2026-08-05,286.50,paid,USD
in_000006488,cus_000000500523,2024-04-05,4688.01,void,USD
in_000006489,cus_000000500523,2025-04-04,4118.11,paid,USD
in_000006490,cus_000000500523,2026-04-03,4204.30,paid,USD
in_000006491,cus_000000500524,2023-12-24,27199.77,paid,USD
in_000006492,cus_000000500524,2024-12-20,26586.94,paid,USD
in_000006493,cus_000000500524,2025-12-20,25664.27,paid,USD
in_000006494,cus_000000500526,2026-06-17,2610.81,paid,USD
in_000006495,cus_000000500526,2026-07-19,2562.12,paid,USD
in_000006496,cus_000000500526,2026-08-19,2417.73,void,USD
in_000006497,cus_000000500527,2023-05-04,4906.11,paid,USD
in_000006498,cus_000000500527,2024-05-03,4907.74,void,USD
in_000006499,cus_000000500527,2025-05-05,5080.04,paid,USD
in_000006500,cus_000000500527,2026-05-08,4400.44,paid,USD
in_000006501,cus_000000500528,2024-11-15,824.16,paid,USD
in_000006502,cus_000000500528,2024-12-15,749.04,paid,USD
in_000006503,cus_000000500528,2025-01-15,797.84,paid,USD
in_000006504,cus_000000500528,2025-02-11,791.57,paid,USD
in_000006505,cus_000000500528,2025-03-16,824.51,paid,USD
in_000006506,cus_000000500528,2025-04-17,785.31,paid,USD
in_000006507,cus_000000500528,2025-05-19,853.45,paid,USD
in_000006508,cus_000000500528,2025-06-15,879.70,paid,USD
in_000006509,cus_000000500528,2025-07-18,778.06,paid,USD
in_000006510,cus_000000500528,2025-08-17,852.86,paid,USD
in_000006511,cus_000000500528,2025-09-13,867.39,paid,USD
in_000006512,cus_000000500529,2024-11-07,706.92,paid,USD
in_000006513,cus_000000500529,2024-12-07,787.13,paid,USD
in_000006514,cus_000000500529,2025-01-07,758.29,paid,USD
in_000006515,cus_000000500529,2025-02-08,748.34,paid,USD
in_000006516,cus_000000500529,2025-03-12,794.43,paid,USD
in_000006517,cus_000000500529,2025-04-09,831.04,paid,USD
in_000006518,cus_000000500529,2025-05-11,707.19,paid,USD
in_000006519,cus_000000500529,2025-06-13,854.96,paid,USD
in_000006520,cus_000000500529,2025-07-11,728.46,paid,USD
in_000006521,cus_000000500529,2025-08-10,768.87,paid,USD
in_000006522,cus_000000500529,2025-09-12,757.56,paid,USD
in_000006523,cus_000000500529,2025-10-15,819.43,paid,USD
in_000006524,cus_000000500529,2025-11-15,786.89,paid,USD
in_000006525,cus_000000500529,2025-12-15,784.68,paid,USD
in_000006526,cus_000000500529,2026-01-13,840.52,paid,USD
in_000006527,cus_000000500529,2026-02-10,800.69,paid,USD
in_000006528,cus_000000500529,2026-03-09,814.92,paid,USD
in_000006529,cus_000000500529,2026-04-09,812.47,paid,USD
in_000006530,cus_000000500529,2026-05-09,775.50,paid,USD
in_000006531,cus_000000500529,2026-06-07,812.09,paid,USD
in_000006532,cus_000000500529,2026-07-10,791.66,failed,USD
in_000006533,cus_000000500529,2026-08-06,764.27,paid,USD
in_000006534,cus_000000500530,2024-05-13,5380.25,paid,USD
in_000006535,cus_000000500530,2024-06-13,5304.47,paid,USD
in_000006536,cus_000000500530,2024-07-12,5694.78,paid,USD
in_000006537,cus_000000500530,2024-08-10,5538.86,paid,USD
in_000006538,cus_000000500530,2024-09-09,5729.75,paid,USD
in_000006539,cus_000000500530,2024-10-12,5749.90,paid,USD
in_000006540,cus_000000500530,2024-11-12,5759.06,paid,USD
in_000006541,cus_000000500530,2024-12-09,4856.58,paid,USD
in_000006542,cus_000000500530,2025-01-10,5079.01,paid,USD
in_000006543,cus_000000500530,2025-02-09,5057.13,paid,USD
in_000006544,cus_000000500530,2025-03-13,5801.51,paid,USD
in_000006545,cus_000000500530,2025-04-13,4987.54,paid,USD
in_000006546,cus_000000500530,2025-05-14,5406.22,paid,USD
in_000006547,cus_000000500530,2025-06-12,4859.50,paid,USD
in_000006548,cus_000000500530,2025-07-09,5206.87,paid,USD
in_000006549,cus_000000500530,2025-08-05,5344.95,paid,USD
in_000006550,cus_000000500530,2025-09-02,5694.96,paid,USD
in_000006551,cus_000000500530,2025-10-02,5272.20,paid,USD
in_000006552,cus_000000500530,2025-11-03,5642.00,paid,USD
in_000006553,cus_000000500530,2025-12-03,5087.70,paid,USD
in_000006554,cus_000000500530,2026-01-01,5016.42,paid,USD
in_000006555,cus_000000500530,2026-01-29,5290.46,paid,USD
in_000006556,cus_000000500530,2026-03-01,5247.74,paid,USD
in_000006557,cus_000000500531,2026-01-04,16763.96,paid,USD
in_000006558,cus_000000500532,2024-05-18,270.55,paid,USD
in_000006559,cus_000000500532,2024-06-17,290.28,paid,USD
in_000006560,cus_000000500532,2024-07-18,306.36,paid,USD
in_000006561,cus_000000500532,2024-08-20,303.50,paid,USD
in_000006562,cus_000000500532,2024-09-20,321.18,paid,USD
in_000006563,cus_000000500532,2024-10-22,270.95,paid,USD
in_000006564,cus_000000500532,2024-11-20,282.50,paid,USD
in_000006565,cus_000000500532,2024-12-17,276.32,paid,USD
in_000006566,cus_000000500532,2025-01-17,282.53,paid,USD
in_000006567,cus_000000500532,2025-02-14,277.42,paid,USD
in_000006568,cus_000000500532,2025-03-15,324.81,paid,USD
in_000006569,cus_000000500532,2025-04-12,327.19,paid,USD
in_000006570,cus_000000500532,2025-05-10,309.89,failed,USD
in_000006571,cus_000000500532,2025-06-12,306.40,refunded,USD
in_000006572,cus_000000500532,2025-07-13,284.97,paid,USD
in_000006573,cus_000000500532,2025-08-13,289.61,paid,USD
in_000006574,cus_000000500532,2025-09-10,320.28,paid,USD
in_000006575,cus_000000500532,2025-10-13,281.19,paid,USD
in_000006576,cus_000000500532,2025-11-12,291.68,refunded,USD
in_000006577,cus_000000500532,2025-12-14,291.68,paid,USD
in_000006578,cus_000000500532,2026-01-10,324.90,paid,USD
in_000006579,cus_000000500532,2026-02-12,329.98,refunded,USD
in_000006580,cus_000000500532,2026-03-11,327.55,paid,USD
in_000006581,cus_000000500532,2026-04-13,290.76,paid,USD
in_000006582,cus_000000500532,2026-05-11,319.09,paid,USD
in_000006583,cus_000000500532,2026-06-12,310.09,paid,USD
in_000006584,cus_000000500532,2026-07-14,315.86,paid,USD
in_000006585,cus_000000500532,2026-08-12,280.78,paid,USD
in_000006586,cus_000000500533,2025-01-02,2451.07,paid,USD
in_000006587,cus_000000500533,2025-02-02,2302.88,paid,USD
in_000006588,cus_000000500533,2025-03-01,2207.14,paid,USD
in_000006589,cus_000000500533,2025-03-28,2200.33,paid,USD
in_000006590,cus_000000500533,2025-04-28,2434.41,paid,USD
in_000006591,cus_000000500533,2025-05-29,2271.64,paid,USD
in_000006592,cus_000000500533,2025-07-01,2204.82,paid,USD
in_000006593,cus_000000500533,2025-08-02,2475.00,paid,USD
in_000006594,cus_000000500533,2025-09-01,2438.86,paid,USD
in_000006595,cus_000000500533,2025-09-28,2304.39,paid,USD
in_000006596,cus_000000500533,2025-10-26,2211.73,paid,USD
in_000006597,cus_000000500533,2025-11-27,2383.98,paid,USD
in_000006598,cus_000000500533,2025-12-29,2370.19,paid,USD
in_000006599,cus_000000500533,2026-01-29,2417.85,paid,USD
in_000006600,cus_000000500533,2026-02-26,2452.97,paid,USD
in_000006601,cus_000000500533,2026-03-27,2446.64,paid,USD
in_000006602,cus_000000500533,2026-04-26,2108.07,paid,USD
in_000006603,cus_000000500533,2026-05-27,2258.32,paid,USD
in_000006604,cus_000000500533,2026-06-24,2032.10,paid,USD
in_000006605,cus_000000500533,2026-07-21,2370.89,paid,USD
in_000006606,cus_000000500535,2024-04-02,2846.66,paid,USD
in_000006607,cus_000000500535,2025-04-02,2656.62,paid,USD
in_000006608,cus_000000500536,2026-08-01,4908.45,paid,USD
in_000006609,cus_000000500537,2023-03-06,656.86,paid,USD
in_000006610,cus_000000500537,2023-04-05,598.31,paid,USD
in_000006611,cus_000000500537,2023-05-02,673.66,paid,USD
in_000006612,cus_000000500537,2023-06-04,631.68,paid,USD
in_000006613,cus_000000500537,2023-07-02,598.82,paid,USD
in_000006614,cus_000000500537,2023-07-31,636.57,paid,USD
in_000006615,cus_000000500537,2023-08-30,603.75,paid,USD
in_000006616,cus_000000500537,2023-09-27,694.76,paid,USD
in_000006617,cus_000000500537,2023-10-30,611.85,paid,USD
in_000006618,cus_000000500537,2023-12-02,662.18,paid,USD
in_000006619,cus_000000500537,2024-01-01,652.45,paid,USD
in_000006620,cus_000000500537,2024-01-31,641.45,paid,USD
in_000006621,cus_000000500537,2024-02-29,646.41,paid,USD
in_000006622,cus_000000500537,2024-03-29,619.74,paid,USD
in_000006623,cus_000000500537,2024-04-28,705.82,paid,USD
in_000006624,cus_000000500537,2024-05-31,601.00,paid,USD
in_000006625,cus_000000500537,2024-07-02,672.22,paid,USD
in_000006626,cus_000000500537,2024-08-01,664.45,paid,USD
in_000006627,cus_000000500537,2024-08-28,672.03,paid,USD
in_000006628,cus_000000500537,2024-09-25,634.55,void,USD
in_000006629,cus_000000500537,2024-10-28,681.36,paid,USD
in_000006630,cus_000000500537,2024-11-28,647.70,paid,USD
in_000006631,cus_000000500537,2024-12-30,671.41,paid,USD
in_000006632,cus_000000500537,2025-02-01,603.71,paid,USD
in_000006633,cus_000000500537,2025-03-06,690.67,paid,USD
in_000006634,cus_000000500537,2025-04-03,662.01,paid,USD
in_000006635,cus_000000500537,2025-05-03,663.42,paid,USD
in_000006636,cus_000000500537,2025-06-05,695.03,paid,USD
in_000006637,cus_000000500537,2025-07-07,608.41,paid,USD
in_000006638,cus_000000500537,2025-08-03,699.42,paid,USD
in_000006639,cus_000000500537,2025-09-03,617.07,paid,USD
in_000006640,cus_000000500537,2025-10-02,641.59,paid,USD
in_000006641,cus_000000500537,2025-10-29,643.52,paid,USD
in_000006642,cus_000000500537,2025-11-27,663.38,paid,USD
in_000006643,cus_000000500537,2025-12-29,609.38,paid,USD
in_000006644,cus_000000500537,2026-01-25,693.77,paid,USD
in_000006645,cus_000000500537,2026-02-27,589.36,paid,USD
in_000006646,cus_000000500537,2026-03-26,591.40,paid,USD
in_000006647,cus_000000500537,2026-04-28,649.53,paid,USD
in_000006648,cus_000000500538,2026-06-04,13125.04,paid,USD
in_000006649,cus_000000500541,2025-01-13,12250.67,paid,USD
in_000006650,cus_000000500541,2026-01-10,11847.44,paid,USD
in_000006651,cus_000000500542,2024-02-03,5366.13,paid,USD
in_000006652,cus_000000500543,2025-05-12,2102.44,paid,USD
in_000006653,cus_000000500543,2025-06-09,1975.01,paid,USD
in_000006654,cus_000000500543,2025-07-09,2013.92,paid,USD
in_000006655,cus_000000500543,2025-08-08,2317.32,paid,USD
in_000006656,cus_000000500543,2025-09-09,2393.41,paid,USD
in_000006657,cus_000000500543,2025-10-11,2384.69,paid,USD
in_000006658,cus_000000500543,2025-11-11,2108.46,paid,USD
in_000006659,cus_000000500543,2025-12-11,2039.03,paid,USD
in_000006660,cus_000000500543,2026-01-08,2124.23,refunded,USD
in_000006661,cus_000000500543,2026-02-05,1981.54,paid,USD
in_000006662,cus_000000500543,2026-03-05,2385.85,paid,USD
in_000006663,cus_000000500543,2026-04-02,2103.98,paid,USD
in_000006664,cus_000000500543,2026-05-03,2318.61,paid,USD
in_000006665,cus_000000500543,2026-06-02,2388.64,paid,USD
in_000006666,cus_000000500543,2026-06-30,2311.39,paid,USD
in_000006667,cus_000000500543,2026-07-28,2196.46,refunded,USD
in_000006668,cus_000000500544,2025-09-07,298.41,paid,USD
in_000006669,cus_000000500544,2025-10-10,288.51,paid,USD
in_000006670,cus_000000500544,2025-11-08,276.11,paid,USD
in_000006671,cus_000000500544,2025-12-07,318.23,paid,USD
in_000006672,cus_000000500544,2026-01-05,297.79,paid,USD
in_000006673,cus_000000500544,2026-02-05,302.13,refunded,USD
in_000006674,cus_000000500544,2026-03-04,314.46,paid,USD
in_000006675,cus_000000500544,2026-04-02,270.98,paid,USD
in_000006676,cus_000000500544,2026-05-03,300.03,paid,USD
in_000006677,cus_000000500544,2026-06-03,279.40,paid,USD
in_000006678,cus_000000500544,2026-06-30,317.68,paid,USD
in_000006679,cus_000000500544,2026-07-27,304.84,paid,USD
in_000006680,cus_000000500545,2024-07-05,63314.59,paid,USD
in_000006681,cus_000000500546,2023-03-26,11942.22,paid,USD
in_000006682,cus_000000500546,2024-03-27,11437.66,paid,USD
in_000006683,cus_000000500546,2025-03-25,13009.84,paid,USD
in_000006684,cus_000000500547,2025-02-06,2816.46,paid,USD
in_000006685,cus_000000500547,2026-02-07,2553.71,paid,USD
in_000006686,cus_000000500548,2022-11-12,5129.80,paid,USD
in_000006687,cus_000000500548,2022-12-11,5828.39,paid,USD
in_000006688,cus_000000500548,2023-01-10,5737.83,paid,USD
in_000006689,cus_000000500548,2023-02-11,4879.67,paid,USD
in_000006690,cus_000000500548,2023-03-14,5708.39,paid,USD
in_000006691,cus_000000500548,2023-04-13,5847.79,paid,USD
in_000006692,cus_000000500548,2023-05-14,5412.76,paid,USD
in_000006693,cus_000000500548,2023-06-14,5698.57,paid,USD
in_000006694,cus_000000500548,2023-07-16,5902.68,paid,USD
in_000006695,cus_000000500548,2023-08-16,4950.69,paid,USD
in_000006696,cus_000000500548,2023-09-12,5913.55,paid,USD
in_000006697,cus_000000500548,2023-10-11,4890.94,paid,USD
in_000006698,cus_000000500548,2023-11-12,5190.29,paid,USD
in_000006699,cus_000000500548,2023-12-10,5719.09,paid,USD
in_000006700,cus_000000500548,2024-01-07,5000.51,paid,USD
in_000006701,cus_000000500548,2024-02-07,5678.73,paid,USD
in_000006702,cus_000000500548,2024-03-06,5401.23,paid,USD
in_000006703,cus_000000500548,2024-04-07,5127.18,paid,USD
in_000006704,cus_000000500548,2024-05-07,5125.67,paid,USD
in_000006705,cus_000000500548,2024-06-08,5201.45,void,USD
in_000006706,cus_000000500548,2024-07-10,5784.73,paid,USD
in_000006707,cus_000000500548,2024-08-12,5082.07,paid,USD
in_000006708,cus_000000500548,2024-09-14,5559.56,paid,USD
in_000006709,cus_000000500548,2024-10-16,5778.26,paid,USD
in_000006710,cus_000000500548,2024-11-12,5666.58,paid,USD
in_000006711,cus_000000500548,2024-12-10,5081.40,void,USD
in_000006712,cus_000000500548,2025-01-10,4930.04,void,USD
in_000006713,cus_000000500548,2025-02-12,5228.07,refunded,USD
in_000006714,cus_000000500548,2025-03-14,5232.59,paid,USD
in_000006715,cus_000000500548,2025-04-14,5649.49,refunded,USD
in_000006716,cus_000000500548,2025-05-16,4939.56,void,USD
in_000006717,cus_000000500548,2025-06-15,5698.33,paid,USD
in_000006718,cus_000000500548,2025-07-15,5610.50,paid,USD
in_000006719,cus_000000500548,2025-08-14,5367.68,paid,USD
in_000006720,cus_000000500548,2025-09-13,5852.37,paid,USD
in_000006721,cus_000000500548,2025-10-16,5331.60,paid,USD
in_000006722,cus_000000500548,2025-11-14,5796.09,paid,USD
in_000006723,cus_000000500548,2025-12-13,5904.70,paid,USD
in_000006724,cus_000000500548,2026-01-10,4869.06,paid,USD
in_000006725,cus_000000500548,2026-02-11,5799.06,paid,USD
in_000006726,cus_000000500548,2026-03-14,5858.14,paid,USD
in_000006727,cus_000000500548,2026-04-14,4936.13,paid,USD
in_000006728,cus_000000500548,2026-05-13,4887.16,paid,USD
in_000006729,cus_000000500548,2026-06-14,5422.88,paid,USD
in_000006730,cus_000000500549,2025-10-03,329.99,paid,USD
in_000006731,cus_000000500549,2025-10-31,312.92,void,USD
in_000006732,cus_000000500549,2025-11-27,326.85,paid,USD
in_000006733,cus_000000500549,2025-12-28,274.57,refunded,USD
in_000006734,cus_000000500549,2026-01-29,283.84,paid,USD
in_000006735,cus_000000500549,2026-02-28,306.43,paid,USD
in_000006736,cus_000000500549,2026-03-31,272.24,paid,USD
in_000006737,cus_000000500549,2026-04-28,297.83,paid,USD
in_000006738,cus_000000500549,2026-05-28,299.79,paid,USD
in_000006739,cus_000000500549,2026-06-30,303.25,paid,USD
in_000006740,cus_000000500549,2026-08-02,290.69,paid,USD
in_000006741,cus_000000500552,2025-09-19,3946.55,paid,USD
in_000006742,cus_000000500554,2023-03-20,296.66,paid,USD
in_000006743,cus_000000500554,2023-04-17,316.66,paid,USD
in_000006744,cus_000000500554,2023-05-15,305.53,paid,USD
in_000006745,cus_000000500554,2023-06-13,313.83,paid,USD
in_000006746,cus_000000500554,2023-07-11,302.41,paid,USD
in_000006747,cus_000000500554,2023-08-07,278.14,paid,USD
in_000006748,cus_000000500554,2023-09-06,307.08,paid,USD
in_000006749,cus_000000500554,2023-10-09,329.36,paid,USD
in_000006750,cus_000000500554,2023-11-10,291.07,paid,USD
in_000006751,cus_000000500554,2023-12-07,279.48,paid,USD
in_000006752,cus_000000500554,2024-01-03,295.91,paid,USD
in_000006753,cus_000000500554,2024-02-05,299.96,paid,USD
in_000006754,cus_000000500554,2024-03-06,309.24,paid,USD
in_000006755,cus_000000500554,2024-04-04,292.42,paid,USD
in_000006756,cus_000000500554,2024-05-06,282.70,paid,USD
in_000006757,cus_000000500554,2024-06-05,297.40,failed,USD
in_000006758,cus_000000500554,2024-07-08,315.68,paid,USD
in_000006759,cus_000000500554,2024-08-08,284.85,paid,USD
in_000006760,cus_000000500554,2024-09-08,328.05,paid,USD
in_000006761,cus_000000500554,2024-10-05,315.87,paid,USD
in_000006762,cus_000000500554,2024-11-01,314.33,paid,USD
in_000006763,cus_000000500554,2024-11-29,279.44,paid,USD
in_000006764,cus_000000500554,2024-12-28,278.14,paid,USD
in_000006765,cus_000000500554,2025-01-28,326.80,paid,USD
in_000006766,cus_000000500554,2025-03-01,328.29,paid,USD
in_000006767,cus_000000500554,2025-04-03,287.67,paid,USD
in_000006768,cus_000000500554,2025-05-04,286.68,paid,USD
in_000006769,cus_000000500554,2025-06-05,313.69,paid,USD
in_000006770,cus_000000500554,2025-07-04,275.98,refunded,USD
in_000006771,cus_000000500554,2025-08-02,272.80,paid,USD
in_000006772,cus_000000500554,2025-09-03,307.82,paid,USD
in_000006773,cus_000000500554,2025-10-04,328.39,paid,USD
in_000006774,cus_000000500554,2025-11-01,281.41,paid,USD
in_000006775,cus_000000500554,2025-12-04,329.54,paid,USD
in_000006776,cus_000000500554,2026-01-06,298.29,paid,USD
in_000006777,cus_000000500554,2026-02-04,311.25,paid,USD
in_000006778,cus_000000500554,2026-03-03,317.31,paid,USD
in_000006779,cus_000000500554,2026-04-03,271.33,paid,USD
in_000006780,cus_000000500554,2026-05-02,290.00,paid,USD
in_000006781,cus_000000500554,2026-06-04,283.57,paid,USD
in_000006782,cus_000000500554,2026-07-05,276.64,paid,USD
in_000006783,cus_000000500554,2026-08-06,312.43,paid,USD
in_000006784,cus_000000500555,2022-10-27,314.99,paid,USD
in_000006785,cus_000000500555,2022-11-28,279.73,paid,USD
in_000006786,cus_000000500555,2022-12-25,273.35,paid,USD
in_000006787,cus_000000500555,2023-01-23,284.16,paid,USD
in_000006788,cus_000000500555,2023-02-19,281.60,paid,USD
in_000006789,cus_000000500555,2023-03-22,270.49,paid,USD
in_000006790,cus_000000500555,2023-04-19,310.14,paid,USD
in_000006791,cus_000000500555,2023-05-22,313.80,paid,USD
in_000006792,cus_000000500555,2023-06-20,314.33,paid,USD
in_000006793,cus_000000500555,2023-07-20,319.39,paid,USD
in_000006794,cus_000000500555,2023-08-19,321.65,paid,USD
in_000006795,cus_000000500555,2023-09-18,324.50,paid,USD
in_000006796,cus_000000500555,2023-10-20,297.77,paid,USD
in_000006797,cus_000000500555,2023-11-21,276.57,paid,USD
in_000006798,cus_000000500555,2023-12-19,311.02,paid,USD
in_000006799,cus_000000500555,2024-01-21,280.82,paid,USD
in_000006800,cus_000000500555,2024-02-18,289.96,refunded,USD
in_000006801,cus_000000500555,2024-03-20,295.76,paid,USD
in_000006802,cus_000000500555,2024-04-16,320.30,paid,USD
in_000006803,cus_000000500555,2024-05-14,320.22,paid,USD
in_000006804,cus_000000500555,2024-06-15,329.26,paid,USD
in_000006805,cus_000000500555,2024-07-18,290.54,paid,USD
in_000006806,cus_000000500555,2024-08-17,287.58,void,USD
in_000006807,cus_000000500555,2024-09-19,322.01,paid,USD
in_000006808,cus_000000500555,2024-10-22,305.74,paid,USD
in_000006809,cus_000000500555,2024-11-24,276.46,paid,USD
in_000006810,cus_000000500555,2024-12-24,275.49,paid,USD
in_000006811,cus_000000500555,2025-01-20,307.69,paid,USD
in_000006812,cus_000000500555,2025-02-21,323.56,paid,USD
in_000006813,cus_000000500555,2025-03-25,304.21,paid,USD
in_000006814,cus_000000500555,2025-04-21,306.18,paid,USD
in_000006815,cus_000000500555,2025-05-18,299.13,paid,USD
in_000006816,cus_000000500555,2025-06-19,290.86,paid,USD
in_000006817,cus_000000500555,2025-07-16,273.43,paid,USD
in_000006818,cus_000000500555,2025-08-16,296.11,paid,USD
in_000006819,cus_000000500555,2025-09-13,292.02,paid,USD
in_000006820,cus_000000500555,2025-10-12,302.68,paid,USD
in_000006821,cus_000000500555,2025-11-13,298.25,paid,USD
in_000006822,cus_000000500555,2025-12-14,326.75,paid,USD
in_000006823,cus_000000500555,2026-01-15,295.42,paid,USD
in_000006824,cus_000000500555,2026-02-13,296.58,paid,USD
in_000006825,cus_000000500555,2026-03-13,302.20,paid,USD
in_000006826,cus_000000500555,2026-04-11,318.65,paid,USD
in_000006827,cus_000000500555,2026-05-13,316.58,paid,USD
in_000006828,cus_000000500556,2023-08-24,247.88,paid,USD
in_000006829,cus_000000500556,2023-09-23,257.99,paid,USD
in_000006830,cus_000000500556,2023-10-25,223.41,paid,USD
in_000006831,cus_000000500556,2023-11-27,253.09,paid,USD
in_000006832,cus_000000500556,2023-12-28,235.77,paid,USD
in_000006833,cus_000000500556,2024-01-27,232.26,failed,USD
in_000006834,cus_000000500556,2024-02-25,241.47,paid,USD
in_000006835,cus_000000500556,2024-03-24,215.93,paid,USD
in_000006836,cus_000000500556,2024-04-21,242.77,paid,USD
in_000006837,cus_000000500556,2024-05-21,238.28,paid,USD
in_000006838,cus_000000500556,2024-06-20,252.15,paid,USD
in_000006839,cus_000000500556,2024-07-17,246.51,paid,USD
in_000006840,cus_000000500556,2024-08-16,215.13,paid,USD
in_000006841,cus_000000500556,2024-09-18,232.81,paid,USD
in_000006842,cus_000000500556,2024-10-19,234.08,paid,USD
in_000006843,cus_000000500556,2024-11-15,230.97,paid,USD
in_000006844,cus_000000500556,2024-12-13,231.11,paid,USD
in_000006845,cus_000000500556,2025-01-09,234.80,paid,USD
in_000006846,cus_000000500556,2025-02-06,232.14,paid,USD
in_000006847,cus_000000500556,2025-03-08,221.93,paid,USD
in_000006848,cus_000000500556,2025-04-04,234.84,paid,USD
in_000006849,cus_000000500556,2025-05-06,229.47,void,USD
in_000006850,cus_000000500556,2025-06-05,219.41,paid,USD
in_000006851,cus_000000500556,2025-07-07,244.46,paid,USD
in_000006852,cus_000000500556,2025-08-08,253.06,void,USD
in_000006853,cus_000000500556,2025-09-10,214.68,paid,USD
in_000006854,cus_000000500556,2025-10-09,227.46,paid,USD
in_000006855,cus_000000500556,2025-11-11,248.41,paid,USD
in_000006856,cus_000000500556,2025-12-08,258.89,void,USD
in_000006857,cus_000000500556,2026-01-08,235.29,refunded,USD
in_000006858,cus_000000500556,2026-02-08,231.74,paid,USD
in_000006859,cus_000000500556,2026-03-07,249.03,paid,USD
in_000006860,cus_000000500556,2026-04-05,221.80,refunded,USD
in_000006861,cus_000000500556,2026-05-07,253.79,paid,USD
in_000006862,cus_000000500556,2026-06-03,225.91,paid,USD
in_000006863,cus_000000500556,2026-06-30,237.19,paid,USD
in_000006864,cus_000000500556,2026-07-28,251.68,paid,USD
in_000006865,cus_000000500557,2023-11-24,3526.23,paid,USD
in_000006866,cus_000000500557,2024-11-25,3259.01,paid,USD
in_000006867,cus_000000500557,2025-11-24,3614.86,paid,USD
in_000006868,cus_000000500558,2024-11-29,3784.05,paid,USD
in_000006869,cus_000000500559,2025-01-14,2139.79,paid,USD
in_000006870,cus_000000500559,2026-01-13,2263.08,paid,USD
in_000006871,cus_000000500560,2024-12-31,2426.97,paid,USD
in_000006872,cus_000000500560,2025-12-30,2132.07,paid,USD
in_000006873,cus_000000500561,2023-06-07,418.76,paid,USD
in_000006874,cus_000000500561,2023-07-05,418.25,paid,USD
in_000006875,cus_000000500561,2023-08-05,427.27,paid,USD
in_000006876,cus_000000500561,2023-09-02,369.80,paid,USD
in_000006877,cus_000000500561,2023-10-02,441.85,paid,USD
in_000006878,cus_000000500561,2023-10-31,392.12,paid,USD
in_000006879,cus_000000500561,2023-12-03,379.50,paid,USD
in_000006880,cus_000000500561,2023-12-31,403.93,paid,USD
in_000006881,cus_000000500561,2024-01-28,389.85,paid,USD
in_000006882,cus_000000500561,2024-02-28,425.97,paid,USD
in_000006883,cus_000000500561,2024-03-31,439.50,paid,USD
in_000006884,cus_000000500561,2024-04-27,365.85,paid,USD
in_000006885,cus_000000500561,2024-05-28,444.46,paid,USD
in_000006886,cus_000000500561,2024-06-30,380.90,paid,USD
in_000006887,cus_000000500561,2024-07-31,391.85,paid,USD
in_000006888,cus_000000500561,2024-08-30,422.72,paid,USD
in_000006889,cus_000000500561,2024-09-30,423.36,void,USD
in_000006890,cus_000000500561,2024-11-02,412.03,paid,USD
in_000006891,cus_000000500561,2024-12-02,433.43,paid,USD
in_000006892,cus_000000500561,2025-01-04,435.06,paid,USD
in_000006893,cus_000000500561,2025-02-04,366.19,refunded,USD
in_000006894,cus_000000500561,2025-03-07,365.78,paid,USD
in_000006895,cus_000000500561,2025-04-07,406.41,paid,USD
in_000006896,cus_000000500561,2025-05-04,436.13,paid,USD
in_000006897,cus_000000500561,2025-06-06,427.38,paid,USD
in_000006898,cus_000000500561,2025-07-03,387.51,paid,USD
in_000006899,cus_000000500561,2025-08-01,424.85,paid,USD
in_000006900,cus_000000500561,2025-08-29,408.94,paid,USD
in_000006901,cus_000000500561,2025-09-27,374.92,paid,USD
in_000006902,cus_000000500561,2025-10-26,372.44,paid,USD
in_000006903,cus_000000500561,2025-11-23,411.42,paid,USD
in_000006904,cus_000000500561,2025-12-20,416.88,paid,USD
in_000006905,cus_000000500561,2026-01-20,442.19,paid,USD
in_000006906,cus_000000500561,2026-02-18,387.60,paid,USD
in_000006907,cus_000000500561,2026-03-19,393.38,paid,USD
in_000006908,cus_000000500561,2026-04-19,388.56,paid,USD
in_000006909,cus_000000500561,2026-05-22,382.31,paid,USD
in_000006910,cus_000000500561,2026-06-22,431.67,paid,USD
in_000006911,cus_000000500561,2026-07-24,413.28,paid,USD
in_000006912,cus_000000500562,2024-09-21,50158.97,paid,USD
in_000006913,cus_000000500562,2025-09-20,60017.75,paid,USD
in_000006914,cus_000000500563,2023-12-20,1323.43,paid,USD
in_000006915,cus_000000500563,2024-01-18,1207.31,paid,USD
in_000006916,cus_000000500563,2024-02-18,1290.05,paid,USD
in_000006917,cus_000000500563,2024-03-17,1177.17,paid,USD
in_000006918,cus_000000500563,2024-04-18,1218.95,paid,USD
in_000006919,cus_000000500563,2024-05-18,1383.08,paid,USD
in_000006920,cus_000000500563,2024-06-15,1155.12,paid,USD
in_000006921,cus_000000500563,2024-07-17,1180.26,paid,USD
in_000006922,cus_000000500563,2024-08-17,1337.07,refunded,USD
in_000006923,cus_000000500563,2024-09-13,1276.87,paid,USD
in_000006924,cus_000000500563,2024-10-16,1340.96,paid,USD
in_000006925,cus_000000500563,2024-11-14,1278.66,paid,USD
in_000006926,cus_000000500563,2024-12-16,1372.26,paid,USD
in_000006927,cus_000000500563,2025-01-17,1301.85,paid,USD
in_000006928,cus_000000500563,2025-02-16,1262.58,refunded,USD
in_000006929,cus_000000500563,2025-03-18,1280.90,paid,USD
in_000006930,cus_000000500563,2025-04-14,1350.79,paid,USD
in_000006931,cus_000000500563,2025-05-12,1306.28,paid,USD
in_000006932,cus_000000500563,2025-06-12,1349.22,paid,USD
in_000006933,cus_000000500563,2025-07-10,1270.38,paid,USD
in_000006934,cus_000000500563,2025-08-12,1310.60,paid,USD
in_000006935,cus_000000500563,2025-09-14,1314.22,paid,USD
in_000006936,cus_000000500563,2025-10-14,1257.33,paid,USD
in_000006937,cus_000000500563,2025-11-15,1352.71,paid,USD
in_000006938,cus_000000500563,2025-12-13,1198.97,paid,USD
in_000006939,cus_000000500563,2026-01-13,1247.45,paid,USD
in_000006940,cus_000000500563,2026-02-15,1230.17,paid,USD
in_000006941,cus_000000500563,2026-03-18,1308.83,paid,USD
in_000006942,cus_000000500563,2026-04-15,1233.57,paid,USD
in_000006943,cus_000000500563,2026-05-14,1164.31,paid,USD
in_000006944,cus_000000500563,2026-06-11,1158.72,paid,USD
in_000006945,cus_000000500563,2026-07-12,1294.60,paid,USD
in_000006946,cus_000000500563,2026-08-08,1153.75,paid,USD
in_000006947,cus_000000500564,2025-08-12,7293.38,paid,USD
in_000006948,cus_000000500564,2025-09-09,7456.69,paid,USD
in_000006949,cus_000000500564,2025-10-08,7852.93,paid,USD
in_000006950,cus_000000500564,2025-11-06,7929.90,paid,USD
in_000006951,cus_000000500564,2025-12-08,7746.58,paid,USD
in_000006952,cus_000000500564,2026-01-07,8721.68,paid,USD
in_000006953,cus_000000500564,2026-02-04,7368.48,paid,USD
in_000006954,cus_000000500564,2026-03-05,7951.53,paid,USD
in_000006955,cus_000000500564,2026-04-07,8273.45,paid,USD
in_000006956,cus_000000500564,2026-05-09,8095.27,paid,USD
in_000006957,cus_000000500564,2026-06-06,7670.02,paid,USD
in_000006958,cus_000000500564,2026-07-04,7692.36,paid,USD
in_000006959,cus_000000500564,2026-08-04,8260.86,paid,USD
in_000006960,cus_000000500565,2023-12-09,3892.11,paid,USD
in_000006961,cus_000000500565,2024-12-09,3866.56,paid,USD
in_000006962,cus_000000500565,2025-12-06,3281.31,paid,USD
in_000006963,cus_000000500566,2025-12-16,60038.26,paid,USD
in_000006964,cus_000000500567,2024-07-24,2043.03,paid,USD
in_000006965,cus_000000500567,2024-08-23,2158.71,paid,USD
in_000006966,cus_000000500567,2024-09-20,2070.63,paid,USD
in_000006967,cus_000000500567,2024-10-17,2463.58,paid,USD
in_000006968,cus_000000500567,2024-11-18,2167.60,paid,USD
in_000006969,cus_000000500567,2024-12-15,2362.85,paid,USD
in_000006970,cus_000000500567,2025-01-16,2451.37,paid,USD
in_000006971,cus_000000500567,2025-02-14,2299.15,paid,USD
in_000006972,cus_000000500567,2025-03-19,2074.42,paid,USD
in_000006973,cus_000000500567,2025-04-19,2191.62,paid,USD
in_000006974,cus_000000500567,2025-05-19,2163.96,paid,USD
in_000006975,cus_000000500567,2025-06-16,2303.15,paid,USD
in_000006976,cus_000000500567,2025-07-16,2147.02,paid,USD
in_000006977,cus_000000500567,2025-08-14,2205.76,paid,USD
in_000006978,cus_000000500567,2025-09-12,2208.12,paid,USD
in_000006979,cus_000000500567,2025-10-09,2083.34,paid,USD
in_000006980,cus_000000500567,2025-11-10,2143.39,paid,USD
in_000006981,cus_000000500567,2025-12-13,2222.38,refunded,USD
in_000006982,cus_000000500567,2026-01-15,2372.88,paid,USD
in_000006983,cus_000000500567,2026-02-11,2071.39,paid,USD
in_000006984,cus_000000500568,2023-07-12,2750.21,paid,USD
in_000006985,cus_000000500568,2024-07-09,2464.67,paid,USD
in_000006986,cus_000000500568,2025-07-11,2707.42,paid,USD
in_000006987,cus_000000500568,2026-07-13,2753.09,paid,USD
in_000006988,cus_000000500569,2023-07-31,111394.03,paid,USD
in_000006989,cus_000000500569,2024-08-01,102215.38,paid,USD
in_000006990,cus_000000500569,2025-08-04,100725.30,paid,USD
in_000006991,cus_000000500569,2026-08-06,100598.27,paid,USD
in_000006992,cus_000000500571,2025-02-12,198.65,paid,USD
in_000006993,cus_000000500571,2025-03-14,199.37,paid,USD
in_000006994,cus_000000500571,2025-04-15,221.99,paid,USD
in_000006995,cus_000000500571,2025-05-14,207.60,paid,USD
in_000006996,cus_000000500571,2025-06-14,204.45,paid,USD
in_000006997,cus_000000500571,2025-07-15,235.16,paid,USD
in_000006998,cus_000000500571,2025-08-13,236.67,paid,USD
in_000006999,cus_000000500571,2025-09-14,213.86,paid,USD
in_000007000,cus_000000500571,2025-10-13,227.47,paid,USD
in_000007001,cus_000000500571,2025-11-10,199.39,paid,USD
in_000007002,cus_000000500571,2025-12-08,241.49,paid,USD
in_000007003,cus_000000500571,2026-01-06,236.73,paid,USD
in_000007004,cus_000000500571,2026-02-06,234.56,paid,USD
in_000007005,cus_000000500571,2026-03-06,231.97,paid,USD
in_000007006,cus_000000500571,2026-04-05,208.97,paid,USD
in_000007007,cus_000000500571,2026-05-06,220.30,paid,USD
in_000007008,cus_000000500571,2026-06-02,237.98,paid,USD
in_000007009,cus_000000500571,2026-07-01,214.44,paid,USD
in_000007010,cus_000000500571,2026-08-02,212.41,paid,USD
in_000007011,cus_000000500572,2023-02-19,310.57,paid,USD
in_000007012,cus_000000500572,2023-03-22,278.24,paid,USD
in_000007013,cus_000000500572,2023-04-24,316.40,paid,USD
in_000007014,cus_000000500572,2023-05-21,302.00,paid,USD
in_000007015,cus_000000500572,2023-06-21,326.56,paid,USD
in_000007016,cus_000000500572,2023-07-20,304.50,paid,USD
in_000007017,cus_000000500572,2023-08-16,270.75,paid,USD
in_000007018,cus_000000500572,2023-09-15,309.33,paid,USD
in_000007019,cus_000000500572,2023-10-18,308.89,paid,USD
in_000007020,cus_000000500572,2023-11-20,297.20,void,USD
in_000007021,cus_000000500572,2023-12-18,297.53,paid,USD
in_000007022,cus_000000500572,2024-01-18,324.96,paid,USD
in_000007023,cus_000000500572,2024-02-14,283.23,paid,USD
in_000007024,cus_000000500572,2024-03-13,282.43,paid,USD
in_000007025,cus_000000500572,2024-04-09,308.10,paid,USD
in_000007026,cus_000000500572,2024-05-07,294.73,paid,USD
in_000007027,cus_000000500572,2024-06-03,312.28,paid,USD
in_000007028,cus_000000500572,2024-07-02,280.42,paid,USD
in_000007029,cus_000000500572,2024-07-30,323.89,paid,USD
in_000007030,cus_000000500572,2024-08-30,281.16,paid,USD
in_000007031,cus_000000500572,2024-10-01,304.08,paid,USD
in_000007032,cus_000000500572,2024-10-28,319.83,paid,USD
in_000007033,cus_000000500572,2024-11-29,310.28,paid,USD
in_000007034,cus_000000500572,2024-12-28,296.78,paid,USD
in_000007035,cus_000000500572,2025-01-25,292.29,paid,USD
in_000007036,cus_000000500572,2025-02-23,272.47,paid,USD
in_000007037,cus_000000500572,2025-03-24,308.37,paid,USD
in_000007038,cus_000000500572,2025-04-26,308.17,paid,USD
in_000007039,cus_000000500572,2025-05-29,307.66,paid,USD
in_000007040,cus_000000500572,2025-06-30,275.36,paid,USD
in_000007041,cus_000000500572,2025-07-27,320.74,paid,USD
in_000007042,cus_000000500572,2025-08-28,315.77,paid,USD
in_000007043,cus_000000500572,2025-09-27,277.62,paid,USD
in_000007044,cus_000000500572,2025-10-29,275.17,paid,USD
in_000007045,cus_000000500572,2025-11-25,292.53,paid,USD
in_000007046,cus_000000500572,2025-12-25,288.46,paid,USD
in_000007047,cus_000000500572,2026-01-25,283.26,paid,USD
in_000007048,cus_000000500572,2026-02-23,283.48,paid,USD
in_000007049,cus_000000500572,2026-03-24,326.70,paid,USD
in_000007050,cus_000000500572,2026-04-25,300.43,paid,USD
in_000007051,cus_000000500572,2026-05-25,316.07,paid,USD
in_000007052,cus_000000500572,2026-06-27,310.51,paid,USD
in_000007053,cus_000000500572,2026-07-25,283.81,paid,USD
in_000007054,cus_000000500573,2024-01-24,1153.47,paid,USD
in_000007055,cus_000000500573,2024-02-23,1299.45,paid,USD
in_000007056,cus_000000500573,2024-03-23,1197.13,paid,USD
in_000007057,cus_000000500573,2024-04-20,1168.22,void,USD
in_000007058,cus_000000500573,2024-05-20,1213.86,paid,USD
in_000007059,cus_000000500573,2024-06-21,1240.92,paid,USD
in_000007060,cus_000000500573,2024-07-20,1179.89,paid,USD
in_000007061,cus_000000500573,2024-08-20,1159.01,paid,USD
in_000007062,cus_000000500573,2024-09-22,1222.67,paid,USD
in_000007063,cus_000000500573,2024-10-22,1257.85,paid,USD
in_000007064,cus_000000500573,2024-11-19,1233.65,paid,USD
in_000007065,cus_000000500573,2024-12-17,1372.12,paid,USD
in_000007066,cus_000000500573,2025-01-14,1260.21,paid,USD
in_000007067,cus_000000500573,2025-02-15,1389.46,paid,USD
in_000007068,cus_000000500573,2025-03-20,1342.35,void,USD
in_000007069,cus_000000500573,2025-04-21,1334.60,refunded,USD
in_000007070,cus_000000500573,2025-05-22,1171.04,paid,USD
in_000007071,cus_000000500573,2025-06-21,1304.08,paid,USD
in_000007072,cus_000000500573,2025-07-23,1209.36,paid,USD
in_000007073,cus_000000500573,2025-08-24,1193.20,paid,USD
in_000007074,cus_000000500573,2025-09-25,1171.05,paid,USD
in_000007075,cus_000000500573,2025-10-28,1335.57,paid,USD
in_000007076,cus_000000500573,2025-11-28,1295.75,paid,USD
in_000007077,cus_000000500573,2025-12-29,1209.95,paid,USD
in_000007078,cus_000000500573,2026-01-31,1400.87,paid,USD
in_000007079,cus_000000500573,2026-03-04,1382.49,paid,USD
in_000007080,cus_000000500573,2026-04-04,1237.93,paid,USD
in_000007081,cus_000000500573,2026-05-02,1310.11,paid,USD
in_000007082,cus_000000500573,2026-06-02,1334.73,paid,USD
in_000007083,cus_000000500573,2026-06-30,1180.85,paid,USD
in_000007084,cus_000000500573,2026-07-31,1355.99,paid,USD
in_000007085,cus_000000500574,2023-10-05,16193.84,paid,USD
in_000007086,cus_000000500574,2024-10-05,15834.05,paid,USD
in_000007087,cus_000000500574,2025-10-04,14586.54,paid,USD
in_000007088,cus_000000500575,2026-06-04,2646.42,paid,USD
in_000007089,cus_000000500575,2026-07-05,2624.70,paid,USD
in_000007090,cus_000000500575,2026-08-07,2803.97,paid,USD
in_000007091,cus_000000500576,2022-11-02,698.15,paid,USD
in_000007092,cus_000000500576,2022-12-03,677.74,void,USD
in_000007093,cus_000000500576,2023-01-03,641.37,paid,USD
in_000007094,cus_000000500576,2023-02-03,695.29,paid,USD
in_000007095,cus_000000500576,2023-03-06,758.54,paid,USD
in_000007096,cus_000000500576,2023-04-04,632.64,paid,USD
in_000007097,cus_000000500576,2023-05-04,677.00,paid,USD
in_000007098,cus_000000500576,2023-06-06,735.76,paid,USD
in_000007099,cus_000000500576,2023-07-08,659.52,paid,USD
in_000007100,cus_000000500576,2023-08-09,720.53,paid,USD
in_000007101,cus_000000500576,2023-09-09,632.31,paid,USD
in_000007102,cus_000000500576,2023-10-09,742.36,paid,USD
in_000007103,cus_000000500576,2023-11-09,660.76,paid,USD
in_000007104,cus_000000500576,2023-12-08,633.52,paid,USD
in_000007105,cus_000000500576,2024-01-04,654.16,paid,USD
in_000007106,cus_000000500576,2024-02-02,750.98,paid,USD
in_000007107,cus_000000500576,2024-03-01,630.67,paid,USD
in_000007108,cus_000000500576,2024-04-03,745.34,paid,USD
in_000007109,cus_000000500576,2024-05-03,694.64,paid,USD
in_000007110,cus_000000500576,2024-05-31,678.74,paid,USD
in_000007111,cus_000000500576,2024-06-28,711.34,paid,USD
in_000007112,cus_000000500576,2024-07-26,635.50,paid,USD
in_000007113,cus_000000500576,2024-08-27,704.33,paid,USD
in_000007114,cus_000000500576,2024-09-29,653.62,paid,USD
in_000007115,cus_000000500576,2024-10-26,630.94,paid,USD
in_000007116,cus_000000500576,2024-11-28,719.80,paid,USD
in_000007117,cus_000000500576,2024-12-27,646.46,paid,USD
in_000007118,cus_000000500576,2025-01-23,629.45,paid,USD
in_000007119,cus_000000500576,2025-02-21,696.30,paid,USD
in_000007120,cus_000000500576,2025-03-26,680.15,paid,USD
in_000007121,cus_000000500576,2025-04-26,669.38,paid,USD
in_000007122,cus_000000500576,2025-05-28,670.91,paid,USD
in_000007123,cus_000000500576,2025-06-29,705.69,paid,USD
in_000007124,cus_000000500576,2025-07-26,664.87,paid,USD
in_000007125,cus_000000500576,2025-08-22,668.14,paid,USD
in_000007126,cus_000000500577,2024-01-26,1242.85,paid,USD
in_000007127,cus_000000500577,2024-02-22,1126.88,paid,USD
in_000007128,cus_000000500577,2024-03-21,1065.28,paid,USD
in_000007129,cus_000000500577,2024-04-17,1060.95,paid,USD
in_000007130,cus_000000500577,2024-05-19,1083.67,paid,USD
in_000007131,cus_000000500577,2024-06-15,1103.32,paid,USD
in_000007132,cus_000000500577,2024-07-18,1198.42,void,USD
in_000007133,cus_000000500577,2024-08-15,1088.51,paid,USD
in_000007134,cus_000000500577,2024-09-16,1041.63,paid,USD
in_000007135,cus_000000500577,2024-10-17,1173.99,paid,USD
in_000007136,cus_000000500577,2024-11-15,1216.89,paid,USD
in_000007137,cus_000000500577,2024-12-15,1224.60,paid,USD
in_000007138,cus_000000500577,2025-01-14,1071.15,paid,USD
in_000007139,cus_000000500577,2025-02-14,1222.76,paid,USD
in_000007140,cus_000000500577,2025-03-15,1226.67,paid,USD
in_000007141,cus_000000500577,2025-04-17,1118.30,paid,USD
in_000007142,cus_000000500577,2025-05-17,1173.25,paid,USD
in_000007143,cus_000000500577,2025-06-18,1216.85,paid,USD
in_000007144,cus_000000500577,2025-07-21,1125.49,paid,USD
in_000007145,cus_000000500577,2025-08-18,1093.06,paid,USD
in_000007146,cus_000000500577,2025-09-20,1057.52,paid,USD
in_000007147,cus_000000500577,2025-10-20,1028.90,paid,USD
in_000007148,cus_000000500577,2025-11-19,1055.88,paid,USD
in_000007149,cus_000000500577,2025-12-22,1023.28,paid,USD
in_000007150,cus_000000500577,2026-01-20,1105.30,paid,USD
in_000007151,cus_000000500577,2026-02-17,1243.86,paid,USD
in_000007152,cus_000000500577,2026-03-18,1153.28,paid,USD
in_000007153,cus_000000500577,2026-04-16,1237.50,paid,USD
in_000007154,cus_000000500577,2026-05-19,1081.30,paid,USD
in_000007155,cus_000000500577,2026-06-19,1088.76,paid,USD
in_000007156,cus_000000500577,2026-07-21,1129.58,paid,USD
in_000007157,cus_000000500578,2025-10-24,2423.62,paid,USD
in_000007158,cus_000000500578,2025-11-21,2378.95,paid,USD
in_000007159,cus_000000500578,2025-12-22,2278.10,refunded,USD
in_000007160,cus_000000500578,2026-01-18,2430.18,paid,USD
in_000007161,cus_000000500578,2026-02-15,2457.84,paid,USD
in_000007162,cus_000000500578,2026-03-14,2343.84,paid,USD
in_000007163,cus_000000500578,2026-04-12,2489.83,paid,USD
in_000007164,cus_000000500578,2026-05-14,2456.41,paid,USD
in_000007165,cus_000000500578,2026-06-14,2116.93,refunded,USD
in_000007166,cus_000000500578,2026-07-11,2555.04,refunded,USD
in_000007167,cus_000000500578,2026-08-11,2224.47,paid,USD
in_000007168,cus_000000500579,2025-08-04,820.27,paid,USD
in_000007169,cus_000000500579,2025-08-31,714.84,paid,USD
in_000007170,cus_000000500579,2025-10-03,741.75,void,USD
in_000007171,cus_000000500579,2025-11-05,851.16,paid,USD
in_000007172,cus_000000500579,2025-12-06,862.71,paid,USD
in_000007173,cus_000000500579,2026-01-08,801.42,paid,USD
in_000007174,cus_000000500579,2026-02-04,752.79,paid,USD
in_000007175,cus_000000500579,2026-03-04,801.25,paid,USD
in_000007176,cus_000000500579,2026-04-05,836.86,paid,USD
in_000007177,cus_000000500581,2023-10-13,328.52,paid,USD
in_000007178,cus_000000500581,2023-11-11,305.50,paid,USD
in_000007179,cus_000000500581,2023-12-08,310.81,paid,USD
in_000007180,cus_000000500581,2024-01-09,305.39,paid,USD
in_000007181,cus_000000500581,2024-02-08,302.21,paid,USD
in_000007182,cus_000000500581,2024-03-08,273.23,paid,USD
in_000007183,cus_000000500581,2024-04-05,328.73,paid,USD
in_000007184,cus_000000500581,2024-05-02,285.91,paid,USD
in_000007185,cus_000000500581,2024-05-31,292.54,paid,USD
in_000007186,cus_000000500581,2024-07-01,316.12,paid,USD
in_000007187,cus_000000500581,2024-08-01,290.47,paid,USD
in_000007188,cus_000000500581,2024-09-01,284.98,paid,USD
in_000007189,cus_000000500581,2024-09-28,291.11,paid,USD
in_000007190,cus_000000500581,2024-10-31,328.06,void,USD
in_000007191,cus_000000500581,2024-12-02,293.78,paid,USD
in_000007192,cus_000000500581,2024-12-29,284.71,paid,USD
in_000007193,cus_000000500581,2025-01-25,286.10,paid,USD
in_000007194,cus_000000500581,2025-02-25,277.21,paid,USD
in_000007195,cus_000000500581,2025-03-29,305.17,paid,USD
in_000007196,cus_000000500581,2025-04-26,293.18,paid,USD
in_000007197,cus_000000500581,2025-05-27,311.38,paid,USD
in_000007198,cus_000000500581,2025-06-27,283.47,paid,USD
in_000007199,cus_000000500581,2025-07-25,324.23,paid,USD
in_000007200,cus_000000500581,2025-08-26,278.62,paid,USD
in_000007201,cus_000000500581,2025-09-28,318.77,paid,USD
in_000007202,cus_000000500581,2025-10-30,294.28,paid,USD
in_000007203,cus_000000500581,2025-11-26,270.19,paid,USD
in_000007204,cus_000000500581,2025-12-26,288.03,paid,USD
in_000007205,cus_000000500581,2026-01-26,286.64,paid,USD
in_000007206,cus_000000500581,2026-02-26,329.13,paid,USD
in_000007207,cus_000000500581,2026-03-26,298.28,paid,USD
in_000007208,cus_000000500581,2026-04-28,270.29,paid,USD
in_000007209,cus_000000500581,2026-05-27,277.98,paid,USD
in_000007210,cus_000000500581,2026-06-28,304.75,paid,USD
in_000007211,cus_000000500581,2026-07-26,303.02,paid,USD
in_000007212,cus_000000500583,2025-05-03,4567.32,paid,USD
in_000007213,cus_000000500583,2026-04-30,4382.85,refunded,USD
in_000007214,cus_000000500584,2024-06-24,3371.18,paid,USD
in_000007215,cus_000000500584,2025-06-25,3350.45,paid,USD
in_000007216,cus_000000500584,2026-06-26,3005.12,paid,USD
in_000007217,cus_000000500585,2024-12-09,205.50,paid,USD
in_000007218,cus_000000500585,2025-01-08,209.69,paid,USD
in_000007219,cus_000000500585,2025-02-04,207.95,paid,USD
in_000007220,cus_000000500585,2025-03-05,196.17,paid,USD
in_000007221,cus_000000500585,2025-04-06,228.55,paid,USD
in_000007222,cus_000000500585,2025-05-04,235.96,paid,USD
in_000007223,cus_000000500585,2025-06-06,209.39,paid,USD
in_000007224,cus_000000500585,2025-07-06,231.27,paid,USD
in_000007225,cus_000000500585,2025-08-07,216.00,paid,USD
in_000007226,cus_000000500585,2025-09-09,212.68,paid,USD
in_000007227,cus_000000500585,2025-10-11,213.56,paid,USD
in_000007228,cus_000000500585,2025-11-13,215.24,paid,USD
in_000007229,cus_000000500585,2025-12-12,231.92,paid,USD
in_000007230,cus_000000500585,2026-01-08,201.94,paid,USD
in_000007231,cus_000000500585,2026-02-08,213.45,paid,USD
in_000007232,cus_000000500585,2026-03-13,200.15,paid,USD
in_000007233,cus_000000500585,2026-04-11,233.15,paid,USD
in_000007234,cus_000000500585,2026-05-14,222.18,paid,USD
in_000007235,cus_000000500585,2026-06-11,222.42,paid,USD
in_000007236,cus_000000500585,2026-07-11,229.12,paid,USD
in_000007237,cus_000000500585,2026-08-08,230.39,paid,USD
in_000007238,cus_000000500586,2025-06-24,262.60,paid,USD
in_000007239,cus_000000500586,2025-07-27,280.51,paid,USD
in_000007240,cus_000000500586,2025-08-24,283.45,paid,USD
in_000007241,cus_000000500586,2025-09-20,290.97,refunded,USD
in_000007242,cus_000000500586,2025-10-18,258.09,paid,USD
in_000007243,cus_000000500586,2025-11-16,278.24,paid,USD
in_000007244,cus_000000500586,2025-12-13,287.83,paid,USD
in_000007245,cus_000000500586,2026-01-13,286.14,paid,USD
in_000007246,cus_000000500586,2026-02-12,273.92,paid,USD
in_000007247,cus_000000500586,2026-03-15,257.13,paid,USD
in_000007248,cus_000000500586,2026-04-14,281.33,paid,USD
in_000007249,cus_000000500586,2026-05-11,246.12,paid,USD
in_000007250,cus_000000500586,2026-06-10,265.15,paid,USD
in_000007251,cus_000000500586,2026-07-07,256.08,paid,USD
in_000007252,cus_000000500586,2026-08-07,288.26,paid,USD
in_000007253,cus_000000500587,2023-01-16,1011.20,paid,USD
in_000007254,cus_000000500587,2023-02-16,1053.67,paid,USD
in_000007255,cus_000000500587,2023-03-19,1083.95,paid,USD
in_000007256,cus_000000500587,2023-04-21,1136.95,paid,USD
in_000007257,cus_000000500587,2023-05-24,996.85,paid,USD
in_000007258,cus_000000500587,2023-06-23,1049.24,paid,USD
in_000007259,cus_000000500587,2023-07-20,1081.97,paid,USD
in_000007260,cus_000000500587,2023-08-22,1042.50,paid,USD
in_000007261,cus_000000500587,2023-09-19,1097.83,paid,USD
in_000007262,cus_000000500587,2023-10-20,1008.74,paid,USD
in_000007263,cus_000000500587,2023-11-19,1049.06,paid,USD
in_000007264,cus_000000500587,2023-12-22,963.85,paid,USD
in_000007265,cus_000000500587,2024-01-21,1071.13,paid,USD
in_000007266,cus_000000500587,2024-02-17,1076.75,paid,USD
in_000007267,cus_000000500587,2024-03-17,1099.41,paid,USD
in_000007268,cus_000000500587,2024-04-15,1063.94,paid,USD
in_000007269,cus_000000500587,2024-05-15,1116.31,paid,USD
in_000007270,cus_000000500587,2024-06-13,1100.41,paid,USD
in_000007271,cus_000000500587,2024-07-12,951.34,paid,USD
in_000007272,cus_000000500587,2024-08-13,999.65,paid,USD
in_000007273,cus_000000500587,2024-09-14,1011.57,paid,USD
in_000007274,cus_000000500587,2024-10-17,1114.74,paid,USD
in_000007275,cus_000000500587,2024-11-13,1009.44,paid,USD
in_000007276,cus_000000500587,2024-12-10,1122.12,paid,USD
in_000007277,cus_000000500587,2025-01-06,1063.90,paid,USD
in_000007278,cus_000000500587,2025-02-08,1083.16,paid,USD
in_000007279,cus_000000500587,2025-03-08,995.64,paid,USD
in_000007280,cus_000000500587,2025-04-05,996.33,paid,USD
in_000007281,cus_000000500587,2025-05-03,1103.72,void,USD
in_000007282,cus_000000500587,2025-06-05,971.43,paid,USD
in_000007283,cus_000000500587,2025-07-03,1103.04,paid,USD
in_000007284,cus_000000500587,2025-08-01,990.10,paid,USD
in_000007285,cus_000000500587,2025-08-28,1110.30,paid,USD
in_000007286,cus_000000500587,2025-09-29,1115.15,paid,USD
in_000007287,cus_000000500587,2025-10-26,1028.78,paid,USD
in_000007288,cus_000000500587,2025-11-28,945.49,paid,USD
in_000007289,cus_000000500587,2025-12-31,974.67,paid,USD
in_000007290,cus_000000500587,2026-01-29,1045.93,paid,USD
in_000007291,cus_000000500587,2026-03-02,1126.88,refunded,USD
in_000007292,cus_000000500587,2026-04-03,984.40,paid,USD
in_000007293,cus_000000500587,2026-05-04,1123.06,paid,USD
in_000007294,cus_000000500587,2026-06-04,998.76,paid,USD
in_000007295,cus_000000500587,2026-07-01,1027.92,void,USD
in_000007296,cus_000000500587,2026-07-31,947.12,paid,USD
in_000007297,cus_000000500588,2025-11-03,247.12,paid,USD
in_000007298,cus_000000500588,2025-12-03,273.36,void,USD
in_000007299,cus_000000500588,2025-12-30,241.08,paid,USD
in_000007300,cus_000000500588,2026-01-26,284.42,paid,USD
in_000007301,cus_000000500588,2026-02-25,253.89,paid,USD
in_000007302,cus_000000500588,2026-03-29,257.08,paid,USD
in_000007303,cus_000000500588,2026-04-27,239.03,paid,USD
in_000007304,cus_000000500588,2026-05-30,246.76,paid,USD
in_000007305,cus_000000500588,2026-06-30,262.60,paid,USD
in_000007306,cus_000000500588,2026-07-27,257.41,paid,USD
in_000007307,cus_000000500589,2023-02-27,3933.36,paid,USD
in_000007308,cus_000000500589,2024-02-25,3910.81,paid,USD
in_000007309,cus_000000500589,2025-02-27,3338.37,paid,USD
in_000007310,cus_000000500589,2026-03-02,3562.10,paid,USD
in_000007311,cus_000000500590,2025-03-09,4449.22,paid,USD
in_000007312,cus_000000500590,2025-04-05,4878.60,paid,USD
in_000007313,cus_000000500590,2025-05-08,4416.08,paid,USD
in_000007314,cus_000000500590,2025-06-09,4625.31,refunded,USD
in_000007315,cus_000000500590,2025-07-06,4286.36,paid,USD
in_000007316,cus_000000500590,2025-08-07,4870.28,paid,USD
in_000007317,cus_000000500590,2025-09-04,4464.83,paid,USD
in_000007318,cus_000000500590,2025-10-03,4437.74,paid,USD
in_000007319,cus_000000500590,2025-11-03,4157.05,paid,USD
in_000007320,cus_000000500590,2025-11-30,4761.67,paid,USD
in_000007321,cus_000000500590,2025-12-31,4909.01,paid,USD
in_000007322,cus_000000500590,2026-01-27,4350.89,paid,USD
in_000007323,cus_000000500590,2026-02-26,5010.52,paid,USD
in_000007324,cus_000000500590,2026-03-30,4626.38,paid,USD
in_000007325,cus_000000500590,2026-05-02,4433.76,paid,USD
in_000007326,cus_000000500590,2026-06-03,4557.42,paid,USD
in_000007327,cus_000000500590,2026-07-01,4772.69,paid,USD
in_000007328,cus_000000500590,2026-07-31,4665.67,paid,USD
in_000007329,cus_000000500591,2026-02-11,287.11,paid,USD
in_000007330,cus_000000500591,2026-03-11,318.94,paid,USD
in_000007331,cus_000000500591,2026-04-12,276.07,paid,USD
in_000007332,cus_000000500591,2026-05-12,328.52,paid,USD
in_000007333,cus_000000500591,2026-06-10,283.46,paid,USD
in_000007334,cus_000000500591,2026-07-11,307.16,paid,USD
in_000007335,cus_000000500591,2026-08-08,283.42,paid,USD
in_000007336,cus_000000500593,2023-08-30,1338.67,paid,USD
in_000007337,cus_000000500593,2023-10-02,1264.64,paid,USD
in_000007338,cus_000000500593,2023-10-31,1220.23,paid,USD
in_000007339,cus_000000500593,2023-12-02,1247.27,paid,USD
in_000007340,cus_000000500593,2024-01-03,1353.27,paid,USD
in_000007341,cus_000000500593,2024-02-05,1227.67,paid,USD
in_000007342,cus_000000500593,2024-03-05,1419.34,paid,USD
in_000007343,cus_000000500593,2024-04-06,1314.73,paid,USD
in_000007344,cus_000000500593,2024-05-03,1251.41,paid,USD
in_000007345,cus_000000500593,2024-05-31,1363.58,paid,USD
in_000007346,cus_000000500593,2024-06-28,1282.53,paid,USD
in_000007347,cus_000000500593,2024-07-30,1325.87,paid,USD
in_000007348,cus_000000500593,2024-08-28,1365.81,paid,USD
in_000007349,cus_000000500593,2024-09-24,1436.75,paid,USD
in_000007350,cus_000000500593,2024-10-24,1353.30,paid,USD
in_000007351,cus_000000500593,2024-11-20,1472.71,paid,USD
in_000007352,cus_000000500593,2024-12-17,1288.52,paid,USD
in_000007353,cus_000000500593,2025-01-14,1453.39,paid,USD
in_000007354,cus_000000500593,2025-02-11,1280.85,paid,USD
in_000007355,cus_000000500593,2025-03-10,1359.04,paid,USD
in_000007356,cus_000000500593,2025-04-07,1405.07,paid,USD
in_000007357,cus_000000500593,2025-05-05,1300.95,paid,USD
in_000007358,cus_000000500593,2025-06-02,1220.92,paid,USD
in_000007359,cus_000000500593,2025-07-02,1221.12,paid,USD
in_000007360,cus_000000500593,2025-08-01,1335.77,paid,USD
in_000007361,cus_000000500593,2025-08-28,1412.24,paid,USD
in_000007362,cus_000000500593,2025-09-29,1297.74,paid,USD
in_000007363,cus_000000500593,2025-10-31,1377.76,paid,USD
in_000007364,cus_000000500593,2025-11-29,1321.93,paid,USD
in_000007365,cus_000000500593,2025-12-28,1227.44,paid,USD
in_000007366,cus_000000500593,2026-01-24,1348.94,paid,USD
in_000007367,cus_000000500593,2026-02-23,1333.44,paid,USD
in_000007368,cus_000000500593,2026-03-23,1372.51,paid,USD
in_000007369,cus_000000500593,2026-04-20,1241.57,paid,USD
in_000007370,cus_000000500593,2026-05-20,1313.36,paid,USD
in_000007371,cus_000000500593,2026-06-18,1405.65,paid,USD
in_000007372,cus_000000500593,2026-07-15,1426.10,paid,USD
in_000007373,cus_000000500593,2026-08-15,1423.80,paid,USD
in_000007374,cus_000000500594,2023-01-14,271.18,paid,USD
in_000007375,cus_000000500594,2023-02-16,270.39,paid,USD
in_000007376,cus_000000500594,2023-03-16,272.66,paid,USD
in_000007377,cus_000000500594,2023-04-18,280.87,paid,USD
in_000007378,cus_000000500594,2023-05-20,308.52,paid,USD
in_000007379,cus_000000500594,2023-06-17,322.32,paid,USD
in_000007380,cus_000000500594,2023-07-14,272.60,paid,USD
in_000007381,cus_000000500594,2023-08-15,315.69,paid,USD
in_000007382,cus_000000500594,2023-09-14,285.80,paid,USD
in_000007383,cus_000000500594,2023-10-15,298.08,paid,USD
in_000007384,cus_000000500594,2023-11-11,324.46,paid,USD
in_000007385,cus_000000500594,2023-12-10,274.95,failed,USD
in_000007386,cus_000000500594,2024-01-10,315.72,paid,USD
in_000007387,cus_000000500594,2024-02-09,292.43,paid,USD
in_000007388,cus_000000500594,2024-03-11,326.85,paid,USD
in_000007389,cus_000000500594,2024-04-08,298.12,paid,USD
in_000007390,cus_000000500594,2024-05-07,312.68,paid,USD
in_000007391,cus_000000500594,2024-06-05,316.05,paid,USD
in_000007392,cus_000000500594,2024-07-06,277.39,paid,USD
in_000007393,cus_000000500594,2024-08-07,283.00,paid,USD
in_000007394,cus_000000500594,2024-09-07,329.28,paid,USD
in_000007395,cus_000000500594,2024-10-05,329.95,paid,USD
in_000007396,cus_000000500594,2024-11-01,317.36,paid,USD
in_000007397,cus_000000500594,2024-11-30,274.10,paid,USD
in_000007398,cus_000000500594,2024-12-28,315.96,paid,USD
in_000007399,cus_000000500594,2025-01-28,325.22,paid,USD
in_000007400,cus_000000500594,2025-02-26,325.02,paid,USD
in_000007401,cus_000000500594,2025-03-28,277.52,paid,USD
in_000007402,cus_000000500594,2025-04-30,298.92,void,USD
in_000007403,cus_000000500594,2025-05-29,286.46,paid,USD
in_000007404,cus_000000500594,2025-07-01,329.55,paid,USD
in_000007405,cus_000000500594,2025-07-28,287.03,paid,USD
in_000007406,cus_000000500594,2025-08-25,286.34,paid,USD
in_000007407,cus_000000500594,2025-09-23,326.36,paid,USD
in_000007408,cus_000000500594,2025-10-24,278.50,refunded,USD
in_000007409,cus_000000500594,2025-11-20,329.19,paid,USD
in_000007410,cus_000000500594,2025-12-18,316.59,paid,USD
in_000007411,cus_000000500594,2026-01-19,271.70,paid,USD
in_000007412,cus_000000500594,2026-02-16,292.55,paid,USD
in_000007413,cus_000000500594,2026-03-21,312.05,refunded,USD
in_000007414,cus_000000500594,2026-04-23,270.91,paid,USD
in_000007415,cus_000000500594,2026-05-21,318.07,paid,USD
in_000007416,cus_000000500594,2026-06-17,306.59,paid,USD
in_000007417,cus_000000500594,2026-07-19,287.97,paid,USD
in_000007418,cus_000000500594,2026-08-15,328.40,refunded,USD
in_000007419,cus_000000500595,2023-05-17,2427.24,paid,USD
in_000007420,cus_000000500595,2023-06-13,2560.16,paid,USD
in_000007421,cus_000000500595,2023-07-16,2404.95,paid,USD
in_000007422,cus_000000500595,2023-08-16,2228.82,paid,USD
in_000007423,cus_000000500595,2023-09-13,2441.34,paid,USD
in_000007424,cus_000000500595,2023-10-10,2508.77,paid,USD
in_000007425,cus_000000500595,2023-11-11,2318.10,paid,USD
in_000007426,cus_000000500595,2023-12-10,2268.79,refunded,USD
in_000007427,cus_000000500595,2024-01-09,2174.46,paid,USD
in_000007428,cus_000000500595,2024-02-08,2549.54,paid,USD
in_000007429,cus_000000500595,2024-03-11,2426.31,paid,USD
in_000007430,cus_000000500595,2024-04-10,2434.19,paid,USD
in_000007431,cus_000000500595,2024-05-13,2471.64,paid,USD
in_000007432,cus_000000500595,2024-06-15,2167.03,paid,USD
in_000007433,cus_000000500595,2024-07-15,2368.90,paid,USD
in_000007434,cus_000000500595,2024-08-17,2149.35,paid,USD
in_000007435,cus_000000500595,2024-09-14,2567.47,paid,USD
in_000007436,cus_000000500595,2024-10-15,2187.09,paid,USD
in_000007437,cus_000000500595,2024-11-13,2261.04,paid,USD
in_000007438,cus_000000500595,2024-12-15,2194.45,paid,USD
in_000007439,cus_000000500595,2025-01-14,2611.82,paid,USD
in_000007440,cus_000000500595,2025-02-11,2571.34,paid,USD
in_000007441,cus_000000500595,2025-03-15,2581.98,paid,USD
in_000007442,cus_000000500595,2025-04-11,2505.33,paid,USD
in_000007443,cus_000000500595,2025-05-08,2559.08,paid,USD
in_000007444,cus_000000500595,2025-06-04,2159.66,paid,USD
in_000007445,cus_000000500595,2025-07-01,2274.96,paid,USD
in_000007446,cus_000000500595,2025-08-03,2433.71,paid,USD
in_000007447,cus_000000500595,2025-09-01,2423.27,paid,USD
in_000007448,cus_000000500595,2025-09-28,2568.30,refunded,USD
in_000007449,cus_000000500595,2025-10-25,2553.70,paid,USD
in_000007450,cus_000000500595,2025-11-25,2433.09,paid,USD
in_000007451,cus_000000500595,2025-12-28,2394.40,paid,USD
in_000007452,cus_000000500595,2026-01-26,2571.20,paid,USD
in_000007453,cus_000000500595,2026-02-26,2538.03,paid,USD
in_000007454,cus_000000500598,2026-04-24,3597.23,paid,USD
in_000007455,cus_000000500599,2024-05-27,9175.13,paid,USD
in_000007456,cus_000000500599,2024-06-28,8760.00,paid,USD
in_000007457,cus_000000500599,2024-07-27,8598.73,paid,USD
in_000007458,cus_000000500599,2024-08-28,9955.78,paid,USD
in_000007459,cus_000000500599,2024-09-30,9693.98,paid,USD
in_000007460,cus_000000500599,2024-10-29,8544.73,paid,USD
in_000007461,cus_000000500599,2024-11-26,8626.95,paid,USD
in_000007462,cus_000000500599,2024-12-29,9823.54,paid,USD
in_000007463,cus_000000500599,2025-01-26,8947.23,paid,USD
in_000007464,cus_000000500599,2025-02-24,8298.28,paid,USD
in_000007465,cus_000000500599,2025-03-29,8684.26,paid,USD
in_000007466,cus_000000500599,2025-05-01,8779.88,paid,USD
in_000007467,cus_000000500599,2025-06-01,9955.76,paid,USD
in_000007468,cus_000000500599,2025-06-30,8481.50,paid,USD
in_000007469,cus_000000500599,2025-07-31,9127.07,paid,USD
in_000007470,cus_000000500599,2025-08-29,9566.92,paid,USD
in_000007471,cus_000000500599,2025-09-26,8682.28,paid,USD
in_000007472,cus_000000500599,2025-10-25,8330.87,paid,USD
in_000007473,cus_000000500599,2025-11-26,8441.97,paid,USD
in_000007474,cus_000000500599,2025-12-25,8285.93,paid,USD
in_000007475,cus_000000500599,2026-01-26,9104.99,paid,USD
in_000007476,cus_000000500599,2026-02-26,9768.53,paid,USD
in_000007477,cus_000000500599,2026-03-28,8833.63,refunded,USD
in_000007478,cus_000000500599,2026-04-24,8752.21,paid,USD
in_000007479,cus_000000500599,2026-05-26,9772.19,paid,USD
in_000007480,cus_000000500599,2026-06-28,9004.33,paid,USD
in_000007481,cus_000000500599,2026-07-28,8794.34,paid,USD
in_000007482,cus_000000500600,2023-10-21,741.17,paid,USD
in_000007483,cus_000000500600,2023-11-22,726.83,paid,USD
in_000007484,cus_000000500600,2023-12-24,770.21,paid,USD
in_000007485,cus_000000500600,2024-01-26,798.70,paid,USD
in_000007486,cus_000000500600,2024-02-22,753.09,paid,USD
in_000007487,cus_000000500600,2024-03-26,678.93,paid,USD
in_000007488,cus_000000500600,2024-04-28,704.30,paid,USD
in_000007489,cus_000000500600,2024-05-29,692.94,paid,USD
in_000007490,cus_000000500600,2024-06-28,767.84,paid,USD
in_000007491,cus_000000500600,2024-07-31,727.51,paid,USD
in_000007492,cus_000000500600,2024-08-28,706.85,paid,USD
in_000007493,cus_000000500600,2024-09-24,791.60,paid,USD
in_000007494,cus_000000500600,2024-10-27,743.70,paid,USD
in_000007495,cus_000000500600,2024-11-29,803.28,paid,USD
in_000007496,cus_000000500600,2024-12-27,780.56,paid,USD
in_000007497,cus_000000500600,2025-01-27,732.24,paid,USD
in_000007498,cus_000000500600,2025-02-23,683.13,paid,USD
in_000007499,cus_000000500600,2025-03-23,682.76,paid,USD
in_000007500,cus_000000500600,2025-04-22,758.58,paid,USD
in_000007501,cus_000000500600,2025-05-19,699.37,paid,USD
in_000007502,cus_000000500600,2025-06-21,786.25,paid,USD
in_000007503,cus_000000500600,2025-07-22,765.48,refunded,USD
in_000007504,cus_000000500600,2025-08-23,808.21,paid,USD
in_000007505,cus_000000500600,2025-09-21,694.62,paid,USD
in_000007506,cus_000000500600,2025-10-22,783.96,paid,USD
in_000007507,cus_000000500600,2025-11-19,810.94,paid,USD
in_000007508,cus_000000500600,2025-12-21,818.31,paid,USD
in_000007509,cus_000000500600,2026-01-21,781.40,paid,USD
in_000007510,cus_000000500600,2026-02-23,787.69,paid,USD
in_000007511,cus_000000500600,2026-03-23,777.83,refunded,USD
in_000007512,cus_000000500600,2026-04-20,764.08,paid,USD
in_000007513,cus_000000500600,2026-05-19,825.53,paid,USD
in_000007514,cus_000000500600,2026-06-19,821.27,paid,USD
in_000007515,cus_000000500600,2026-07-17,794.18,failed,USD
in_000007516,cus_000000500600,2026-08-13,785.06,paid,USD
in_000007517,cus_000000500601,2025-07-20,7274.05,paid,USD
in_000007518,cus_000000500602,2025-07-25,395.28,paid,USD
in_000007519,cus_000000500602,2025-08-25,357.76,paid,USD
in_000007520,cus_000000500602,2025-09-24,383.74,paid,USD
in_000007521,cus_000000500602,2025-10-21,326.09,paid,USD
in_000007522,cus_000000500602,2025-11-17,378.21,paid,USD
in_000007523,cus_000000500602,2025-12-14,377.38,paid,USD
in_000007524,cus_000000500602,2026-01-14,340.17,paid,USD
in_000007525,cus_000000500602,2026-02-13,344.52,paid,USD
in_000007526,cus_000000500602,2026-03-13,353.44,paid,USD
in_000007527,cus_000000500602,2026-04-10,377.09,paid,USD
in_000007528,cus_000000500602,2026-05-08,332.73,paid,USD
in_000007529,cus_000000500602,2026-06-05,365.31,paid,USD
in_000007530,cus_000000500602,2026-07-07,393.50,paid,USD
in_000007531,cus_000000500602,2026-08-04,365.76,paid,USD
in_000007532,cus_000000500603,2025-06-09,237.48,paid,USD
in_000007533,cus_000000500603,2025-07-11,265.67,paid,USD
in_000007534,cus_000000500603,2025-08-09,269.56,paid,USD
in_000007535,cus_000000500603,2025-09-09,252.48,paid,USD
in_000007536,cus_000000500603,2025-10-07,267.02,refunded,USD
in_000007537,cus_000000500603,2025-11-06,254.28,paid,USD
in_000007538,cus_000000500603,2025-12-08,245.75,paid,USD
in_000007539,cus_000000500603,2026-01-09,252.36,paid,USD
in_000007540,cus_000000500603,2026-02-08,271.87,paid,USD
in_000007541,cus_000000500603,2026-03-12,255.65,paid,USD
in_000007542,cus_000000500603,2026-04-11,237.26,paid,USD
in_000007543,cus_000000500603,2026-05-11,231.16,paid,USD
in_000007544,cus_000000500603,2026-06-07,261.49,paid,USD
in_000007545,cus_000000500603,2026-07-09,264.38,paid,USD
in_000007546,cus_000000500603,2026-08-10,270.34,paid,USD
in_000007547,cus_000000500604,2023-09-04,2987.50,paid,USD
in_000007548,cus_000000500604,2023-10-03,2819.00,paid,USD
in_000007549,cus_000000500604,2023-11-02,2919.65,paid,USD
in_000007550,cus_000000500604,2023-11-29,2780.36,paid,USD
in_000007551,cus_000000500604,2023-12-28,2700.06,paid,USD
in_000007552,cus_000000500604,2024-01-25,2964.03,void,USD
in_000007553,cus_000000500604,2024-02-21,2954.65,paid,USD
in_000007554,cus_000000500604,2024-03-22,2962.56,paid,USD
in_000007555,cus_000000500604,2024-04-20,2530.99,paid,USD
in_000007556,cus_000000500604,2024-05-22,2921.88,paid,USD
in_000007557,cus_000000500604,2024-06-23,2598.62,paid,USD
in_000007558,cus_000000500604,2024-07-21,2715.90,failed,USD
in_000007559,cus_000000500604,2024-08-22,2482.88,paid,USD
in_000007560,cus_000000500604,2024-09-19,2498.85,paid,USD
in_000007561,cus_000000500604,2024-10-16,2642.58,paid,USD
in_000007562,cus_000000500604,2024-11-13,2622.85,paid,USD
in_000007563,cus_000000500604,2024-12-10,2999.36,paid,USD
in_000007564,cus_000000500604,2025-01-09,2596.45,paid,USD
in_000007565,cus_000000500604,2025-02-10,2636.65,paid,USD
in_000007566,cus_000000500604,2025-03-13,2621.12,paid,USD
in_000007567,cus_000000500604,2025-04-11,2811.21,refunded,USD
in_000007568,cus_000000500604,2025-05-08,2763.82,paid,USD
in_000007569,cus_000000500604,2025-06-09,2812.59,paid,USD
in_000007570,cus_000000500604,2025-07-11,2908.98,paid,USD
in_000007571,cus_000000500604,2025-08-12,2733.11,paid,USD
in_000007572,cus_000000500604,2025-09-14,2494.61,paid,USD
in_000007573,cus_000000500604,2025-10-17,2864.09,paid,USD
in_000007574,cus_000000500604,2025-11-16,2697.31,paid,USD
in_000007575,cus_000000500604,2025-12-17,2916.15,paid,USD
in_000007576,cus_000000500604,2026-01-17,2563.60,paid,USD
in_000007577,cus_000000500604,2026-02-18,2842.33,paid,USD
in_000007578,cus_000000500604,2026-03-17,2545.10,refunded,USD
in_000007579,cus_000000500604,2026-04-18,2800.55,paid,USD
in_000007580,cus_000000500604,2026-05-21,2791.78,paid,USD
in_000007581,cus_000000500604,2026-06-22,2991.90,paid,USD
in_000007582,cus_000000500604,2026-07-19,2561.43,paid,USD
in_000007583,cus_000000500604,2026-08-20,2530.85,paid,USD
in_000007584,cus_000000500605,2026-07-30,1435.28,paid,USD
in_000007585,cus_000000500606,2025-04-19,704.27,paid,USD
in_000007586,cus_000000500606,2025-05-20,755.98,paid,USD
in_000007587,cus_000000500606,2025-06-21,683.68,paid,USD
in_000007588,cus_000000500606,2025-07-21,745.93,failed,USD
in_000007589,cus_000000500606,2025-08-23,684.87,paid,USD
in_000007590,cus_000000500606,2025-09-20,752.27,paid,USD
in_000007591,cus_000000500606,2025-10-20,728.77,paid,USD
in_000007592,cus_000000500606,2025-11-21,772.54,paid,USD
in_000007593,cus_000000500606,2025-12-24,684.10,paid,USD
in_000007594,cus_000000500606,2026-01-26,783.97,paid,USD
in_000007595,cus_000000500606,2026-02-28,745.06,refunded,USD
in_000007596,cus_000000500606,2026-04-02,665.48,paid,USD
in_000007597,cus_000000500606,2026-05-05,742.39,paid,USD
in_000007598,cus_000000500606,2026-06-03,743.02,paid,USD
in_000007599,cus_000000500606,2026-07-02,762.93,paid,USD
in_000007600,cus_000000500606,2026-07-30,778.80,paid,USD
in_000007601,cus_000000500607,2025-03-08,7553.58,paid,USD
in_000007602,cus_000000500607,2025-04-06,8595.56,paid,USD
in_000007603,cus_000000500607,2025-05-09,7489.36,paid,USD
in_000007604,cus_000000500607,2025-06-09,7303.70,paid,USD
in_000007605,cus_000000500607,2025-07-12,7594.68,paid,USD
in_000007606,cus_000000500607,2025-08-13,7711.84,paid,USD
in_000007607,cus_000000500607,2025-09-10,7161.79,paid,USD
in_000007608,cus_000000500607,2025-10-07,8203.72,paid,USD
in_000007609,cus_000000500607,2025-11-05,8493.03,paid,USD
in_000007610,cus_000000500607,2025-12-03,7243.82,paid,USD
in_000007611,cus_000000500607,2025-12-31,8382.40,paid,USD
in_000007612,cus_000000500607,2026-02-02,7688.32,paid,USD
in_000007613,cus_000000500607,2026-03-03,8180.59,paid,USD
in_000007614,cus_000000500607,2026-04-01,7437.81,refunded,USD
in_000007615,cus_000000500607,2026-04-28,8143.58,paid,USD
in_000007616,cus_000000500607,2026-05-28,8526.95,paid,USD
in_000007617,cus_000000500607,2026-06-25,7181.57,paid,USD
in_000007618,cus_000000500607,2026-07-26,8662.96,refunded,USD
in_000007619,cus_000000500608,2024-10-20,2770.03,paid,USD
in_000007620,cus_000000500608,2025-10-18,3249.75,paid,USD
in_000007621,cus_000000500609,2023-05-22,106077.52,paid,USD
in_000007622,cus_000000500609,2024-05-20,97308.76,paid,USD
in_000007623,cus_000000500609,2025-05-20,94166.25,failed,USD
in_000007624,cus_000000500609,2026-05-19,107176.38,paid,USD
in_000007625,cus_000000500610,2026-02-06,87076.81,paid,USD
in_000007626,cus_000000500611,2023-09-15,2548.93,paid,USD
in_000007627,cus_000000500611,2024-09-15,2793.55,paid,USD
in_000007628,cus_000000500611,2025-09-18,2845.91,paid,USD
in_000007629,cus_000000500612,2025-06-01,3953.78,paid,USD
in_000007630,cus_000000500612,2026-05-29,3939.87,paid,USD
in_000007631,cus_000000500613,2023-04-14,2330.42,paid,USD
in_000007632,cus_000000500613,2023-05-12,2088.69,paid,USD
in_000007633,cus_000000500613,2023-06-09,2239.01,paid,USD
in_000007634,cus_000000500613,2023-07-06,1998.10,paid,USD
in_000007635,cus_000000500613,2023-08-04,2048.95,paid,USD
in_000007636,cus_000000500613,2023-09-03,2207.88,paid,USD
in_000007637,cus_000000500613,2023-10-05,2264.55,paid,USD
in_000007638,cus_000000500613,2023-11-04,1944.44,paid,USD
in_000007639,cus_000000500613,2023-12-01,2076.70,paid,USD
in_000007640,cus_000000500613,2024-01-01,2253.74,paid,USD
in_000007641,cus_000000500613,2024-02-03,2279.05,paid,USD
in_000007642,cus_000000500613,2024-03-04,2023.45,paid,USD
in_000007643,cus_000000500613,2024-04-01,2001.37,paid,USD
in_000007644,cus_000000500613,2024-05-03,2207.33,paid,USD
in_000007645,cus_000000500613,2024-06-01,2162.05,paid,USD
in_000007646,cus_000000500613,2024-06-30,2060.36,paid,USD
in_000007647,cus_000000500613,2024-07-29,2092.64,paid,USD
in_000007648,cus_000000500613,2024-08-26,2174.59,paid,USD
in_000007649,cus_000000500613,2024-09-23,2294.61,paid,USD
in_000007650,cus_000000500613,2024-10-21,2035.58,paid,USD
in_000007651,cus_000000500613,2024-11-23,2119.70,paid,USD
in_000007652,cus_000000500613,2024-12-26,1975.87,paid,USD
in_000007653,cus_000000500615,2023-06-26,973.42,paid,USD
in_000007654,cus_000000500615,2023-07-25,1014.01,failed,USD
in_000007655,cus_000000500615,2023-08-25,1108.02,paid,USD
in_000007656,cus_000000500615,2023-09-21,1016.85,paid,USD
in_000007657,cus_000000500615,2023-10-19,996.17,paid,USD
in_000007658,cus_000000500615,2023-11-15,1034.98,paid,USD
in_000007659,cus_000000500615,2023-12-12,1169.62,paid,USD
in_000007660,cus_000000500615,2024-01-09,989.36,refunded,USD
in_000007661,cus_000000500615,2024-02-05,991.85,paid,USD
in_000007662,cus_000000500615,2024-03-08,1101.42,paid,USD
in_000007663,cus_000000500615,2024-04-06,1142.19,paid,USD
in_000007664,cus_000000500615,2024-05-09,1026.78,paid,USD
in_000007665,cus_000000500615,2024-06-05,1117.96,paid,USD
in_000007666,cus_000000500615,2024-07-07,978.94,paid,USD
in_000007667,cus_000000500615,2024-08-08,1114.18,paid,USD
in_000007668,cus_000000500615,2024-09-05,1149.81,paid,USD
in_000007669,cus_000000500615,2024-10-05,1029.32,paid,USD
in_000007670,cus_000000500615,2024-11-02,1090.64,paid,USD
in_000007671,cus_000000500616,2024-07-13,390.84,paid,USD
in_000007672,cus_000000500616,2024-08-15,354.98,paid,USD
in_000007673,cus_000000500616,2024-09-14,416.42,paid,USD
in_000007674,cus_000000500616,2024-10-16,385.36,void,USD
in_000007675,cus_000000500616,2024-11-12,418.72,paid,USD
in_000007676,cus_000000500616,2024-12-12,370.13,paid,USD
in_000007677,cus_000000500616,2025-01-14,425.30,paid,USD
in_000007678,cus_000000500616,2025-02-11,407.38,paid,USD
in_000007679,cus_000000500616,2025-03-11,402.19,failed,USD
in_000007680,cus_000000500616,2025-04-10,398.22,paid,USD
in_000007681,cus_000000500616,2025-05-10,387.70,paid,USD
in_000007682,cus_000000500616,2025-06-12,418.69,paid,USD
in_000007683,cus_000000500616,2025-07-14,374.13,failed,USD
in_000007684,cus_000000500616,2025-08-13,403.88,failed,USD
in_000007685,cus_000000500616,2025-09-13,414.80,paid,USD
in_000007686,cus_000000500616,2025-10-15,413.91,void,USD
in_000007687,cus_000000500616,2025-11-11,357.01,paid,USD
in_000007688,cus_000000500616,2025-12-14,403.59,paid,USD
in_000007689,cus_000000500616,2026-01-11,376.78,paid,USD
in_000007690,cus_000000500616,2026-02-13,427.17,paid,USD
in_000007691,cus_000000500616,2026-03-13,397.80,failed,USD
in_000007692,cus_000000500616,2026-04-15,375.11,paid,USD
in_000007693,cus_000000500616,2026-05-18,384.83,paid,USD
in_000007694,cus_000000500616,2026-06-14,417.58,paid,USD
in_000007695,cus_000000500616,2026-07-13,390.98,paid,USD
in_000007696,cus_000000500616,2026-08-10,429.01,paid,USD
in_000007697,cus_000000500617,2024-10-14,4548.87,paid,USD
in_000007698,cus_000000500617,2024-11-13,4688.84,paid,USD
in_000007699,cus_000000500617,2024-12-10,5234.97,paid,USD
in_000007700,cus_000000500617,2025-01-11,4591.30,paid,USD
in_000007701,cus_000000500617,2025-02-13,4820.30,paid,USD
in_000007702,cus_000000500617,2025-03-15,5120.13,paid,USD
in_000007703,cus_000000500617,2025-04-12,5057.12,paid,USD
in_000007704,cus_000000500617,2025-05-14,4638.73,paid,USD
in_000007705,cus_000000500617,2025-06-12,5157.24,paid,USD
in_000007706,cus_000000500617,2025-07-13,4795.62,refunded,USD
in_000007707,cus_000000500617,2025-08-10,5209.37,paid,USD
in_000007708,cus_000000500617,2025-09-08,4584.66,paid,USD
in_000007709,cus_000000500617,2025-10-11,4794.91,paid,USD
in_000007710,cus_000000500617,2025-11-12,5088.32,paid,USD
in_000007711,cus_000000500617,2025-12-15,5048.91,paid,USD
in_000007712,cus_000000500617,2026-01-13,5168.40,void,USD
in_000007713,cus_000000500617,2026-02-14,4904.29,paid,USD
in_000007714,cus_000000500617,2026-03-16,4766.66,paid,USD
in_000007715,cus_000000500617,2026-04-17,4673.83,paid,USD
in_000007716,cus_000000500617,2026-05-17,4994.03,paid,USD
in_000007717,cus_000000500617,2026-06-19,4371.13,paid,USD
in_000007718,cus_000000500617,2026-07-21,5234.70,paid,USD
in_000007719,cus_000000500617,2026-08-18,4418.71,paid,USD
in_000007720,cus_000000500618,2024-02-23,3907.30,paid,USD
in_000007721,cus_000000500618,2025-02-22,3867.77,paid,USD
in_000007722,cus_000000500618,2026-02-21,3946.17,paid,USD
in_000007723,cus_000000500619,2025-08-16,14150.14,paid,USD
in_000007724,cus_000000500620,2025-07-06,63025.12,paid,USD
in_000007725,cus_000000500620,2026-07-07,65430.18,paid,USD
in_000007726,cus_000000500622,2025-03-04,3385.69,paid,USD
in_000007727,cus_000000500622,2026-03-03,3350.41,paid,USD
in_000007728,cus_000000500623,2025-09-30,91922.40,paid,USD
in_000007729,cus_000000500624,2026-01-05,5392.60,paid,USD
in_000007730,cus_000000500624,2026-02-02,4863.16,paid,USD
in_000007731,cus_000000500624,2026-03-07,5484.86,paid,USD
in_000007732,cus_000000500624,2026-04-06,4772.01,paid,USD
in_000007733,cus_000000500624,2026-05-07,5561.12,paid,USD
in_000007734,cus_000000500624,2026-06-07,4760.03,paid,USD
in_000007735,cus_000000500624,2026-07-08,4831.64,paid,USD
in_000007736,cus_000000500624,2026-08-10,5317.96,paid,USD
in_000007737,cus_000000500625,2025-07-12,1698.81,paid,USD
in_000007738,cus_000000500626,2025-06-27,1729.22,paid,USD
in_000007739,cus_000000500627,2025-07-22,9034.29,paid,USD
in_000007740,cus_000000500627,2025-08-19,9272.48,paid,USD
in_000007741,cus_000000500627,2025-09-19,9198.40,paid,USD
in_000007742,cus_000000500627,2025-10-19,9939.52,paid,USD
in_000007743,cus_000000500627,2025-11-19,8546.19,paid,USD
in_000007744,cus_000000500627,2025-12-20,8599.42,paid,USD
in_000007745,cus_000000500627,2026-01-17,8905.72,refunded,USD
in_000007746,cus_000000500627,2026-02-17,9609.55,paid,USD
in_000007747,cus_000000500627,2026-03-20,9650.56,refunded,USD
in_000007748,cus_000000500627,2026-04-20,9236.22,paid,USD
in_000007749,cus_000000500627,2026-05-22,9903.57,paid,USD
in_000007750,cus_000000500627,2026-06-21,10196.27,paid,USD
in_000007751,cus_000000500627,2026-07-21,8722.07,paid,USD
in_000007752,cus_000000500627,2026-08-20,9433.22,paid,USD
in_000007753,cus_000000500628,2025-10-28,874.51,failed,USD
in_000007754,cus_000000500628,2025-11-29,931.53,paid,USD
in_000007755,cus_000000500629,2024-08-02,310.86,paid,USD
in_000007756,cus_000000500629,2024-08-30,305.39,paid,USD
in_000007757,cus_000000500629,2024-09-28,327.09,paid,USD
in_000007758,cus_000000500629,2024-10-27,298.70,paid,USD
in_000007759,cus_000000500629,2024-11-24,274.30,paid,USD
in_000007760,cus_000000500629,2024-12-25,306.52,paid,USD
in_000007761,cus_000000500629,2025-01-25,282.60,paid,USD
in_000007762,cus_000000500629,2025-02-27,289.98,paid,USD
in_000007763,cus_000000500629,2025-03-28,324.94,paid,USD
in_000007764,cus_000000500629,2025-04-30,324.76,void,USD
in_000007765,cus_000000500629,2025-05-31,273.80,paid,USD
in_000007766,cus_000000500629,2025-06-27,326.15,paid,USD
in_000007767,cus_000000500629,2025-07-29,285.62,paid,USD
in_000007768,cus_000000500629,2025-08-25,306.61,paid,USD
in_000007769,cus_000000500629,2025-09-25,278.87,paid,USD
in_000007770,cus_000000500629,2025-10-25,295.79,paid,USD
in_000007771,cus_000000500629,2025-11-26,320.90,paid,USD
in_000007772,cus_000000500629,2025-12-27,323.81,paid,USD
in_000007773,cus_000000500629,2026-01-29,328.47,refunded,USD
in_000007774,cus_000000500629,2026-02-25,271.47,paid,USD
in_000007775,cus_000000500629,2026-03-24,310.94,paid,USD
in_000007776,cus_000000500629,2026-04-20,329.13,void,USD
in_000007777,cus_000000500629,2026-05-17,311.38,paid,USD
in_000007778,cus_000000500629,2026-06-13,302.92,paid,USD
in_000007779,cus_000000500629,2026-07-11,285.37,paid,USD
in_000007780,cus_000000500629,2026-08-12,306.76,void,USD
in_000007781,cus_000000500631,2026-02-19,2932.55,paid,USD
in_000007782,cus_000000500632,2024-06-07,398.88,paid,USD
in_000007783,cus_000000500632,2024-07-08,417.92,void,USD
in_000007784,cus_000000500632,2024-08-08,388.32,paid,USD
in_000007785,cus_000000500632,2024-09-08,360.35,paid,USD
in_000007786,cus_000000500632,2024-10-06,423.65,paid,USD
in_000007787,cus_000000500632,2024-11-02,366.81,paid,USD
in_000007788,cus_000000500632,2024-12-01,395.86,paid,USD
in_000007789,cus_000000500632,2025-01-03,377.50,paid,USD
in_000007790,cus_000000500632,2025-02-01,384.62,paid,USD
in_000007791,cus_000000500632,2025-03-05,385.93,paid,USD
in_000007792,cus_000000500632,2025-04-02,368.99,paid,USD
in_000007793,cus_000000500632,2025-04-30,412.58,paid,USD
in_000007794,cus_000000500632,2025-05-29,404.46,paid,USD
in_000007795,cus_000000500632,2025-06-26,415.89,refunded,USD
in_000007796,cus_000000500632,2025-07-27,386.77,paid,USD
in_000007797,cus_000000500632,2025-08-27,411.49,void,USD
in_000007798,cus_000000500632,2025-09-24,388.23,paid,USD
in_000007799,cus_000000500632,2025-10-25,413.55,paid,USD
in_000007800,cus_000000500632,2025-11-23,395.80,paid,USD
in_000007801,cus_000000500632,2025-12-26,372.02,paid,USD
in_000007802,cus_000000500632,2026-01-28,392.40,paid,USD
in_000007803,cus_000000500632,2026-02-24,360.83,paid,USD
in_000007804,cus_000000500632,2026-03-27,351.03,paid,USD
in_000007805,cus_000000500632,2026-04-25,353.12,paid,USD
in_000007806,cus_000000500632,2026-05-22,364.71,paid,USD
in_000007807,cus_000000500632,2026-06-20,370.40,paid,USD
in_000007808,cus_000000500632,2026-07-17,378.10,failed,USD
in_000007809,cus_000000500632,2026-08-17,363.25,paid,USD
in_000007810,cus_000000500634,2025-10-31,2261.12,paid,USD
in_000007811,cus_000000500634,2025-11-29,2279.08,paid,USD
in_000007812,cus_000000500635,2024-01-07,297.31,paid,USD
in_000007813,cus_000000500635,2024-02-03,327.18,paid,USD
in_000007814,cus_000000500635,2024-03-01,278.26,paid,USD
in_000007815,cus_000000500635,2024-04-01,274.32,paid,USD
in_000007816,cus_000000500635,2024-04-28,272.31,paid,USD
in_000007817,cus_000000500635,2024-05-27,313.80,paid,USD
in_000007818,cus_000000500635,2024-06-24,314.97,paid,USD
in_000007819,cus_000000500635,2024-07-27,291.46,paid,USD
in_000007820,cus_000000500635,2024-08-26,318.73,paid,USD
in_000007821,cus_000000500635,2024-09-23,300.22,paid,USD
in_000007822,cus_000000500635,2024-10-25,281.82,paid,USD
in_000007823,cus_000000500635,2024-11-21,305.41,paid,USD
in_000007824,cus_000000500635,2024-12-20,302.81,refunded,USD
in_000007825,cus_000000500635,2025-01-19,318.43,paid,USD
in_000007826,cus_000000500635,2025-02-16,289.99,paid,USD
in_000007827,cus_000000500635,2025-03-19,320.99,paid,USD
in_000007828,cus_000000500635,2025-04-20,276.78,paid,USD
in_000007829,cus_000000500635,2025-05-21,304.15,paid,USD
in_000007830,cus_000000500635,2025-06-23,329.75,paid,USD
in_000007831,cus_000000500635,2025-07-26,327.66,paid,USD
in_000007832,cus_000000500635,2025-08-26,308.13,paid,USD
in_000007833,cus_000000500635,2025-09-28,323.22,paid,USD
in_000007834,cus_000000500635,2025-10-28,294.85,paid,USD
in_000007835,cus_000000500635,2025-11-30,292.95,paid,USD
in_000007836,cus_000000500635,2026-01-02,290.73,paid,USD
in_000007837,cus_000000500635,2026-01-29,308.43,paid,USD
in_000007838,cus_000000500635,2026-02-28,272.36,paid,USD
in_000007839,cus_000000500635,2026-03-27,322.92,paid,USD
in_000007840,cus_000000500635,2026-04-28,300.92,paid,USD
in_000007841,cus_000000500635,2026-05-29,286.12,paid,USD
in_000007842,cus_000000500635,2026-06-30,289.87,paid,USD
in_000007843,cus_000000500635,2026-08-01,270.89,paid,USD
in_000007844,cus_000000500636,2023-03-29,346.70,paid,USD
in_000007845,cus_000000500636,2023-04-27,379.28,paid,USD
in_000007846,cus_000000500636,2023-05-30,341.65,paid,USD
in_000007847,cus_000000500636,2023-06-30,331.99,paid,USD
in_000007848,cus_000000500636,2023-08-01,360.40,paid,USD
in_000007849,cus_000000500636,2023-09-01,344.41,paid,USD
in_000007850,cus_000000500636,2023-09-30,372.88,paid,USD
in_000007851,cus_000000500636,2023-10-31,334.10,paid,USD
in_000007852,cus_000000500636,2023-12-01,360.09,paid,USD
in_000007853,cus_000000500636,2024-01-02,365.83,paid,USD
in_000007854,cus_000000500636,2024-01-30,341.98,paid,USD
in_000007855,cus_000000500636,2024-03-03,330.74,paid,USD
in_000007856,cus_000000500636,2024-03-31,377.47,paid,USD
in_000007857,cus_000000500636,2024-04-28,344.74,paid,USD
in_000007858,cus_000000500636,2024-05-28,391.54,paid,USD
in_000007859,cus_000000500636,2024-06-24,357.63,paid,USD
in_000007860,cus_000000500636,2024-07-23,363.09,paid,USD
in_000007861,cus_000000500636,2024-08-20,335.66,paid,USD
in_000007862,cus_000000500636,2024-09-21,367.88,paid,USD
in_000007863,cus_000000500636,2024-10-20,362.72,paid,USD
in_000007864,cus_000000500636,2024-11-18,342.29,paid,USD
in_000007865,cus_000000500636,2024-12-17,367.97,paid,USD
in_000007866,cus_000000500636,2025-01-18,339.29,paid,USD
in_000007867,cus_000000500636,2025-02-16,381.30,paid,USD
in_000007868,cus_000000500636,2025-03-18,385.60,refunded,USD
in_000007869,cus_000000500637,2025-12-09,305.28,paid,USD
in_000007870,cus_000000500637,2026-01-10,271.43,paid,USD
in_000007871,cus_000000500637,2026-02-10,301.81,void,USD
in_000007872,cus_000000500637,2026-03-09,277.34,paid,USD
in_000007873,cus_000000500637,2026-04-08,329.90,paid,USD
in_000007874,cus_000000500637,2026-05-11,319.10,paid,USD
in_000007875,cus_000000500637,2026-06-13,301.96,paid,USD
in_000007876,cus_000000500637,2026-07-15,273.70,paid,USD
in_000007877,cus_000000500637,2026-08-16,327.16,paid,USD
in_000007878,cus_000000500638,2023-01-14,3374.67,paid,USD
in_000007879,cus_000000500638,2024-01-13,3362.17,paid,USD
in_000007880,cus_000000500638,2025-01-14,3647.78,paid,USD
in_000007881,cus_000000500638,2026-01-12,3687.21,paid,USD
in_000007882,cus_000000500639,2026-05-17,298.87,paid,USD
in_000007883,cus_000000500639,2026-06-19,293.85,paid,USD
in_000007884,cus_000000500639,2026-07-19,319.29,paid,USD
in_000007885,cus_000000500639,2026-08-18,277.06,paid,USD
in_000007886,cus_000000500640,2025-10-13,4913.84,paid,USD
in_000007887,cus_000000500640,2025-11-12,4784.23,refunded,USD
in_000007888,cus_000000500640,2025-12-09,4750.85,paid,USD
in_000007889,cus_000000500640,2026-01-09,5603.22,paid,USD
in_000007890,cus_000000500640,2026-02-10,4907.79,paid,USD
in_000007891,cus_000000500640,2026-03-12,5508.39,paid,USD
in_000007892,cus_000000500640,2026-04-11,5344.02,paid,USD
in_000007893,cus_000000500640,2026-05-14,5478.96,paid,USD
in_000007894,cus_000000500640,2026-06-12,5347.59,paid,USD
in_000007895,cus_000000500640,2026-07-12,5516.11,paid,USD
in_000007896,cus_000000500640,2026-08-10,5371.48,paid,USD
in_000007897,cus_000000500641,2024-10-12,3904.91,paid,USD
in_000007898,cus_000000500641,2025-10-11,3795.03,paid,USD
in_000007899,cus_000000500642,2023-03-29,302.17,paid,USD
in_000007900,cus_000000500642,2023-04-28,309.03,paid,USD
in_000007901,cus_000000500642,2023-05-30,289.43,paid,USD
in_000007902,cus_000000500642,2023-06-26,321.74,paid,USD
in_000007903,cus_000000500642,2023-07-27,278.71,paid,USD
in_000007904,cus_000000500642,2023-08-29,305.74,paid,USD
in_000007905,cus_000000500642,2023-09-25,321.21,paid,USD
in_000007906,cus_000000500642,2023-10-28,313.92,paid,USD
in_000007907,cus_000000500642,2023-11-28,328.54,paid,USD
in_000007908,cus_000000500642,2023-12-30,278.89,paid,USD
in_000007909,cus_000000500642,2024-01-31,310.44,paid,USD
in_000007910,cus_000000500642,2024-03-04,311.06,paid,USD
in_000007911,cus_000000500642,2024-04-03,275.16,refunded,USD
in_000007912,cus_000000500642,2024-05-02,312.84,paid,USD
in_000007913,cus_000000500642,2024-05-30,292.50,paid,USD
in_000007914,cus_000000500642,2024-07-01,326.38,paid,USD
in_000007915,cus_000000500642,2024-08-03,296.16,paid,USD
in_000007916,cus_000000500642,2024-08-30,306.04,paid,USD
in_000007917,cus_000000500642,2024-09-29,271.84,paid,USD
in_000007918,cus_000000500642,2024-10-31,315.40,paid,USD
in_000007919,cus_000000500642,2024-12-03,321.06,paid,USD
in_000007920,cus_000000500642,2025-01-03,277.43,paid,USD
in_000007921,cus_000000500642,2025-02-01,327.31,paid,USD
in_000007922,cus_000000500642,2025-03-02,316.62,paid,USD
in_000007923,cus_000000500642,2025-04-02,286.62,paid,USD
in_000007924,cus_000000500642,2025-04-29,302.65,paid,USD
in_000007925,cus_000000500642,2025-05-29,296.71,paid,USD
in_000007926,cus_000000500642,2025-06-26,327.93,paid,USD
in_000007927,cus_000000500642,2025-07-26,320.10,void,USD
in_000007928,cus_000000500642,2025-08-22,287.17,paid,USD
in_000007929,cus_000000500642,2025-09-23,325.00,paid,USD
in_000007930,cus_000000500642,2025-10-25,305.57,paid,USD
in_000007931,cus_000000500642,2025-11-22,280.71,paid,USD
in_000007932,cus_000000500642,2025-12-25,313.45,paid,USD
in_000007933,cus_000000500642,2026-01-24,293.36,paid,USD
in_000007934,cus_000000500642,2026-02-25,309.35,paid,USD
in_000007935,cus_000000500642,2026-03-25,284.24,paid,USD
in_000007936,cus_000000500642,2026-04-25,323.85,paid,USD
in_000007937,cus_000000500642,2026-05-22,281.52,paid,USD
in_000007938,cus_000000500642,2026-06-24,283.08,paid,USD
in_000007939,cus_000000500642,2026-07-26,314.27,paid,USD
in_000007940,cus_000000500643,2023-11-01,9971.55,paid,USD
in_000007941,cus_000000500643,2023-12-03,9632.04,paid,USD
in_000007942,cus_000000500643,2023-12-30,9097.75,paid,USD
in_000007943,cus_000000500643,2024-01-30,9130.16,paid,USD
in_000007944,cus_000000500643,2024-02-27,10563.41,void,USD
in_000007945,cus_000000500643,2024-03-25,9723.18,paid,USD
in_000007946,cus_000000500643,2024-04-27,10683.74,paid,USD
in_000007947,cus_000000500643,2024-05-27,10192.92,paid,USD
in_000007948,cus_000000500643,2024-06-24,9302.25,paid,USD
in_000007949,cus_000000500643,2024-07-24,9290.02,paid,USD
in_000007950,cus_000000500643,2024-08-20,9208.71,paid,USD
in_000007951,cus_000000500643,2024-09-19,10658.43,paid,USD
in_000007952,cus_000000500643,2024-10-16,10783.03,paid,USD
in_000007953,cus_000000500643,2024-11-12,9850.11,paid,USD
in_000007954,cus_000000500643,2024-12-13,9270.33,paid,USD
in_000007955,cus_000000500643,2025-01-14,9575.77,paid,USD
in_000007956,cus_000000500643,2025-02-15,10283.30,paid,USD
in_000007957,cus_000000500643,2025-03-20,9564.93,paid,USD
in_000007958,cus_000000500643,2025-04-22,9186.39,refunded,USD
in_000007959,cus_000000500643,2025-05-24,9555.23,paid,USD
in_000007960,cus_000000500643,2025-06-22,9860.12,paid,USD
in_000007961,cus_000000500643,2025-07-20,10017.71,paid,USD
in_000007962,cus_000000500643,2025-08-16,9191.38,paid,USD
in_000007963,cus_000000500643,2025-09-17,10186.47,paid,USD
in_000007964,cus_000000500643,2025-10-14,9004.22,paid,USD
in_000007965,cus_000000500643,2025-11-14,10594.84,paid,USD
in_000007966,cus_000000500643,2025-12-17,9707.68,paid,USD
in_000007967,cus_000000500643,2026-01-19,9988.84,paid,USD
in_000007968,cus_000000500643,2026-02-19,9766.64,paid,USD
in_000007969,cus_000000500643,2026-03-23,10754.65,paid,USD
in_000007970,cus_000000500643,2026-04-22,10558.73,paid,USD
in_000007971,cus_000000500643,2026-05-24,9431.42,paid,USD
in_000007972,cus_000000500643,2026-06-23,9305.81,paid,USD
in_000007973,cus_000000500643,2026-07-22,9847.26,paid,USD
in_000007974,cus_000000500644,2024-08-21,3804.76,paid,USD
in_000007975,cus_000000500645,2025-08-23,330.30,paid,USD
in_000007976,cus_000000500645,2025-09-22,401.21,paid,USD
in_000007977,cus_000000500645,2025-10-24,381.30,paid,USD
in_000007978,cus_000000500645,2025-11-22,337.22,paid,USD
in_000007979,cus_000000500645,2025-12-24,352.10,paid,USD
in_000007980,cus_000000500645,2026-01-22,383.51,paid,USD
in_000007981,cus_000000500645,2026-02-18,364.32,paid,USD
in_000007982,cus_000000500645,2026-03-20,379.27,paid,USD
in_000007983,cus_000000500645,2026-04-21,354.81,refunded,USD
in_000007984,cus_000000500645,2026-05-22,374.67,paid,USD
in_000007985,cus_000000500645,2026-06-19,382.55,paid,USD
in_000007986,cus_000000500645,2026-07-22,366.69,paid,USD
in_000007987,cus_000000500646,2024-04-10,95804.62,paid,USD
in_000007988,cus_000000500646,2025-04-13,102132.02,paid,USD
in_000007989,cus_000000500646,2026-04-15,90472.04,paid,USD
in_000007990,cus_000000500647,2023-12-05,3987.87,paid,USD
in_000007991,cus_000000500647,2024-01-04,4556.09,void,USD
in_000007992,cus_000000500647,2024-02-01,4523.32,paid,USD
in_000007993,cus_000000500647,2024-03-01,4534.08,paid,USD
in_000007994,cus_000000500647,2024-03-31,4455.90,paid,USD
in_000007995,cus_000000500647,2024-04-30,4005.38,paid,USD
in_000007996,cus_000000500647,2024-05-29,3899.05,paid,USD
in_000007997,cus_000000500647,2024-06-30,4158.82,paid,USD
in_000007998,cus_000000500647,2024-08-02,4239.85,paid,USD
in_000007999,cus_000000500647,2024-08-31,4295.78,paid,USD
in_000008000,cus_000000500647,2024-09-28,4080.24,paid,USD
in_000008001,cus_000000500647,2024-10-27,4515.83,paid,USD
in_000008002,cus_000000500647,2024-11-27,4091.05,paid,USD
in_000008003,cus_000000500647,2024-12-30,4073.93,paid,USD
in_000008004,cus_000000500647,2025-01-30,4375.64,paid,USD
in_000008005,cus_000000500647,2025-03-04,4458.19,paid,USD
in_000008006,cus_000000500647,2025-04-01,4532.46,paid,USD
in_000008007,cus_000000500647,2025-05-03,4384.59,paid,USD
in_000008008,cus_000000500647,2025-06-04,4464.63,paid,USD
in_000008009,cus_000000500647,2025-07-05,4499.89,paid,USD
in_000008010,cus_000000500647,2025-08-02,4243.94,paid,USD
in_000008011,cus_000000500647,2025-09-04,4532.14,refunded,USD
in_000008012,cus_000000500647,2025-10-04,4249.97,paid,USD
in_000008013,cus_000000500647,2025-11-01,4556.51,paid,USD
in_000008014,cus_000000500647,2025-11-30,4217.80,paid,USD
in_000008015,cus_000000500647,2025-12-27,4000.66,paid,USD
in_000008016,cus_000000500647,2026-01-28,4399.46,paid,USD
in_000008017,cus_000000500647,2026-02-27,4449.93,paid,USD
in_000008018,cus_000000500647,2026-03-30,4406.10,paid,USD
in_000008019,cus_000000500647,2026-05-01,4399.29,paid,USD
in_000008020,cus_000000500647,2026-05-31,4030.73,paid,USD
in_000008021,cus_000000500647,2026-07-03,4604.77,paid,USD
in_000008022,cus_000000500647,2026-08-05,4421.42,paid,USD
in_000008023,cus_000000500648,2024-02-03,5782.26,paid,USD
in_000008024,cus_000000500648,2024-03-05,5283.66,paid,USD
in_000008025,cus_000000500648,2024-04-05,5410.47,paid,USD
in_000008026,cus_000000500648,2024-05-04,5262.27,paid,USD
in_000008027,cus_000000500648,2024-06-06,4908.91,void,USD
in_000008028,cus_000000500648,2024-07-06,4761.71,paid,USD
in_000008029,cus_000000500648,2024-08-02,5119.86,paid,USD
in_000008030,cus_000000500648,2024-09-04,5138.08,paid,USD
in_000008031,cus_000000500648,2024-10-03,5306.94,paid,USD
in_000008032,cus_000000500648,2024-11-01,5033.22,paid,USD
in_000008033,cus_000000500648,2024-11-29,5078.19,paid,USD
in_000008034,cus_000000500648,2024-12-27,4813.82,paid,USD
in_000008035,cus_000000500648,2025-01-26,5126.45,paid,USD
in_000008036,cus_000000500648,2025-02-23,5545.30,paid,USD
in_000008037,cus_000000500648,2025-03-28,4801.53,paid,USD
in_000008038,cus_000000500648,2025-04-29,5152.13,paid,USD
in_000008039,cus_000000500648,2025-05-29,4816.81,paid,USD
in_000008040,cus_000000500648,2025-06-29,5192.38,paid,USD
in_000008041,cus_000000500648,2025-07-28,5448.21,paid,USD
in_000008042,cus_000000500648,2025-08-27,5177.08,paid,USD
in_000008043,cus_000000500648,2025-09-23,4956.22,paid,USD
in_000008044,cus_000000500648,2025-10-24,5719.73,paid,USD
in_000008045,cus_000000500648,2025-11-24,5542.94,paid,USD
in_000008046,cus_000000500648,2025-12-27,5300.36,paid,USD
in_000008047,cus_000000500648,2026-01-23,4778.01,paid,USD
in_000008048,cus_000000500648,2026-02-20,5472.78,paid,USD
in_000008049,cus_000000500648,2026-03-23,4794.40,paid,USD
in_000008050,cus_000000500648,2026-04-19,5080.58,paid,USD
in_000008051,cus_000000500648,2026-05-21,5462.05,paid,USD
in_000008052,cus_000000500648,2026-06-19,5273.83,paid,USD
in_000008053,cus_000000500648,2026-07-17,5783.88,paid,USD
in_000008054,cus_000000500648,2026-08-17,5495.58,paid,USD
in_000008055,cus_000000500649,2024-10-28,196.97,paid,USD
in_000008056,cus_000000500649,2024-11-24,201.70,paid,USD
in_000008057,cus_000000500649,2024-12-21,215.07,paid,USD
in_000008058,cus_000000500649,2025-01-20,196.66,paid,USD
in_000008059,cus_000000500649,2025-02-19,235.88,paid,USD
in_000008060,cus_000000500649,2025-03-20,207.08,paid,USD
in_000008061,cus_000000500649,2025-04-21,202.32,paid,USD
in_000008062,cus_000000500649,2025-05-21,221.57,paid,USD
in_000008063,cus_000000500649,2025-06-20,210.15,paid,USD
in_000008064,cus_000000500649,2025-07-19,232.37,void,USD
in_000008065,cus_000000500649,2025-08-16,211.13,paid,USD
in_000008066,cus_000000500649,2025-09-17,227.86,paid,USD
in_000008067,cus_000000500649,2025-10-19,221.69,refunded,USD
in_000008068,cus_000000500649,2025-11-17,198.42,paid,USD
in_000008069,cus_000000500649,2025-12-19,207.23,paid,USD
in_000008070,cus_000000500649,2026-01-19,215.34,paid,USD
in_000008071,cus_000000500649,2026-02-19,213.27,paid,USD
in_000008072,cus_000000500649,2026-03-22,206.34,paid,USD
in_000008073,cus_000000500649,2026-04-21,220.57,paid,USD
in_000008074,cus_000000500649,2026-05-21,227.18,paid,USD
in_000008075,cus_000000500649,2026-06-23,201.13,paid,USD
in_000008076,cus_000000500649,2026-07-24,228.44,paid,USD
in_000008077,cus_000000500650,2025-01-05,3614.37,refunded,USD
in_000008078,cus_000000500650,2026-01-05,3113.02,paid,USD
in_000008079,cus_000000500651,2024-10-19,327.44,paid,USD
in_000008080,cus_000000500651,2024-11-17,299.14,paid,USD
in_000008081,cus_000000500651,2024-12-19,308.17,paid,USD
in_000008082,cus_000000500651,2025-01-17,314.50,paid,USD
in_000008083,cus_000000500651,2025-02-17,285.30,paid,USD
in_000008084,cus_000000500651,2025-03-22,281.47,paid,USD
in_000008085,cus_000000500651,2025-04-19,303.71,paid,USD
in_000008086,cus_000000500651,2025-05-18,314.09,paid,USD
in_000008087,cus_000000500653,2026-04-05,889.24,paid,USD
in_000008088,cus_000000500653,2026-05-05,774.15,paid,USD
in_000008089,cus_000000500653,2026-06-01,821.96,paid,USD
in_000008090,cus_000000500653,2026-07-02,855.34,paid,USD
in_000008091,cus_000000500653,2026-08-01,760.44,paid,USD
in_000008092,cus_000000500654,2023-04-07,302.37,paid,USD
in_000008093,cus_000000500654,2023-05-04,312.50,paid,USD
in_000008094,cus_000000500654,2023-06-02,278.55,paid,USD
in_000008095,cus_000000500654,2023-06-30,310.84,paid,USD
in_000008096,cus_000000500654,2023-08-02,290.97,paid,USD
in_000008097,cus_000000500654,2023-09-03,296.22,paid,USD
in_000008098,cus_000000500654,2023-09-30,312.43,void,USD
in_000008099,cus_000000500654,2023-11-02,311.74,paid,USD
in_000008100,cus_000000500654,2023-12-04,314.90,paid,USD
in_000008101,cus_000000500654,2023-12-31,274.17,paid,USD
in_000008102,cus_000000500654,2024-02-02,291.02,paid,USD
in_000008103,cus_000000500654,2024-02-29,301.01,paid,USD
in_000008104,cus_000000500654,2024-03-30,305.94,paid,USD
in_000008105,cus_000000500654,2024-04-26,318.31,paid,USD
in_000008106,cus_000000500654,2024-05-23,300.09,paid,USD
in_000008107,cus_000000500654,2024-06-22,281.83,refunded,USD
in_000008108,cus_000000500654,2024-07-20,272.09,paid,USD
in_000008109,cus_000000500654,2024-08-20,314.97,paid,USD
in_000008110,cus_000000500654,2024-09-16,285.62,paid,USD
in_000008111,cus_000000500654,2024-10-15,280.77,refunded,USD
in_000008112,cus_000000500654,2024-11-16,288.91,paid,USD
in_000008113,cus_000000500654,2024-12-16,304.95,paid,USD
in_000008114,cus_000000500654,2025-01-13,275.97,paid,USD
in_000008115,cus_000000500654,2025-02-12,325.95,paid,USD
in_000008116,cus_000000500654,2025-03-12,328.31,paid,USD
in_000008117,cus_000000500654,2025-04-13,288.74,paid,USD
in_000008118,cus_000000500654,2025-05-12,273.64,paid,USD
in_000008119,cus_000000500654,2025-06-10,324.46,paid,USD
in_000008120,cus_000000500654,2025-07-11,276.58,paid,USD
in_000008121,cus_000000500654,2025-08-11,299.29,paid,USD
in_000008122,cus_000000500654,2025-09-09,271.65,paid,USD
in_000008123,cus_000000500654,2025-10-06,289.22,paid,USD
in_000008124,cus_000000500654,2025-11-06,289.19,paid,USD
in_000008125,cus_000000500654,2025-12-06,294.55,paid,USD
in_000008126,cus_000000500654,2026-01-06,286.72,paid,USD
in_000008127,cus_000000500654,2026-02-03,302.65,paid,USD
in_000008128,cus_000000500654,2026-03-03,292.56,paid,USD
in_000008129,cus_000000500654,2026-04-02,284.48,paid,USD
in_000008130,cus_000000500654,2026-04-29,290.43,paid,USD
in_000008131,cus_000000500654,2026-05-30,299.21,paid,USD
in_000008132,cus_000000500654,2026-06-27,328.79,paid,USD
in_000008133,cus_000000500654,2026-07-25,290.86,paid,USD
in_000008134,cus_000000500655,2025-05-16,308.92,paid,USD
in_000008135,cus_000000500655,2025-06-18,296.08,paid,USD
in_000008136,cus_000000500655,2025-07-18,303.23,paid,USD
in_000008137,cus_000000500655,2025-08-18,309.02,paid,USD
in_000008138,cus_000000500655,2025-09-18,306.53,paid,USD
in_000008139,cus_000000500655,2025-10-17,301.29,paid,USD
in_000008140,cus_000000500655,2025-11-16,318.24,paid,USD
in_000008141,cus_000000500655,2025-12-19,325.27,paid,USD
in_000008142,cus_000000500655,2026-01-21,301.72,paid,USD
in_000008143,cus_000000500655,2026-02-21,327.64,paid,USD
in_000008144,cus_000000500655,2026-03-25,307.05,paid,USD
in_000008145,cus_000000500656,2023-05-04,292.91,paid,USD
in_000008146,cus_000000500656,2023-06-02,275.78,paid,USD
in_000008147,cus_000000500656,2023-06-30,293.99,refunded,USD
in_000008148,cus_000000500656,2023-07-31,267.49,paid,USD
in_000008149,cus_000000500656,2023-08-30,308.61,paid,USD
in_000008150,cus_000000500656,2023-09-28,285.37,paid,USD
in_000008151,cus_000000500656,2023-10-30,300.85,paid,USD
in_000008152,cus_000000500656,2023-11-26,263.27,refunded,USD
in_000008153,cus_000000500656,2023-12-27,274.38,paid,USD
in_000008154,cus_000000500656,2024-01-26,278.75,paid,USD
in_000008155,cus_000000500656,2024-02-23,292.46,paid,USD
in_000008156,cus_000000500656,2024-03-27,290.38,paid,USD
in_000008157,cus_000000500656,2024-04-24,266.73,paid,USD
in_000008158,cus_000000500656,2024-05-22,262.25,paid,USD
in_000008159,cus_000000500656,2024-06-23,258.73,paid,USD
in_000008160,cus_000000500656,2024-07-20,291.01,paid,USD
in_000008161,cus_000000500656,2024-08-18,295.88,paid,USD
in_000008162,cus_000000500656,2024-09-18,277.79,paid,USD
in_000008163,cus_000000500656,2024-10-21,274.16,paid,USD
in_000008164,cus_000000500656,2024-11-18,307.65,paid,USD
in_000008165,cus_000000500656,2024-12-17,262.99,paid,USD
in_000008166,cus_000000500656,2025-01-14,272.26,paid,USD
in_000008167,cus_000000500656,2025-02-10,281.67,paid,USD
in_000008168,cus_000000500656,2025-03-13,267.85,paid,USD
in_000008169,cus_000000500656,2025-04-11,291.64,paid,USD
in_000008170,cus_000000500656,2025-05-14,268.18,paid,USD
in_000008171,cus_000000500656,2025-06-13,304.15,paid,USD
in_000008172,cus_000000500656,2025-07-10,266.18,paid,USD
in_000008173,cus_000000500656,2025-08-10,294.18,paid,USD
in_000008174,cus_000000500656,2025-09-07,282.96,paid,USD
in_000008175,cus_000000500657,2023-10-17,11666.46,paid,USD
in_000008176,cus_000000500657,2024-10-13,13495.63,paid,USD
in_000008177,cus_000000500657,2025-10-15,12113.86,paid,USD
in_000008178,cus_000000500658,2025-04-23,123221.18,paid,USD
in_000008179,cus_000000500659,2024-01-13,198.17,refunded,USD
in_000008180,cus_000000500659,2024-02-15,219.56,paid,USD
in_000008181,cus_000000500659,2024-03-13,213.55,paid,USD
in_000008182,cus_000000500659,2024-04-09,197.54,paid,USD
in_000008183,cus_000000500659,2024-05-09,201.29,paid,USD
in_000008184,cus_000000500659,2024-06-10,215.94,paid,USD
in_000008185,cus_000000500659,2024-07-10,210.75,paid,USD
in_000008186,cus_000000500659,2024-08-07,234.18,paid,USD
in_000008187,cus_000000500659,2024-09-06,203.51,paid,USD
in_000008188,cus_000000500659,2024-10-08,229.15,void,USD
in_000008189,cus_000000500659,2024-11-10,197.08,paid,USD
in_000008190,cus_000000500659,2024-12-11,223.02,paid,USD
in_000008191,cus_000000500659,2025-01-12,195.11,paid,USD
in_000008192,cus_000000500659,2025-02-13,212.49,paid,USD
in_000008193,cus_000000500659,2025-03-14,195.28,refunded,USD
in_000008194,cus_000000500659,2025-04-15,232.37,paid,USD
in_000008195,cus_000000500659,2025-05-13,225.57,paid,USD
in_000008196,cus_000000500659,2025-06-09,214.77,paid,USD
in_000008197,cus_000000500659,2025-07-11,234.54,paid,USD
in_000008198,cus_000000500659,2025-08-10,209.94,paid,USD
in_000008199,cus_000000500659,2025-09-06,197.00,paid,USD
in_000008200,cus_000000500659,2025-10-09,201.05,paid,USD
in_000008201,cus_000000500659,2025-11-05,216.42,paid,USD
in_000008202,cus_000000500659,2025-12-03,217.72,paid,USD
in_000008203,cus_000000500659,2026-01-02,234.86,paid,USD
in_000008204,cus_000000500659,2026-02-03,204.41,paid,USD
in_000008205,cus_000000500659,2026-03-02,200.26,paid,USD
in_000008206,cus_000000500659,2026-04-01,231.07,paid,USD
in_000008207,cus_000000500659,2026-05-03,220.04,paid,USD
in_000008208,cus_000000500659,2026-05-30,229.77,paid,USD
in_000008209,cus_000000500659,2026-06-26,197.13,refunded,USD
in_000008210,cus_000000500659,2026-07-25,236.72,paid,USD
in_000008211,cus_000000500660,2024-10-31,3818.94,paid,USD
in_000008212,cus_000000500660,2025-10-29,3811.25,paid,USD
in_000008213,cus_000000500662,2023-04-11,1162.06,paid,USD
in_000008214,cus_000000500662,2023-05-10,1169.17,refunded,USD
in_000008215,cus_000000500662,2023-06-12,1250.50,paid,USD
in_000008216,cus_000000500662,2023-07-13,1140.25,paid,USD
in_000008217,cus_000000500662,2023-08-12,1183.00,paid,USD
in_000008218,cus_000000500662,2023-09-12,1198.14,paid,USD
in_000008219,cus_000000500662,2023-10-14,1386.18,paid,USD
in_000008220,cus_000000500662,2023-11-13,1277.47,paid,USD
in_000008221,cus_000000500662,2023-12-11,1344.92,paid,USD
in_000008222,cus_000000500662,2024-01-10,1325.03,paid,USD
in_000008223,cus_000000500662,2024-02-11,1322.67,paid,USD
in_000008224,cus_000000500662,2024-03-12,1143.25,paid,USD
in_000008225,cus_000000500662,2024-04-10,1144.43,paid,USD
in_000008226,cus_000000500662,2024-05-13,1387.93,paid,USD
in_000008227,cus_000000500662,2024-06-13,1161.42,paid,USD
in_000008228,cus_000000500662,2024-07-15,1363.35,paid,USD
in_000008229,cus_000000500662,2024-08-17,1258.79,paid,USD
in_000008230,cus_000000500662,2024-09-14,1146.28,paid,USD
in_000008231,cus_000000500662,2024-10-13,1317.98,paid,USD
in_000008232,cus_000000500662,2024-11-11,1267.71,paid,USD
in_000008233,cus_000000500662,2024-12-08,1206.46,paid,USD
in_000008234,cus_000000500662,2025-01-10,1271.08,paid,USD
in_000008235,cus_000000500662,2025-02-09,1304.52,paid,USD
in_000008236,cus_000000500662,2025-03-13,1224.01,paid,USD
in_000008237,cus_000000500662,2025-04-14,1237.09,failed,USD
in_000008238,cus_000000500662,2025-05-17,1388.69,paid,USD
in_000008239,cus_000000500662,2025-06-17,1342.72,paid,USD
in_000008240,cus_000000500662,2025-07-18,1205.78,paid,USD
in_000008241,cus_000000500662,2025-08-14,1147.49,paid,USD
in_000008242,cus_000000500662,2025-09-14,1212.30,paid,USD
in_000008243,cus_000000500662,2025-10-16,1291.35,paid,USD
in_000008244,cus_000000500662,2025-11-16,1149.67,paid,USD
in_000008245,cus_000000500662,2025-12-19,1272.87,paid,USD
in_000008246,cus_000000500662,2026-01-21,1177.06,paid,USD
in_000008247,cus_000000500662,2026-02-18,1315.04,paid,USD
in_000008248,cus_000000500662,2026-03-19,1209.49,paid,USD
in_000008249,cus_000000500662,2026-04-15,1337.76,paid,USD
in_000008250,cus_000000500662,2026-05-15,1159.11,paid,USD
in_000008251,cus_000000500662,2026-06-13,1370.01,paid,USD
in_000008252,cus_000000500662,2026-07-16,1299.95,paid,USD
in_000008253,cus_000000500662,2026-08-15,1329.48,paid,USD
in_000008254,cus_000000500663,2025-04-30,3458.17,paid,USD
in_000008255,cus_000000500663,2026-04-30,3668.59,paid,USD
in_000008256,cus_000000500664,2023-12-23,328.27,paid,USD
in_000008257,cus_000000500664,2024-01-25,316.39,refunded,USD
in_000008258,cus_000000500664,2024-02-26,281.14,paid,USD
in_000008259,cus_000000500664,2024-03-27,299.24,paid,USD
in_000008260,cus_000000500664,2024-04-28,293.00,paid,USD
in_000008261,cus_000000500664,2024-05-31,276.28,paid,USD
in_000008262,cus_000000500664,2024-07-01,320.01,paid,USD
in_000008263,cus_000000500664,2024-07-29,327.55,paid,USD
in_000008264,cus_000000500664,2024-08-29,310.63,failed,USD
in_000008265,cus_000000500664,2024-09-30,295.03,paid,USD
in_000008266,cus_000000500664,2024-10-30,318.77,refunded,USD
in_000008267,cus_000000500664,2024-11-27,272.02,paid,USD
in_000008268,cus_000000500664,2024-12-30,298.81,paid,USD
in_000008269,cus_000000500664,2025-01-29,305.39,paid,USD
in_000008270,cus_000000500664,2025-03-02,311.99,paid,USD
in_000008271,cus_000000500664,2025-04-03,310.52,paid,USD
in_000008272,cus_000000500664,2025-05-04,312.87,paid,USD
in_000008273,cus_000000500664,2025-06-05,278.79,paid,USD
in_000008274,cus_000000500664,2025-07-02,288.49,paid,USD
in_000008275,cus_000000500664,2025-07-30,313.95,paid,USD
in_000008276,cus_000000500664,2025-08-27,270.57,paid,USD
in_000008277,cus_000000500664,2025-09-28,286.50,paid,USD
in_000008278,cus_000000500664,2025-10-29,292.35,paid,USD
in_000008279,cus_000000500664,2025-11-26,278.29,paid,USD
in_000008280,cus_000000500664,2025-12-29,319.12,refunded,USD
in_000008281,cus_000000500664,2026-01-27,290.93,paid,USD
in_000008282,cus_000000500664,2026-02-25,320.24,paid,USD
in_000008283,cus_000000500664,2026-03-29,272.53,paid,USD
in_000008284,cus_000000500664,2026-04-27,308.47,paid,USD
in_000008285,cus_000000500664,2026-05-26,325.82,paid,USD
in_000008286,cus_000000500664,2026-06-28,276.74,refunded,USD
in_000008287,cus_000000500664,2026-07-25,293.68,paid,USD
in_000008288,cus_000000500666,2023-05-26,329.41,paid,USD
in_000008289,cus_000000500666,2023-06-26,325.34,paid,USD
in_000008290,cus_000000500666,2023-07-27,291.15,paid,USD
in_000008291,cus_000000500666,2023-08-28,273.09,void,USD
in_000008292,cus_000000500666,2023-09-27,278.25,paid,USD
in_000008293,cus_000000500666,2023-10-30,323.43,paid,USD
in_000008294,cus_000000500666,2023-12-01,329.77,paid,USD
in_000008295,cus_000000500666,2023-12-28,270.14,paid,USD
in_000008296,cus_000000500666,2024-01-27,294.40,paid,USD
in_000008297,cus_000000500666,2024-02-26,317.34,failed,USD
in_000008298,cus_000000500666,2024-03-29,303.28,paid,USD
in_000008299,cus_000000500666,2024-05-01,312.48,paid,USD
in_000008300,cus_000000500666,2024-05-29,294.96,paid,USD
in_000008301,cus_000000500666,2024-06-29,279.08,paid,USD
in_000008302,cus_000000500666,2024-07-29,299.56,void,USD
in_000008303,cus_000000500666,2024-08-31,297.65,paid,USD
in_000008304,cus_000000500666,2024-09-30,301.76,paid,USD
in_000008305,cus_000000500666,2024-11-02,324.72,paid,USD
in_000008306,cus_000000500666,2024-12-02,272.91,paid,USD
in_000008307,cus_000000500666,2025-01-01,313.86,paid,USD
in_000008308,cus_000000500666,2025-02-01,298.55,paid,USD
in_000008309,cus_000000500666,2025-03-04,311.01,paid,USD
in_000008310,cus_000000500666,2025-04-03,301.20,paid,USD
in_000008311,cus_000000500666,2025-05-03,283.55,paid,USD
in_000008312,cus_000000500666,2025-06-01,286.91,paid,USD
in_000008313,cus_000000500666,2025-06-28,316.65,paid,USD
in_000008314,cus_000000500666,2025-07-31,292.68,refunded,USD
in_000008315,cus_000000500666,2025-08-30,314.63,paid,USD
in_000008316,cus_000000500666,2025-09-27,311.29,paid,USD
in_000008317,cus_000000500666,2025-10-27,322.83,paid,USD
in_000008318,cus_000000500666,2025-11-23,302.33,paid,USD
in_000008319,cus_000000500666,2025-12-23,279.87,paid,USD
in_000008320,cus_000000500667,2023-01-04,62802.14,paid,USD
in_000008321,cus_000000500667,2024-01-07,62338.14,refunded,USD
in_000008322,cus_000000500667,2025-01-07,58415.97,paid,USD
in_000008323,cus_000000500668,2023-10-03,400.70,paid,USD
in_000008324,cus_000000500668,2023-11-05,429.87,paid,USD
in_000008325,cus_000000500668,2023-12-06,439.59,refunded,USD
in_000008326,cus_000000500668,2024-01-06,378.29,paid,USD
in_000008327,cus_000000500668,2024-02-04,394.98,paid,USD
in_000008328,cus_000000500668,2024-03-02,421.19,paid,USD
in_000008329,cus_000000500668,2024-04-01,428.25,void,USD
in_000008330,cus_000000500668,2024-05-01,444.12,paid,USD
in_000008331,cus_000000500668,2024-06-02,412.41,paid,USD
in_000008332,cus_000000500668,2024-07-02,432.29,paid,USD
in_000008333,cus_000000500668,2024-08-03,417.16,paid,USD
in_000008334,cus_000000500668,2024-08-30,400.89,paid,USD
in_000008335,cus_000000500668,2024-09-29,366.11,paid,USD
in_000008336,cus_000000500668,2024-10-29,441.66,paid,USD
in_000008337,cus_000000500668,2024-12-01,429.10,paid,USD
in_000008338,cus_000000500668,2024-12-28,392.64,paid,USD
in_000008339,cus_000000500668,2025-01-29,414.33,paid,USD
in_000008340,cus_000000500668,2025-03-03,411.30,paid,USD
in_000008341,cus_000000500668,2025-04-03,366.83,paid,USD
in_000008342,cus_000000500668,2025-05-04,416.88,paid,USD
in_000008343,cus_000000500668,2025-06-01,434.26,paid,USD
in_000008344,cus_000000500668,2025-07-03,381.43,paid,USD
in_000008345,cus_000000500668,2025-08-01,380.21,paid,USD
in_000008346,cus_000000500668,2025-09-01,403.77,paid,USD
in_000008347,cus_000000500668,2025-10-02,405.30,paid,USD
in_000008348,cus_000000500668,2025-10-30,424.00,paid,USD
in_000008349,cus_000000500668,2025-11-30,394.23,paid,USD
in_000008350,cus_000000500668,2025-12-29,428.26,paid,USD
in_000008351,cus_000000500668,2026-01-28,433.10,paid,USD
in_000008352,cus_000000500668,2026-02-24,367.03,paid,USD
in_000008353,cus_000000500668,2026-03-26,413.59,paid,USD
in_000008354,cus_000000500668,2026-04-28,396.51,paid,USD
in_000008355,cus_000000500668,2026-05-30,434.33,paid,USD
in_000008356,cus_000000500668,2026-06-26,417.66,paid,USD
in_000008357,cus_000000500668,2026-07-24,397.14,paid,USD
in_000008358,cus_000000500669,2025-08-22,1227.12,paid,USD
in_000008359,cus_000000500669,2025-09-22,1166.31,paid,USD
in_000008360,cus_000000500669,2025-10-21,1220.56,paid,USD
in_000008361,cus_000000500669,2025-11-19,1273.98,paid,USD
in_000008362,cus_000000500669,2025-12-17,1230.59,paid,USD
in_000008363,cus_000000500669,2026-01-13,1107.80,paid,USD
in_000008364,cus_000000500669,2026-02-10,1138.33,paid,USD
in_000008365,cus_000000500669,2026-03-15,1216.23,paid,USD
in_000008366,cus_000000500669,2026-04-15,1234.99,void,USD
in_000008367,cus_000000500669,2026-05-16,1241.04,paid,USD
in_000008368,cus_000000500669,2026-06-18,1206.67,paid,USD
in_000008369,cus_000000500669,2026-07-16,1195.52,paid,USD
in_000008370,cus_000000500669,2026-08-15,1268.57,paid,USD
in_000008371,cus_000000500670,2025-01-21,283.97,paid,USD
in_000008372,cus_000000500670,2025-02-20,282.98,paid,USD
in_000008373,cus_000000500670,2025-03-23,272.70,paid,USD
in_000008374,cus_000000500670,2025-04-24,274.18,paid,USD
in_000008375,cus_000000500670,2025-05-26,323.39,paid,USD
in_000008376,cus_000000500670,2025-06-25,272.81,paid,USD
in_000008377,cus_000000500670,2025-07-28,279.14,paid,USD
in_000008378,cus_000000500670,2025-08-27,325.53,paid,USD
in_000008379,cus_000000500670,2025-09-24,295.02,paid,USD
in_000008380,cus_000000500670,2025-10-22,299.32,paid,USD
in_000008381,cus_000000500670,2025-11-24,302.39,paid,USD
in_000008382,cus_000000500670,2025-12-22,305.25,paid,USD
in_000008383,cus_000000500670,2026-01-22,300.42,paid,USD
in_000008384,cus_000000500670,2026-02-22,328.60,paid,USD
in_000008385,cus_000000500670,2026-03-27,272.30,paid,USD
in_000008386,cus_000000500670,2026-04-27,276.58,paid,USD
in_000008387,cus_000000500670,2026-05-29,286.43,paid,USD
in_000008388,cus_000000500670,2026-06-27,301.72,paid,USD
in_000008389,cus_000000500670,2026-07-27,308.86,paid,USD
in_000008390,cus_000000500671,2024-04-03,3603.90,paid,USD
in_000008391,cus_000000500671,2025-03-31,3720.31,paid,USD
in_000008392,cus_000000500671,2026-04-01,3580.83,paid,USD
in_000008393,cus_000000500673,2025-03-09,281.31,paid,USD
in_000008394,cus_000000500675,2024-07-13,2146.62,paid,USD
in_000008395,cus_000000500675,2024-08-15,2543.70,paid,USD
in_000008396,cus_000000500675,2024-09-15,2605.67,refunded,USD
in_000008397,cus_000000500675,2024-10-16,2431.54,paid,USD
in_000008398,cus_000000500675,2024-11-15,2493.15,paid,USD
in_000008399,cus_000000500675,2024-12-12,2456.97,void,USD
in_000008400,cus_000000500675,2025-01-12,2583.49,paid,USD
in_000008401,cus_000000500675,2025-02-08,2480.32,paid,USD
in_000008402,cus_000000500675,2025-03-09,2331.82,paid,USD
in_000008403,cus_000000500675,2025-04-07,2354.13,paid,USD
in_000008404,cus_000000500675,2025-05-09,2151.64,paid,USD
in_000008405,cus_000000500675,2025-06-11,2369.22,paid,USD
in_000008406,cus_000000500675,2025-07-09,2603.20,paid,USD
in_000008407,cus_000000500675,2025-08-11,2604.48,paid,USD
in_000008408,cus_000000500675,2025-09-09,2366.02,paid,USD
in_000008409,cus_000000500675,2025-10-06,2201.40,paid,USD
in_000008410,cus_000000500675,2025-11-03,2508.66,paid,USD
in_000008411,cus_000000500675,2025-11-30,2180.46,paid,USD
in_000008412,cus_000000500675,2025-12-30,2168.18,paid,USD
in_000008413,cus_000000500675,2026-02-01,2253.03,paid,USD
in_000008414,cus_000000500675,2026-03-02,2377.76,paid,USD
in_000008415,cus_000000500675,2026-04-01,2149.48,paid,USD
in_000008416,cus_000000500675,2026-04-29,2371.67,paid,USD
in_000008417,cus_000000500675,2026-05-26,2346.83,paid,USD
in_000008418,cus_000000500675,2026-06-23,2351.79,paid,USD
in_000008419,cus_000000500675,2026-07-20,2154.64,paid,USD
in_000008420,cus_000000500676,2024-04-01,1067.38,failed,USD
in_000008421,cus_000000500676,2024-04-30,1030.60,paid,USD
in_000008422,cus_000000500676,2024-05-30,1004.12,paid,USD
in_000008423,cus_000000500676,2024-06-27,1016.77,paid,USD
in_000008424,cus_000000500676,2024-07-29,1092.41,paid,USD
in_000008425,cus_000000500676,2024-08-25,1140.96,paid,USD
in_000008426,cus_000000500676,2024-09-26,1160.69,paid,USD
in_000008427,cus_000000500676,2024-10-25,1067.44,paid,USD
in_000008428,cus_000000500676,2024-11-26,1005.70,paid,USD
in_000008429,cus_000000500676,2024-12-26,1067.04,paid,USD
in_000008430,cus_000000500676,2025-01-27,1053.95,paid,USD
in_000008431,cus_000000500676,2025-02-28,1093.13,paid,USD
in_000008432,cus_000000500676,2025-04-02,1124.89,paid,USD
in_000008433,cus_000000500676,2025-05-04,1085.42,paid,USD
in_000008434,cus_000000500676,2025-06-05,1053.29,paid,USD
in_000008435,cus_000000500676,2025-07-03,1071.69,paid,USD
in_000008436,cus_000000500676,2025-08-01,1151.17,paid,USD
in_000008437,cus_000000500676,2025-09-03,1053.78,paid,USD
in_000008438,cus_000000500676,2025-09-30,1156.87,paid,USD
in_000008439,cus_000000500676,2025-10-29,1175.81,paid,USD
in_000008440,cus_000000500676,2025-11-26,1034.26,paid,USD
in_000008441,cus_000000500676,2025-12-23,1153.63,refunded,USD
in_000008442,cus_000000500676,2026-01-22,993.77,paid,USD
in_000008443,cus_000000500676,2026-02-19,1098.55,paid,USD
in_000008444,cus_000000500676,2026-03-18,1109.70,paid,USD
in_000008445,cus_000000500676,2026-04-16,1137.78,paid,USD
in_000008446,cus_000000500676,2026-05-15,1174.82,paid,USD
in_000008447,cus_000000500676,2026-06-14,1000.41,paid,USD
in_000008448,cus_000000500676,2026-07-16,1087.75,paid,USD
in_000008449,cus_000000500676,2026-08-14,1187.39,paid,USD
in_000008450,cus_000000500677,2025-11-02,14730.22,paid,USD
in_000008451,cus_000000500678,2024-10-26,25502.80,paid,USD
in_000008452,cus_000000500678,2025-10-25,23313.05,paid,USD
in_000008453,cus_000000500679,2023-01-05,3487.51,paid,USD
in_000008454,cus_000000500679,2024-01-08,3780.70,paid,USD
in_000008455,cus_000000500679,2025-01-09,3800.74,paid,USD
in_000008456,cus_000000500679,2026-01-11,3576.76,paid,USD
in_000008457,cus_000000500680,2024-02-07,3811.04,paid,USD
in_000008458,cus_000000500680,2025-02-05,3913.41,paid,USD
in_000008459,cus_000000500680,2026-02-07,3619.33,paid,USD
in_000008460,cus_000000500681,2025-03-01,28015.65,paid,USD
in_000008461,cus_000000500681,2026-02-26,29343.49,refunded,USD
in_000008462,cus_000000500682,2024-01-13,9632.64,paid,USD
in_000008463,cus_000000500682,2024-02-15,7964.35,paid,USD
in_000008464,cus_000000500682,2024-03-16,8162.25,paid,USD
in_000008465,cus_000000500682,2024-04-17,8137.78,paid,USD
in_000008466,cus_000000500682,2024-05-16,9130.13,paid,USD
in_000008467,cus_000000500682,2024-06-15,7990.39,paid,USD
in_000008468,cus_000000500682,2024-07-12,8213.26,paid,USD
in_000008469,cus_000000500682,2024-08-14,8590.36,paid,USD
in_000008470,cus_000000500682,2024-09-10,9280.73,paid,USD
in_000008471,cus_000000500682,2024-10-08,8210.07,paid,USD
in_000008472,cus_000000500682,2024-11-08,9246.36,paid,USD
in_000008473,cus_000000500682,2024-12-05,8173.66,paid,USD
in_000008474,cus_000000500682,2025-01-01,8035.15,paid,USD
in_000008475,cus_000000500682,2025-01-29,9305.91,paid,USD
in_000008476,cus_000000500682,2025-03-03,9241.84,paid,USD
in_000008477,cus_000000500682,2025-04-04,9381.84,paid,USD
in_000008478,cus_000000500682,2025-05-01,8812.11,paid,USD
in_000008479,cus_000000500682,2025-05-30,9058.54,paid,USD
in_000008480,cus_000000500682,2025-06-29,8249.76,paid,USD
in_000008481,cus_000000500682,2025-07-31,8854.57,paid,USD
in_000008482,cus_000000500682,2025-08-31,9152.48,paid,USD
in_000008483,cus_000000500682,2025-09-29,9248.28,paid,USD
in_000008484,cus_000000500682,2025-10-29,8444.50,paid,USD
in_000008485,cus_000000500682,2025-11-26,9146.96,paid,USD
in_000008486,cus_000000500682,2025-12-29,9451.26,paid,USD
in_000008487,cus_000000500682,2026-01-30,8699.39,paid,USD
in_000008488,cus_000000500682,2026-03-03,9552.14,paid,USD
in_000008489,cus_000000500682,2026-04-04,9054.07,failed,USD
in_000008490,cus_000000500682,2026-05-07,9393.68,paid,USD
in_000008491,cus_000000500682,2026-06-09,9452.87,paid,USD
in_000008492,cus_000000500682,2026-07-06,9419.01,paid,USD
in_000008493,cus_000000500682,2026-08-07,8427.81,paid,USD
in_000008494,cus_000000500683,2025-08-12,1166.86,paid,USD
in_000008495,cus_000000500683,2025-09-14,1229.36,paid,USD
in_000008496,cus_000000500683,2025-10-13,1159.28,paid,USD
in_000008497,cus_000000500683,2025-11-15,1223.47,refunded,USD
in_000008498,cus_000000500683,2025-12-12,1191.59,paid,USD
in_000008499,cus_000000500684,2024-01-29,8944.40,paid,USD
in_000008500,cus_000000500684,2024-02-28,8204.36,paid,USD
in_000008501,cus_000000500684,2024-03-30,8988.50,paid,USD
in_000008502,cus_000000500684,2024-04-26,8853.65,paid,USD
in_000008503,cus_000000500684,2024-05-24,8862.21,paid,USD
in_000008504,cus_000000500684,2024-06-24,8329.39,failed,USD
in_000008505,cus_000000500684,2024-07-25,8539.29,paid,USD
in_000008506,cus_000000500684,2024-08-27,8167.76,paid,USD
in_000008507,cus_000000500684,2024-09-26,9183.32,paid,USD
in_000008508,cus_000000500684,2024-10-28,9045.50,void,USD
in_000008509,cus_000000500684,2024-11-26,9537.02,refunded,USD
in_000008510,cus_000000500684,2024-12-23,8912.38,paid,USD
in_000008511,cus_000000500684,2025-01-19,9121.59,paid,USD
in_000008512,cus_000000500684,2025-02-18,9259.86,paid,USD
in_000008513,cus_000000500684,2025-03-20,8241.66,refunded,USD
in_000008514,cus_000000500684,2025-04-21,9442.78,paid,USD
in_000008515,cus_000000500684,2025-05-18,8548.78,paid,USD
in_000008516,cus_000000500684,2025-06-16,9080.62,paid,USD
in_000008517,cus_000000500684,2025-07-19,8032.30,paid,USD
in_000008518,cus_000000500684,2025-08-19,9291.91,paid,USD
in_000008519,cus_000000500684,2025-09-19,9279.84,paid,USD
in_000008520,cus_000000500684,2025-10-18,8281.95,paid,USD
in_000008521,cus_000000500684,2025-11-19,7949.19,paid,USD
in_000008522,cus_000000500684,2025-12-19,8953.91,paid,USD
in_000008523,cus_000000500684,2026-01-16,9052.23,paid,USD
in_000008524,cus_000000500684,2026-02-15,8248.01,paid,USD
in_000008525,cus_000000500684,2026-03-14,8983.70,paid,USD
in_000008526,cus_000000500684,2026-04-15,8808.34,paid,USD
in_000008527,cus_000000500684,2026-05-17,8363.57,paid,USD
in_000008528,cus_000000500684,2026-06-15,8572.14,paid,USD
in_000008529,cus_000000500684,2026-07-18,9256.68,paid,USD
in_000008530,cus_000000500684,2026-08-19,8976.51,paid,USD
in_000008531,cus_000000500685,2023-12-01,244.85,failed,USD
in_000008532,cus_000000500685,2023-12-31,275.78,paid,USD
in_000008533,cus_000000500685,2024-01-29,248.91,paid,USD
in_000008534,cus_000000500685,2024-02-27,228.42,paid,USD
in_000008535,cus_000000500685,2024-03-30,234.49,paid,USD
in_000008536,cus_000000500685,2024-04-29,251.66,paid,USD
in_000008537,cus_000000500685,2024-05-30,233.43,paid,USD
in_000008538,cus_000000500685,2024-07-01,255.15,paid,USD
in_000008539,cus_000000500685,2024-08-03,226.94,paid,USD
in_000008540,cus_000000500685,2024-08-31,269.60,paid,USD
in_000008541,cus_000000500685,2024-10-02,233.08,paid,USD
in_000008542,cus_000000500685,2024-10-30,238.92,refunded,USD
in_000008543,cus_000000500685,2024-12-02,274.49,paid,USD
in_000008544,cus_000000500685,2025-01-02,244.68,refunded,USD
in_000008545,cus_000000500685,2025-02-02,268.36,paid,USD
in_000008546,cus_000000500685,2025-03-03,234.20,paid,USD
in_000008547,cus_000000500685,2025-04-04,254.83,paid,USD
in_000008548,cus_000000500685,2025-05-04,246.18,paid,USD
in_000008549,cus_000000500685,2025-06-06,237.08,paid,USD
in_000008550,cus_000000500685,2025-07-07,255.03,paid,USD
in_000008551,cus_000000500685,2025-08-05,259.89,paid,USD
in_000008552,cus_000000500685,2025-09-04,260.44,paid,USD
in_000008553,cus_000000500685,2025-10-03,265.63,paid,USD
in_000008554,cus_000000500685,2025-11-02,233.75,paid,USD
in_000008555,cus_000000500685,2025-12-01,244.89,paid,USD
in_000008556,cus_000000500685,2025-12-28,236.09,paid,USD
in_000008557,cus_000000500685,2026-01-28,242.63,paid,USD
in_000008558,cus_000000500685,2026-03-02,265.81,failed,USD
in_000008559,cus_000000500685,2026-03-31,237.65,paid,USD
in_000008560,cus_000000500685,2026-04-29,260.54,paid,USD
in_000008561,cus_000000500685,2026-05-29,234.88,refunded,USD
in_000008562,cus_000000500685,2026-06-30,229.24,paid,USD
in_000008563,cus_000000500685,2026-07-30,256.73,paid,USD
in_000008564,cus_000000500686,2025-01-02,3841.75,paid,USD
in_000008565,cus_000000500686,2026-01-03,4192.48,paid,USD
in_000008566,cus_000000500687,2025-05-02,25389.94,paid,USD
in_000008567,cus_000000500687,2026-04-30,26195.65,paid,USD
in_000008568,cus_000000500688,2025-06-20,272.53,paid,USD
in_000008569,cus_000000500688,2025-07-17,249.89,paid,USD
in_000008570,cus_000000500688,2025-08-13,236.54,paid,USD
in_000008571,cus_000000500688,2025-09-15,232.35,paid,USD
in_000008572,cus_000000500688,2025-10-18,254.35,paid,USD
in_000008573,cus_000000500688,2025-11-20,236.31,paid,USD
in_000008574,cus_000000500688,2025-12-22,229.14,paid,USD
in_000008575,cus_000000500688,2026-01-21,269.10,paid,USD
in_000008576,cus_000000500688,2026-02-21,244.44,paid,USD
in_000008577,cus_000000500688,2026-03-21,254.77,paid,USD
in_000008578,cus_000000500688,2026-04-20,235.62,paid,USD
in_000008579,cus_000000500688,2026-05-21,235.27,paid,USD
in_000008580,cus_000000500688,2026-06-18,240.53,paid,USD
in_000008581,cus_000000500688,2026-07-15,239.60,paid,USD
in_000008582,cus_000000500688,2026-08-11,263.20,paid,USD
in_000008583,cus_000000500689,2024-08-21,2743.58,paid,USD
in_000008584,cus_000000500689,2024-09-19,2776.07,paid,USD
in_000008585,cus_000000500689,2024-10-19,2739.19,paid,USD
in_000008586,cus_000000500689,2024-11-15,2835.63,paid,USD
in_000008587,cus_000000500689,2024-12-14,2798.51,paid,USD
in_000008588,cus_000000500689,2025-01-15,2401.42,paid,USD
in_000008589,cus_000000500689,2025-02-12,2674.40,paid,USD
in_000008590,cus_000000500689,2025-03-16,2552.50,paid,USD
in_000008591,cus_000000500689,2025-04-14,2781.83,paid,USD
in_000008592,cus_000000500689,2025-05-14,2782.17,paid,USD
in_000008593,cus_000000500689,2025-06-16,2457.82,paid,USD
in_000008594,cus_000000500689,2025-07-16,2759.26,paid,USD
in_000008595,cus_000000500689,2025-08-16,2603.07,paid,USD
in_000008596,cus_000000500689,2025-09-12,2438.85,paid,USD
in_000008597,cus_000000500689,2025-10-09,2424.97,paid,USD
in_000008598,cus_000000500689,2025-11-10,2640.36,refunded,USD
in_000008599,cus_000000500689,2025-12-09,2561.50,paid,USD
in_000008600,cus_000000500689,2026-01-09,2429.79,paid,USD
in_000008601,cus_000000500689,2026-02-09,2471.34,paid,USD
in_000008602,cus_000000500689,2026-03-11,2567.29,paid,USD
in_000008603,cus_000000500689,2026-04-07,2672.57,paid,USD
in_000008604,cus_000000500689,2026-05-08,2601.84,paid,USD
in_000008605,cus_000000500689,2026-06-04,2824.01,paid,USD
in_000008606,cus_000000500689,2026-07-02,2518.74,paid,USD
in_000008607,cus_000000500689,2026-08-01,2465.64,paid,USD
in_000008608,cus_000000500690,2024-04-24,8325.72,paid,USD
in_000008609,cus_000000500690,2025-04-22,8927.87,paid,USD
in_000008610,cus_000000500690,2026-04-19,9642.29,paid,USD
in_000008611,cus_000000500691,2026-02-12,6244.24,paid,USD
in_000008612,cus_000000500691,2026-03-16,6128.31,paid,USD
in_000008613,cus_000000500691,2026-04-18,5348.78,paid,USD
in_000008614,cus_000000500691,2026-05-19,6284.60,paid,USD
in_000008615,cus_000000500691,2026-06-21,5240.96,paid,USD
in_000008616,cus_000000500691,2026-07-19,5628.24,paid,USD
in_000008617,cus_000000500691,2026-08-16,5912.97,paid,USD
in_000008618,cus_000000500692,2023-06-23,255.14,paid,USD
in_000008619,cus_000000500692,2023-07-26,279.36,paid,USD
in_000008620,cus_000000500692,2023-08-22,297.23,paid,USD
in_000008621,cus_000000500692,2023-09-21,253.18,paid,USD
in_000008622,cus_000000500692,2023-10-21,285.66,paid,USD
in_000008623,cus_000000500692,2023-11-23,249.77,paid,USD
in_000008624,cus_000000500692,2023-12-26,254.85,paid,USD
in_000008625,cus_000000500692,2024-01-28,287.35,paid,USD
in_000008626,cus_000000500692,2024-02-27,270.13,paid,USD
in_000008627,cus_000000500692,2024-03-26,259.77,paid,USD
in_000008628,cus_000000500692,2024-04-24,261.19,paid,USD
in_000008629,cus_000000500692,2024-05-24,278.09,paid,USD
in_000008630,cus_000000500692,2024-06-23,302.77,failed,USD
in_000008631,cus_000000500692,2024-07-25,271.37,paid,USD
in_000008632,cus_000000500692,2024-08-22,279.62,paid,USD
in_000008633,cus_000000500692,2024-09-22,252.87,paid,USD
in_000008634,cus_000000500692,2024-10-21,281.81,paid,USD
in_000008635,cus_000000500692,2024-11-23,261.12,failed,USD
in_000008636,cus_000000500692,2024-12-21,301.93,paid,USD
in_000008637,cus_000000500692,2025-01-20,272.87,refunded,USD
in_000008638,cus_000000500692,2025-02-22,254.41,paid,USD
in_000008639,cus_000000500692,2025-03-26,302.02,paid,USD
in_000008640,cus_000000500692,2025-04-22,296.06,paid,USD
in_000008641,cus_000000500692,2025-05-24,249.63,paid,USD
in_000008642,cus_000000500692,2025-06-24,259.98,failed,USD
in_000008643,cus_000000500692,2025-07-26,294.69,paid,USD
in_000008644,cus_000000500692,2025-08-23,297.98,refunded,USD
in_000008645,cus_000000500692,2025-09-22,251.40,paid,USD
in_000008646,cus_000000500692,2025-10-22,303.47,paid,USD
in_000008647,cus_000000500692,2025-11-21,299.76,paid,USD
in_000008648,cus_000000500692,2025-12-18,258.28,paid,USD
in_000008649,cus_000000500692,2026-01-17,250.92,paid,USD
in_000008650,cus_000000500692,2026-02-13,291.74,paid,USD
in_000008651,cus_000000500692,2026-03-13,288.04,paid,USD
in_000008652,cus_000000500692,2026-04-12,286.73,failed,USD
in_000008653,cus_000000500692,2026-05-15,277.58,paid,USD
in_000008654,cus_000000500692,2026-06-13,292.99,paid,USD
in_000008655,cus_000000500692,2026-07-11,275.89,paid,USD
in_000008656,cus_000000500692,2026-08-07,255.00,paid,USD
in_000008657,cus_000000500693,2024-10-29,750.59,paid,USD
in_000008658,cus_000000500693,2024-11-25,848.27,paid,USD
in_000008659,cus_000000500693,2024-12-27,814.70,paid,USD
in_000008660,cus_000000500693,2025-01-28,801.17,paid,USD
in_000008661,cus_000000500693,2025-02-25,862.25,paid,USD
in_000008662,cus_000000500693,2025-03-27,749.26,paid,USD
in_000008663,cus_000000500693,2025-04-25,867.91,paid,USD
in_000008664,cus_000000500693,2025-05-23,802.97,paid,USD
in_000008665,cus_000000500693,2025-06-20,817.45,paid,USD
in_000008666,cus_000000500693,2025-07-22,764.15,paid,USD
in_000008667,cus_000000500693,2025-08-24,807.96,paid,USD
in_000008668,cus_000000500693,2025-09-23,819.30,paid,USD
in_000008669,cus_000000500693,2025-10-21,845.90,paid,USD
in_000008670,cus_000000500693,2025-11-23,846.09,paid,USD
in_000008671,cus_000000500693,2025-12-22,871.02,paid,USD
in_000008672,cus_000000500693,2026-01-24,796.16,paid,USD
in_000008673,cus_000000500693,2026-02-26,881.92,paid,USD
in_000008674,cus_000000500693,2026-03-30,839.41,paid,USD
in_000008675,cus_000000500693,2026-05-02,808.42,paid,USD
in_000008676,cus_000000500693,2026-05-31,804.35,paid,USD
in_000008677,cus_000000500693,2026-06-28,827.58,paid,USD
in_000008678,cus_000000500693,2026-07-28,740.38,paid,USD
in_000008679,cus_000000500694,2023-11-02,4700.66,paid,USD
in_000008680,cus_000000500694,2023-12-03,4815.58,paid,USD
in_000008681,cus_000000500694,2024-01-01,5180.25,paid,USD
in_000008682,cus_000000500694,2024-02-01,5431.32,paid,USD
in_000008683,cus_000000500694,2024-03-02,5318.23,paid,USD
in_000008684,cus_000000500694,2024-04-03,5003.68,paid,USD
in_000008685,cus_000000500694,2024-05-03,5324.38,paid,USD
in_000008686,cus_000000500694,2024-06-01,5128.07,paid,USD
in_000008687,cus_000000500694,2024-06-29,4991.33,paid,USD
in_000008688,cus_000000500694,2024-07-27,4607.55,paid,USD
in_000008689,cus_000000500694,2024-08-24,4525.38,paid,USD
in_000008690,cus_000000500694,2024-09-20,5043.61,paid,USD
in_000008691,cus_000000500694,2024-10-22,5063.90,paid,USD
in_000008692,cus_000000500694,2024-11-21,4973.54,paid,USD
in_000008693,cus_000000500694,2024-12-24,5299.05,paid,USD
in_000008694,cus_000000500694,2025-01-25,5127.02,paid,USD
in_000008695,cus_000000500694,2025-02-24,4635.40,paid,USD
in_000008696,cus_000000500694,2025-03-23,4929.05,paid,USD
in_000008697,cus_000000500694,2025-04-21,5316.73,paid,USD
in_000008698,cus_000000500694,2025-05-23,5077.18,paid,USD
in_000008699,cus_000000500694,2025-06-25,5362.82,paid,USD
in_000008700,cus_000000500694,2025-07-26,4703.36,paid,USD
in_000008701,cus_000000500694,2025-08-24,4765.68,paid,USD
in_000008702,cus_000000500694,2025-09-25,4924.79,refunded,USD
in_000008703,cus_000000500694,2025-10-22,5024.62,paid,USD
in_000008704,cus_000000500694,2025-11-20,4592.42,refunded,USD
in_000008705,cus_000000500694,2025-12-18,4541.10,paid,USD
in_000008706,cus_000000500694,2026-01-16,5252.19,paid,USD
in_000008707,cus_000000500694,2026-02-17,5170.39,paid,USD
in_000008708,cus_000000500694,2026-03-16,4809.27,paid,USD
in_000008709,cus_000000500694,2026-04-15,5284.96,paid,USD
in_000008710,cus_000000500694,2026-05-17,4960.77,paid,USD
in_000008711,cus_000000500694,2026-06-19,4544.92,paid,USD
in_000008712,cus_000000500694,2026-07-17,5370.12,paid,USD
in_000008713,cus_000000500694,2026-08-15,4832.15,paid,USD
in_000008714,cus_000000500695,2024-08-08,8758.07,paid,USD
in_000008715,cus_000000500695,2024-09-10,8539.75,paid,USD
in_000008716,cus_000000500695,2024-10-07,8733.12,paid,USD
in_000008717,cus_000000500695,2024-11-08,8126.46,paid,USD
in_000008718,cus_000000500695,2024-12-08,8553.11,paid,USD
in_000008719,cus_000000500695,2025-01-10,9678.17,paid,USD
in_000008720,cus_000000500695,2025-02-08,8675.05,paid,USD
in_000008721,cus_000000500695,2025-03-10,8097.66,paid,USD
in_000008722,cus_000000500695,2025-04-06,9657.49,paid,USD
in_000008723,cus_000000500695,2025-05-09,9181.48,paid,USD
in_000008724,cus_000000500695,2025-06-05,8185.19,paid,USD
in_000008725,cus_000000500695,2025-07-02,8964.15,paid,USD
in_000008726,cus_000000500695,2025-08-01,9028.44,paid,USD
in_000008727,cus_000000500695,2025-08-29,8019.33,paid,USD
in_000008728,cus_000000500695,2025-09-28,9359.04,paid,USD
in_000008729,cus_000000500695,2025-10-29,9307.98,failed,USD
in_000008730,cus_000000500695,2025-11-27,8198.91,paid,USD
in_000008731,cus_000000500695,2025-12-27,8825.39,paid,USD
in_000008732,cus_000000500695,2026-01-29,8784.14,paid,USD
in_000008733,cus_000000500695,2026-02-27,9347.14,paid,USD
in_000008734,cus_000000500695,2026-03-27,8249.41,paid,USD
in_000008735,cus_000000500695,2026-04-24,9171.44,refunded,USD
in_000008736,cus_000000500695,2026-05-23,8966.92,void,USD
in_000008737,cus_000000500695,2026-06-21,8940.84,paid,USD
in_000008738,cus_000000500695,2026-07-20,9511.15,paid,USD
in_000008739,cus_000000500697,2024-11-12,3262.52,paid,USD
in_000008740,cus_000000500697,2025-11-14,3413.85,paid,USD
in_000008741,cus_000000500698,2025-02-06,243.42,paid,USD
in_000008742,cus_000000500698,2025-03-05,252.17,paid,USD
in_000008743,cus_000000500698,2025-04-03,216.79,paid,USD
in_000008744,cus_000000500698,2025-04-30,229.56,paid,USD
in_000008745,cus_000000500698,2025-06-02,252.77,paid,USD
in_000008746,cus_000000500698,2025-07-01,247.60,paid,USD
in_000008747,cus_000000500698,2025-08-03,246.25,paid,USD
in_000008748,cus_000000500700,2025-07-31,7438.80,paid,USD
in_000008749,cus_000000500700,2025-09-02,7397.96,paid,USD
in_000008750,cus_000000500700,2025-09-29,8107.60,paid,USD
in_000008751,cus_000000500700,2025-10-29,8208.23,paid,USD
in_000008752,cus_000000500700,2025-11-30,8471.23,void,USD
in_000008753,cus_000000500700,2025-12-28,8386.77,paid,USD
in_000008754,cus_000000500700,2026-01-24,7724.15,paid,USD
in_000008755,cus_000000500700,2026-02-23,8317.03,paid,USD
in_000008756,cus_000000500700,2026-03-25,7688.67,paid,USD
in_000008757,cus_000000500700,2026-04-25,7918.93,paid,USD
in_000008758,cus_000000500700,2026-05-23,7234.95,paid,USD
in_000008759,cus_000000500700,2026-06-20,7179.07,paid,USD
in_000008760,cus_000000500700,2026-07-21,7998.26,refunded,USD
in_000008761,cus_000000500700,2026-08-17,8359.58,paid,USD
in_000008762,cus_000000500701,2023-12-19,7307.77,paid,USD
in_000008763,cus_000000500701,2024-01-20,7432.18,paid,USD
in_000008764,cus_000000500701,2024-02-21,7408.59,paid,USD
in_000008765,cus_000000500701,2024-03-19,8688.96,paid,USD
in_000008766,cus_000000500701,2024-04-15,7805.64,void,USD
in_000008767,cus_000000500701,2024-05-15,8096.44,paid,USD
in_000008768,cus_000000500701,2024-06-14,7299.00,paid,USD
in_000008769,cus_000000500701,2024-07-16,7929.68,paid,USD
in_000008770,cus_000000500701,2024-08-15,7250.74,paid,USD
in_000008771,cus_000000500701,2024-09-17,8627.13,paid,USD
in_000008772,cus_000000500701,2024-10-14,8076.51,paid,USD
in_000008773,cus_000000500701,2024-11-12,8114.53,paid,USD
in_000008774,cus_000000500701,2024-12-12,7776.22,paid,USD
in_000008775,cus_000000500701,2025-01-13,8081.88,paid,USD
in_000008776,cus_000000500701,2025-02-15,8471.92,paid,USD
in_000008777,cus_000000500701,2025-03-15,7447.23,paid,USD
in_000008778,cus_000000500701,2025-04-13,7237.98,refunded,USD
in_000008779,cus_000000500701,2025-05-11,7226.64,paid,USD
in_000008780,cus_000000500701,2025-06-13,7332.83,paid,USD
in_000008781,cus_000000500701,2025-07-14,8818.97,paid,USD
in_000008782,cus_000000500701,2025-08-12,7930.84,void,USD
in_000008783,cus_000000500701,2025-09-11,7593.02,paid,USD
in_000008784,cus_000000500701,2025-10-14,7310.54,paid,USD
in_000008785,cus_000000500701,2025-11-14,7611.26,paid,USD
in_000008786,cus_000000500701,2025-12-16,7887.77,paid,USD
in_000008787,cus_000000500701,2026-01-16,8542.56,paid,USD
in_000008788,cus_000000500701,2026-02-13,8115.45,paid,USD
in_000008789,cus_000000500701,2026-03-13,7642.63,paid,USD
in_000008790,cus_000000500701,2026-04-15,7507.36,paid,USD
in_000008791,cus_000000500701,2026-05-16,8776.52,paid,USD
in_000008792,cus_000000500701,2026-06-18,7374.28,void,USD
in_000008793,cus_000000500701,2026-07-15,7718.18,paid,USD
in_000008794,cus_000000500701,2026-08-12,7818.68,paid,USD
in_000008795,cus_000000500702,2024-09-23,31735.04,paid,USD
in_000008796,cus_000000500702,2025-09-26,32013.56,paid,USD
in_000008797,cus_000000500703,2024-11-17,886.63,paid,USD
in_000008798,cus_000000500703,2024-12-19,757.52,paid,USD
in_000008799,cus_000000500703,2025-01-15,916.13,paid,USD
in_000008800,cus_000000500703,2025-02-11,875.48,paid,USD
in_000008801,cus_000000500703,2025-03-13,793.67,paid,USD
in_000008802,cus_000000500703,2025-04-14,911.33,paid,USD
in_000008803,cus_000000500703,2025-05-14,913.64,refunded,USD
in_000008804,cus_000000500703,2025-06-11,907.43,refunded,USD
in_000008805,cus_000000500703,2025-07-11,894.41,paid,USD
in_000008806,cus_000000500703,2025-08-10,806.64,paid,USD
in_000008807,cus_000000500703,2025-09-06,816.38,paid,USD
in_000008808,cus_000000500703,2025-10-06,781.75,void,USD
in_000008809,cus_000000500703,2025-11-05,886.28,paid,USD
in_000008810,cus_000000500703,2025-12-03,784.08,paid,USD
in_000008811,cus_000000500703,2026-01-03,887.10,paid,USD
in_000008812,cus_000000500703,2026-02-02,760.66,paid,USD
in_000008813,cus_000000500703,2026-03-05,853.31,paid,USD
in_000008814,cus_000000500703,2026-04-03,824.37,paid,USD
in_000008815,cus_000000500703,2026-05-06,784.65,paid,USD
in_000008816,cus_000000500703,2026-06-05,775.30,paid,USD
in_000008817,cus_000000500703,2026-07-04,872.29,paid,USD
in_000008818,cus_000000500703,2026-08-04,792.06,paid,USD
in_000008819,cus_000000500704,2024-10-19,3381.73,paid,USD
in_000008820,cus_000000500705,2023-05-10,59958.40,paid,USD
in_000008821,cus_000000500705,2024-05-12,57425.71,paid,USD
in_000008822,cus_000000500705,2025-05-09,62569.73,paid,USD
in_000008823,cus_000000500705,2026-05-06,62678.88,paid,USD
in_000008824,cus_000000500706,2024-11-21,129976.45,paid,USD
in_000008825,cus_000000500706,2025-11-20,121209.38,paid,USD
in_000008826,cus_000000500708,2023-08-15,30962.30,paid,USD
in_000008827,cus_000000500708,2024-08-11,27643.16,paid,USD
in_000008828,cus_000000500708,2025-08-08,28595.36,paid,USD
in_000008829,cus_000000500710,2023-07-09,267.89,paid,USD
in_000008830,cus_000000500710,2023-08-07,277.79,paid,USD
in_000008831,cus_000000500710,2023-09-05,288.37,paid,USD
in_000008832,cus_000000500710,2023-10-06,293.65,paid,USD
in_000008833,cus_000000500710,2023-11-07,305.69,failed,USD
in_000008834,cus_000000500710,2023-12-06,272.33,paid,USD
in_000008835,cus_000000500710,2024-01-03,306.26,paid,USD
in_000008836,cus_000000500710,2024-02-02,272.27,paid,USD
in_000008837,cus_000000500710,2024-03-05,294.30,paid,USD
in_000008838,cus_000000500710,2024-04-03,280.19,paid,USD
in_000008839,cus_000000500710,2024-05-04,308.81,paid,USD
in_000008840,cus_000000500710,2024-06-01,292.78,paid,USD
in_000008841,cus_000000500710,2024-07-04,264.13,paid,USD
in_000008842,cus_000000500710,2024-08-06,284.00,paid,USD
in_000008843,cus_000000500710,2024-09-02,278.57,paid,USD
in_000008844,cus_000000500710,2024-10-04,304.24,paid,USD
in_000008845,cus_000000500710,2024-11-03,258.24,paid,USD
in_000008846,cus_000000500710,2024-12-04,268.52,paid,USD
in_000008847,cus_000000500710,2025-01-02,260.18,paid,USD
in_000008848,cus_000000500710,2025-02-04,289.24,paid,USD
in_000008849,cus_000000500710,2025-03-08,285.49,paid,USD
in_000008850,cus_000000500710,2025-04-04,311.76,paid,USD
in_000008851,cus_000000500710,2025-05-06,294.47,paid,USD
in_000008852,cus_000000500710,2025-06-06,286.29,paid,USD
in_000008853,cus_000000500710,2025-07-03,279.75,paid,USD
in_000008854,cus_000000500710,2025-07-30,272.48,paid,USD
in_000008855,cus_000000500711,2023-01-17,6002.41,paid,USD
in_000008856,cus_000000500711,2023-02-16,5052.53,paid,USD
in_000008857,cus_000000500711,2023-03-21,5653.19,paid,USD
in_000008858,cus_000000500711,2023-04-22,5825.03,paid,USD
in_000008859,cus_000000500711,2023-05-23,4931.52,paid,USD
in_000008860,cus_000000500711,2023-06-24,5080.90,paid,USD
in_000008861,cus_000000500711,2023-07-23,5772.62,paid,USD
in_000008862,cus_000000500711,2023-08-25,5419.30,paid,USD
in_000008863,cus_000000500711,2023-09-27,5909.79,paid,USD
in_000008864,cus_000000500711,2023-10-29,5077.81,paid,USD
in_000008865,cus_000000500711,2023-11-26,5501.95,paid,USD
in_000008866,cus_000000500711,2023-12-24,5141.67,void,USD
in_000008867,cus_000000500711,2024-01-24,5265.18,paid,USD
in_000008868,cus_000000500711,2024-02-25,5304.47,paid,USD
in_000008869,cus_000000500711,2024-03-27,5714.09,paid,USD
in_000008870,cus_000000500711,2024-04-28,5584.04,paid,USD
in_000008871,cus_000000500711,2024-05-25,4930.17,paid,USD
in_000008872,cus_000000500711,2024-06-21,5229.12,paid,USD
in_000008873,cus_000000500711,2024-07-21,4974.78,paid,USD
in_000008874,cus_000000500711,2024-08-21,4950.88,paid,USD
in_000008875,cus_000000500711,2024-09-22,5815.82,paid,USD
in_000008876,cus_000000500711,2024-10-21,5341.41,paid,USD
in_000008877,cus_000000500711,2024-11-20,4974.96,paid,USD
in_000008878,cus_000000500711,2024-12-20,5359.12,paid,USD
in_000008879,cus_000000500711,2025-01-17,5791.02,paid,USD
in_000008880,cus_000000500711,2025-02-18,5877.71,paid,USD
in_000008881,cus_000000500711,2025-03-23,5442.78,paid,USD
in_000008882,cus_000000500711,2025-04-24,4965.37,void,USD
in_000008883,cus_000000500711,2025-05-25,5522.59,paid,USD
in_000008884,cus_000000500711,2025-06-23,5540.58,paid,USD
in_000008885,cus_000000500711,2025-07-20,5552.72,paid,USD
in_000008886,cus_000000500711,2025-08-21,5850.32,paid,USD
in_000008887,cus_000000500711,2025-09-18,5791.16,paid,USD
in_000008888,cus_000000500711,2025-10-15,5488.63,paid,USD
in_000008889,cus_000000500711,2025-11-13,5979.01,paid,USD
in_000008890,cus_000000500711,2025-12-15,5253.70,paid,USD
in_000008891,cus_000000500711,2026-01-13,4987.84,paid,USD
in_000008892,cus_000000500711,2026-02-09,5196.94,paid,USD
in_000008893,cus_000000500711,2026-03-13,5562.80,paid,USD
in_000008894,cus_000000500712,2025-10-30,2446.85,paid,USD
in_000008895,cus_000000500712,2025-11-29,2445.33,paid,USD
in_000008896,cus_000000500712,2025-12-26,2605.34,paid,USD
in_000008897,cus_000000500712,2026-01-28,2278.03,refunded,USD
in_000008898,cus_000000500712,2026-02-26,2250.47,paid,USD
in_000008899,cus_000000500712,2026-03-25,2692.27,paid,USD
in_000008900,cus_000000500712,2026-04-23,2623.52,paid,USD
in_000008901,cus_000000500712,2026-05-20,2480.95,paid,USD
in_000008902,cus_000000500712,2026-06-20,2489.65,refunded,USD
in_000008903,cus_000000500712,2026-07-23,2306.75,paid,USD
in_000008904,cus_000000500713,2024-07-14,58920.30,refunded,USD
in_000008905,cus_000000500713,2025-07-16,54712.50,paid,USD
in_000008906,cus_000000500713,2026-07-13,48819.53,paid,USD
in_000008907,cus_000000500714,2025-07-04,296.64,refunded,USD
in_000008908,cus_000000500714,2025-08-02,314.48,paid,USD
in_000008909,cus_000000500714,2025-08-31,327.97,paid,USD
in_000008910,cus_000000500714,2025-10-03,310.46,paid,USD
in_000008911,cus_000000500714,2025-11-01,281.55,paid,USD
in_000008912,cus_000000500714,2025-12-03,287.27,paid,USD
in_000008913,cus_000000500714,2026-01-02,273.09,paid,USD
in_000008914,cus_000000500714,2026-02-02,322.75,paid,USD
in_000008915,cus_000000500714,2026-03-02,297.96,failed,USD
in_000008916,cus_000000500714,2026-03-31,287.17,paid,USD
in_000008917,cus_000000500714,2026-04-29,295.79,paid,USD
in_000008918,cus_000000500714,2026-05-28,296.19,paid,USD
in_000008919,cus_000000500714,2026-06-24,329.29,paid,USD
in_000008920,cus_000000500714,2026-07-27,292.51,paid,USD
in_000008921,cus_000000500715,2022-10-31,271.03,paid,USD
in_000008922,cus_000000500715,2022-12-02,318.96,paid,USD
in_000008923,cus_000000500715,2023-01-03,297.29,paid,USD
in_000008924,cus_000000500715,2023-02-02,281.22,paid,USD
in_000008925,cus_000000500715,2023-03-05,283.73,paid,USD
in_000008926,cus_000000500715,2023-04-01,271.38,paid,USD
in_000008927,cus_000000500715,2023-05-01,287.08,paid,USD
in_000008928,cus_000000500715,2023-05-28,276.38,paid,USD
in_000008929,cus_000000500715,2023-06-26,288.20,paid,USD
in_000008930,cus_000000500715,2023-07-23,293.09,paid,USD
in_000008931,cus_000000500715,2023-08-20,306.06,paid,USD
in_000008932,cus_000000500715,2023-09-16,304.75,paid,USD
in_000008933,cus_000000500715,2023-10-19,316.59,paid,USD
in_000008934,cus_000000500715,2023-11-19,279.55,paid,USD
in_000008935,cus_000000500715,2023-12-17,310.03,paid,USD
in_000008936,cus_000000500715,2024-01-15,288.60,paid,USD
in_000008937,cus_000000500715,2024-02-13,320.15,paid,USD
in_000008938,cus_000000500715,2024-03-13,286.00,paid,USD
in_000008939,cus_000000500715,2024-04-09,289.64,paid,USD
in_000008940,cus_000000500715,2024-05-10,304.43,paid,USD
in_000008941,cus_000000500715,2024-06-09,304.60,paid,USD
in_000008942,cus_000000500715,2024-07-08,275.76,paid,USD
in_000008943,cus_000000500715,2024-08-07,294.34,paid,USD
in_000008944,cus_000000500715,2024-09-07,274.83,paid,USD
in_000008945,cus_000000500715,2024-10-04,293.43,paid,USD
in_000008946,cus_000000500715,2024-10-31,276.26,paid,USD
in_000008947,cus_000000500715,2024-11-27,316.80,paid,USD
in_000008948,cus_000000500715,2024-12-28,275.98,paid,USD
in_000008949,cus_000000500715,2025-01-25,302.37,paid,USD
in_000008950,cus_000000500715,2025-02-21,303.13,paid,USD
in_000008951,cus_000000500715,2025-03-21,307.56,paid,USD
in_000008952,cus_000000500715,2025-04-21,302.57,paid,USD
in_000008953,cus_000000500715,2025-05-20,313.83,paid,USD
in_000008954,cus_000000500715,2025-06-21,272.59,paid,USD
in_000008955,cus_000000500715,2025-07-18,299.62,paid,USD
in_000008956,cus_000000500715,2025-08-20,321.26,paid,USD
in_000008957,cus_000000500716,2025-08-13,1063.86,paid,USD
in_000008958,cus_000000500716,2025-09-15,1000.74,paid,USD
in_000008959,cus_000000500716,2025-10-14,1120.55,refunded,USD
in_000008960,cus_000000500716,2025-11-12,1047.04,paid,USD
in_000008961,cus_000000500716,2025-12-14,1057.11,paid,USD
in_000008962,cus_000000500716,2026-01-13,1065.97,refunded,USD
in_000008963,cus_000000500716,2026-02-15,1064.40,paid,USD
in_000008964,cus_000000500716,2026-03-17,1099.35,paid,USD
in_000008965,cus_000000500716,2026-04-17,1114.55,paid,USD
in_000008966,cus_000000500716,2026-05-20,1177.98,paid,USD
in_000008967,cus_000000500716,2026-06-17,1103.36,paid,USD
in_000008968,cus_000000500716,2026-07-17,1180.64,paid,USD
in_000008969,cus_000000500716,2026-08-19,1010.65,paid,USD
in_000008970,cus_000000500717,2022-11-08,1257.83,paid,USD
in_000008971,cus_000000500717,2022-12-09,1341.22,paid,USD
in_000008972,cus_000000500717,2023-01-08,1312.16,paid,USD
in_000008973,cus_000000500717,2023-02-05,1294.78,paid,USD
in_000008974,cus_000000500717,2023-03-07,1181.89,paid,USD
in_000008975,cus_000000500717,2023-04-05,1139.99,paid,USD
in_000008976,cus_000000500717,2023-05-04,1218.08,refunded,USD
in_000008977,cus_000000500717,2023-06-05,1212.53,paid,USD
in_000008978,cus_000000500717,2023-07-07,1260.75,paid,USD
in_000008979,cus_000000500717,2023-08-07,1253.63,paid,USD
in_000008980,cus_000000500717,2023-09-07,1227.64,paid,USD
in_000008981,cus_000000500717,2023-10-06,1238.65,paid,USD
in_000008982,cus_000000500717,2023-11-07,1259.99,paid,USD
in_000008983,cus_000000500717,2023-12-06,1325.37,paid,USD
in_000008984,cus_000000500717,2024-01-07,1334.50,refunded,USD
in_000008985,cus_000000500717,2024-02-03,1233.25,paid,USD
in_000008986,cus_000000500717,2024-03-03,1166.03,paid,USD
in_000008987,cus_000000500717,2024-04-05,1305.98,paid,USD
in_000008988,cus_000000500717,2024-05-07,1117.23,paid,USD
in_000008989,cus_000000500717,2024-06-04,1128.75,paid,USD
in_000008990,cus_000000500717,2024-07-02,1271.47,paid,USD
in_000008991,cus_000000500717,2024-08-03,1286.07,paid,USD
in_000008992,cus_000000500717,2024-09-03,1241.41,failed,USD
in_000008993,cus_000000500717,2024-10-04,1157.52,paid,USD
in_000008994,cus_000000500717,2024-11-06,1145.47,paid,USD
in_000008995,cus_000000500717,2024-12-07,1160.27,paid,USD
in_000008996,cus_000000500717,2025-01-06,1302.31,paid,USD
in_000008997,cus_000000500717,2025-02-03,1218.83,void,USD
in_000008998,cus_000000500717,2025-03-03,1334.18,paid,USD
in_000008999,cus_000000500717,2025-04-01,1169.23,paid,USD
in_000009000,cus_000000500717,2025-04-28,1172.63,paid,USD
in_000009001,cus_000000500717,2025-05-29,1303.68,paid,USD
in_000009002,cus_000000500717,2025-07-01,1235.95,paid,USD
in_000009003,cus_000000500717,2025-07-29,1340.39,paid,USD
in_000009004,cus_000000500717,2025-08-28,1168.23,void,USD
in_000009005,cus_000000500717,2025-09-27,1329.93,refunded,USD
in_000009006,cus_000000500717,2025-10-26,1193.60,paid,USD
in_000009007,cus_000000500717,2025-11-27,1306.32,paid,USD
in_000009008,cus_000000500717,2025-12-28,1160.56,paid,USD
in_000009009,cus_000000500717,2026-01-25,1117.97,paid,USD
in_000009010,cus_000000500717,2026-02-27,1166.84,paid,USD
in_000009011,cus_000000500717,2026-04-01,1260.84,paid,USD
in_000009012,cus_000000500717,2026-05-02,1346.50,paid,USD
in_000009013,cus_000000500717,2026-06-01,1188.59,paid,USD
in_000009014,cus_000000500717,2026-07-02,1289.66,paid,USD
in_000009015,cus_000000500717,2026-08-04,1330.77,paid,USD
in_000009016,cus_000000500718,2024-03-03,2368.47,refunded,USD
in_000009017,cus_000000500718,2024-04-03,2502.33,paid,USD
in_000009018,cus_000000500718,2024-04-30,2661.22,paid,USD
in_000009019,cus_000000500718,2024-05-31,2607.79,paid,USD
in_000009020,cus_000000500718,2024-07-02,2302.38,paid,USD
in_000009021,cus_000000500718,2024-07-31,2466.54,paid,USD
in_000009022,cus_000000500718,2024-09-02,2484.05,refunded,USD
in_000009023,cus_000000500718,2024-10-02,2684.89,paid,USD
in_000009024,cus_000000500718,2024-11-04,2596.48,paid,USD
in_000009025,cus_000000500718,2024-12-04,2271.41,paid,USD
in_000009026,cus_000000500718,2025-01-03,2272.60,paid,USD
in_000009027,cus_000000500718,2025-02-02,2641.75,paid,USD
in_000009028,cus_000000500718,2025-03-01,2503.78,paid,USD
in_000009029,cus_000000500718,2025-03-28,2706.88,paid,USD
in_000009030,cus_000000500718,2025-04-29,2334.64,paid,USD
in_000009031,cus_000000500718,2025-05-31,2539.35,paid,USD
in_000009032,cus_000000500718,2025-07-01,2618.03,paid,USD
in_000009033,cus_000000500718,2025-07-28,2623.45,paid,USD
in_000009034,cus_000000500718,2025-08-24,2579.49,paid,USD
in_000009035,cus_000000500718,2025-09-23,2457.17,paid,USD
in_000009036,cus_000000500718,2025-10-24,2726.20,paid,USD
in_000009037,cus_000000500718,2025-11-23,2724.56,paid,USD
in_000009038,cus_000000500718,2025-12-21,2268.39,paid,USD
in_000009039,cus_000000500718,2026-01-19,2286.74,paid,USD
in_000009040,cus_000000500718,2026-02-20,2562.03,paid,USD
in_000009041,cus_000000500718,2026-03-23,2586.45,paid,USD
in_000009042,cus_000000500718,2026-04-23,2598.53,paid,USD
in_000009043,cus_000000500718,2026-05-22,2624.76,paid,USD
in_000009044,cus_000000500718,2026-06-21,2548.43,paid,USD
in_000009045,cus_000000500718,2026-07-22,2514.54,paid,USD
in_000009046,cus_000000500719,2023-02-14,129614.04,paid,USD
in_000009047,cus_000000500719,2024-02-17,118006.17,paid,USD
in_000009048,cus_000000500719,2025-02-15,109181.08,paid,USD
in_000009049,cus_000000500720,2024-02-03,8193.69,paid,USD
in_000009050,cus_000000500720,2025-01-31,8163.06,paid,USD
in_000009051,cus_000000500720,2026-02-02,7740.92,paid,USD
in_000009052,cus_000000500721,2023-11-23,274.83,paid,USD
in_000009053,cus_000000500721,2023-12-25,311.11,paid,USD
in_000009054,cus_000000500721,2024-01-21,316.91,paid,USD
in_000009055,cus_000000500721,2024-02-19,301.99,paid,USD
in_000009056,cus_000000500721,2024-03-23,299.37,paid,USD
in_000009057,cus_000000500721,2024-04-22,322.04,paid,USD
in_000009058,cus_000000500721,2024-05-25,327.50,paid,USD
in_000009059,cus_000000500721,2024-06-24,295.54,paid,USD
in_000009060,cus_000000500721,2024-07-22,298.72,paid,USD
in_000009061,cus_000000500721,2024-08-24,271.44,paid,USD
in_000009062,cus_000000500721,2024-09-20,270.18,paid,USD
in_000009063,cus_000000500721,2024-10-23,282.71,paid,USD
in_000009064,cus_000000500721,2024-11-23,276.51,paid,USD
in_000009065,cus_000000500721,2024-12-24,329.19,paid,USD
in_000009066,cus_000000500721,2025-01-20,278.14,paid,USD
in_000009067,cus_000000500721,2025-02-20,313.20,paid,USD
in_000009068,cus_000000500721,2025-03-23,278.29,paid,USD
in_000009069,cus_000000500721,2025-04-23,327.55,paid,USD
in_000009070,cus_000000500721,2025-05-20,324.60,paid,USD
in_000009071,cus_000000500721,2025-06-17,272.38,paid,USD
in_000009072,cus_000000500721,2025-07-16,291.28,paid,USD
in_000009073,cus_000000500721,2025-08-15,302.10,paid,USD
in_000009074,cus_000000500721,2025-09-12,296.27,paid,USD
in_000009075,cus_000000500721,2025-10-09,291.05,paid,USD
in_000009076,cus_000000500721,2025-11-09,281.59,paid,USD
in_000009077,cus_000000500721,2025-12-09,293.65,paid,USD
in_000009078,cus_000000500721,2026-01-07,300.70,paid,USD
in_000009079,cus_000000500721,2026-02-06,308.49,paid,USD
in_000009080,cus_000000500721,2026-03-07,324.51,paid,USD
in_000009081,cus_000000500721,2026-04-04,307.26,paid,USD
in_000009082,cus_000000500721,2026-05-05,318.94,refunded,USD
in_000009083,cus_000000500721,2026-06-01,320.33,paid,USD
in_000009084,cus_000000500721,2026-06-29,283.75,paid,USD
in_000009085,cus_000000500721,2026-07-26,326.86,paid,USD
in_000009086,cus_000000500722,2024-07-27,69810.39,paid,USD
in_000009087,cus_000000500722,2025-07-27,68087.31,paid,USD
in_000009088,cus_000000500723,2025-03-11,2725.40,paid,USD
in_000009089,cus_000000500723,2026-03-08,2643.56,void,USD
in_000009090,cus_000000500724,2023-04-18,27522.19,paid,USD
in_000009091,cus_000000500724,2024-04-17,26990.55,paid,USD
in_000009092,cus_000000500724,2025-04-19,25896.16,void,USD
in_000009093,cus_000000500726,2025-03-07,2395.72,paid,USD
in_000009094,cus_000000500726,2025-04-04,2387.24,paid,USD
in_000009095,cus_000000500726,2025-05-02,2144.88,paid,USD
in_000009096,cus_000000500726,2025-05-31,2104.78,paid,USD
in_000009097,cus_000000500726,2025-07-02,2211.37,paid,USD
in_000009098,cus_000000500726,2025-08-03,2203.30,paid,USD
in_000009099,cus_000000500726,2025-09-02,2412.86,paid,USD
in_000009100,cus_000000500726,2025-10-04,2163.03,paid,USD
in_000009101,cus_000000500726,2025-11-04,2379.08,paid,USD
in_000009102,cus_000000500726,2025-12-01,2313.67,paid,USD
in_000009103,cus_000000500726,2026-01-03,2409.83,paid,USD
in_000009104,cus_000000500726,2026-01-30,2056.55,paid,USD
in_000009105,cus_000000500726,2026-03-04,2462.62,paid,USD
in_000009106,cus_000000500726,2026-04-05,2086.03,paid,USD
in_000009107,cus_000000500726,2026-05-03,2096.28,paid,USD
in_000009108,cus_000000500726,2026-06-04,2237.85,paid,USD
in_000009109,cus_000000500726,2026-07-06,2404.49,refunded,USD
in_000009110,cus_000000500726,2026-08-04,2333.76,paid,USD
in_000009111,cus_000000500727,2025-06-04,1082.76,paid,USD
in_000009112,cus_000000500727,2025-07-03,1156.32,refunded,USD
in_000009113,cus_000000500727,2025-08-03,1087.62,paid,USD
in_000009114,cus_000000500727,2025-08-30,1232.44,paid,USD
in_000009115,cus_000000500727,2025-09-28,1219.99,paid,USD
in_000009116,cus_000000500727,2025-10-25,1185.14,paid,USD
in_000009117,cus_000000500727,2025-11-24,1076.79,paid,USD
in_000009118,cus_000000500727,2025-12-21,1128.97,paid,USD
in_000009119,cus_000000500727,2026-01-19,1129.87,paid,USD
in_000009120,cus_000000500727,2026-02-21,1146.49,paid,USD
in_000009121,cus_000000500727,2026-03-22,1159.58,paid,USD
in_000009122,cus_000000500727,2026-04-18,1219.19,paid,USD
in_000009123,cus_000000500727,2026-05-17,1049.69,paid,USD
in_000009124,cus_000000500727,2026-06-13,1086.50,paid,USD
in_000009125,cus_000000500727,2026-07-11,1156.38,paid,USD
in_000009126,cus_000000500727,2026-08-12,1095.09,paid,USD
in_000009127,cus_000000500729,2026-02-28,3348.11,paid,USD
in_000009128,cus_000000500730,2023-03-20,10358.58,paid,USD
in_000009129,cus_000000500730,2024-03-22,9996.50,paid,USD
in_000009130,cus_000000500730,2025-03-21,9529.34,paid,USD
in_000009131,cus_000000500730,2026-03-22,10446.19,paid,USD
in_000009132,cus_000000500731,2024-11-05,4938.74,paid,USD
in_000009133,cus_000000500731,2025-11-08,5712.18,paid,USD
in_000009134,cus_000000500732,2025-05-11,8436.47,paid,USD
in_000009135,cus_000000500732,2025-06-09,8416.29,paid,USD
in_000009136,cus_000000500732,2025-07-10,9502.41,paid,USD
in_000009137,cus_000000500732,2025-08-11,9296.70,paid,USD
in_000009138,cus_000000500732,2025-09-13,9572.94,paid,USD
in_000009139,cus_000000500732,2025-10-14,9539.29,paid,USD
in_000009140,cus_000000500732,2025-11-15,8823.29,void,USD
in_000009141,cus_000000500732,2025-12-13,9208.86,paid,USD
in_000009142,cus_000000500732,2026-01-09,9650.52,paid,USD
in_000009143,cus_000000500732,2026-02-11,9936.20,paid,USD
in_000009144,cus_000000500732,2026-03-13,8607.50,paid,USD
in_000009145,cus_000000500732,2026-04-11,8316.35,paid,USD
in_000009146,cus_000000500732,2026-05-09,8306.78,paid,USD
in_000009147,cus_000000500732,2026-06-05,9973.60,paid,USD
in_000009148,cus_000000500732,2026-07-05,9775.04,paid,USD
in_000009149,cus_000000500732,2026-08-04,9606.24,paid,USD
in_000009150,cus_000000500733,2024-03-31,6048.30,paid,USD
in_000009151,cus_000000500733,2024-05-03,5388.25,paid,USD
in_000009152,cus_000000500733,2024-06-03,6062.81,paid,USD
in_000009153,cus_000000500733,2024-07-06,5816.54,paid,USD
in_000009154,cus_000000500733,2024-08-05,5642.03,paid,USD
in_000009155,cus_000000500733,2024-09-03,6030.79,paid,USD
in_000009156,cus_000000500733,2024-09-30,5463.48,paid,USD
in_000009157,cus_000000500733,2024-11-02,5905.55,paid,USD
in_000009158,cus_000000500733,2024-12-05,5409.59,paid,USD
in_000009159,cus_000000500733,2025-01-02,5895.33,paid,USD
in_000009160,cus_000000500733,2025-02-03,6047.23,paid,USD
in_000009161,cus_000000500733,2025-03-05,5984.35,paid,USD
in_000009162,cus_000000500733,2025-04-01,5706.28,paid,USD
in_000009163,cus_000000500733,2025-05-03,5382.60,paid,USD
in_000009164,cus_000000500733,2025-06-01,5596.21,paid,USD
in_000009165,cus_000000500733,2025-07-04,5257.98,void,USD
in_000009166,cus_000000500733,2025-08-04,5393.45,paid,USD
in_000009167,cus_000000500733,2025-09-05,5879.70,paid,USD
in_000009168,cus_000000500733,2025-10-07,5638.80,paid,USD
in_000009169,cus_000000500733,2025-11-08,6054.68,paid,USD
in_000009170,cus_000000500733,2025-12-08,6026.69,paid,USD
in_000009171,cus_000000500736,2025-06-26,762.78,paid,USD
in_000009172,cus_000000500736,2025-07-25,722.11,paid,USD
in_000009173,cus_000000500736,2025-08-23,795.45,paid,USD
in_000009174,cus_000000500736,2025-09-20,788.66,paid,USD
in_000009175,cus_000000500736,2025-10-23,819.24,paid,USD
in_000009176,cus_000000500736,2025-11-24,843.22,paid,USD
in_000009177,cus_000000500736,2025-12-24,731.13,paid,USD
in_000009178,cus_000000500736,2026-01-23,758.12,paid,USD
in_000009179,cus_000000500736,2026-02-20,769.70,paid,USD
in_000009180,cus_000000500736,2026-03-25,796.41,paid,USD
in_000009181,cus_000000500736,2026-04-23,828.83,paid,USD
in_000009182,cus_000000500736,2026-05-23,769.09,paid,USD
in_000009183,cus_000000500736,2026-06-23,817.42,paid,USD
in_000009184,cus_000000500736,2026-07-21,722.07,paid,USD
in_000009185,cus_000000500737,2025-03-18,8467.10,paid,USD
in_000009186,cus_000000500737,2026-03-15,8267.66,failed,USD
in_000009187,cus_000000500738,2024-09-07,5187.07,paid,USD
in_000009188,cus_000000500738,2024-10-06,4465.57,paid,USD
in_000009189,cus_000000500738,2024-11-03,5315.76,failed,USD
in_000009190,cus_000000500738,2024-12-03,4506.72,paid,USD
in_000009191,cus_000000500738,2024-12-30,4770.81,paid,USD
in_000009192,cus_000000500738,2025-01-30,4906.34,paid,USD
in_000009193,cus_000000500738,2025-03-01,4754.57,refunded,USD
in_000009194,cus_000000500739,2025-07-18,3218.24,paid,USD
in_000009195,cus_000000500739,2026-07-18,3442.41,paid,USD
in_000009196,cus_000000500741,2026-03-07,751.15,paid,USD
in_000009197,cus_000000500741,2026-04-05,753.73,paid,USD
in_000009198,cus_000000500741,2026-05-08,754.51,paid,USD
in_000009199,cus_000000500741,2026-06-05,680.04,paid,USD
in_000009200,cus_000000500741,2026-07-07,717.53,paid,USD
in_000009201,cus_000000500741,2026-08-04,668.20,paid,USD
in_000009202,cus_000000500742,2024-08-03,3839.73,paid,USD
in_000009203,cus_000000500742,2025-08-04,3613.14,paid,USD
in_000009204,cus_000000500743,2024-02-15,309.43,paid,USD
in_000009205,cus_000000500743,2024-03-13,304.62,paid,USD
in_000009206,cus_000000500743,2024-04-14,274.36,paid,USD
in_000009207,cus_000000500743,2024-05-16,299.61,paid,USD
in_000009208,cus_000000500743,2024-06-18,305.29,paid,USD
in_000009209,cus_000000500743,2024-07-18,306.39,paid,USD
in_000009210,cus_000000500743,2024-08-19,287.86,paid,USD
in_000009211,cus_000000500743,2024-09-19,311.58,paid,USD
in_000009212,cus_000000500743,2024-10-18,314.57,paid,USD
in_000009213,cus_000000500743,2024-11-20,311.01,paid,USD
in_000009214,cus_000000500743,2024-12-20,271.05,paid,USD
in_000009215,cus_000000500743,2025-01-21,273.99,paid,USD
in_000009216,cus_000000500743,2025-02-23,270.10,void,USD
in_000009217,cus_000000500743,2025-03-23,328.10,paid,USD
in_000009218,cus_000000500743,2025-04-22,324.50,paid,USD
in_000009219,cus_000000500743,2025-05-24,307.97,paid,USD
in_000009220,cus_000000500743,2025-06-23,271.28,paid,USD
in_000009221,cus_000000500743,2025-07-22,320.82,paid,USD
in_000009222,cus_000000500743,2025-08-24,292.37,paid,USD
in_000009223,cus_000000500743,2025-09-25,323.97,paid,USD
in_000009224,cus_000000500743,2025-10-27,292.60,paid,USD
in_000009225,cus_000000500743,2025-11-23,287.70,paid,USD
in_000009226,cus_000000500743,2025-12-24,320.06,paid,USD
in_000009227,cus_000000500743,2026-01-20,306.33,paid,USD
in_000009228,cus_000000500743,2026-02-16,324.50,paid,USD
in_000009229,cus_000000500743,2026-03-16,278.48,paid,USD
in_000009230,cus_000000500743,2026-04-16,321.13,paid,USD
in_000009231,cus_000000500743,2026-05-14,305.74,paid,USD
in_000009232,cus_000000500743,2026-06-12,312.12,refunded,USD
in_000009233,cus_000000500743,2026-07-13,295.00,paid,USD
in_000009234,cus_000000500743,2026-08-10,270.49,void,USD
in_000009235,cus_000000500744,2023-08-08,295.28,refunded,USD
in_000009236,cus_000000500744,2023-09-09,320.08,paid,USD
in_000009237,cus_000000500744,2023-10-11,310.95,paid,USD
in_000009238,cus_000000500744,2023-11-08,309.67,paid,USD
in_000009239,cus_000000500744,2023-12-11,323.91,paid,USD
in_000009240,cus_000000500744,2024-01-09,327.85,paid,USD
in_000009241,cus_000000500744,2024-02-08,325.77,paid,USD
in_000009242,cus_000000500744,2024-03-07,309.26,paid,USD
in_000009243,cus_000000500744,2024-04-08,316.34,paid,USD
in_000009244,cus_000000500744,2024-05-09,272.29,paid,USD
in_000009245,cus_000000500744,2024-06-07,277.18,paid,USD
in_000009246,cus_000000500744,2024-07-06,278.31,paid,USD
in_000009247,cus_000000500744,2024-08-08,320.03,paid,USD
in_000009248,cus_000000500744,2024-09-10,286.05,paid,USD
in_000009249,cus_000000500744,2024-10-10,306.07,failed,USD
in_000009250,cus_000000500744,2024-11-11,278.03,paid,USD
in_000009251,cus_000000500744,2024-12-12,285.47,paid,USD
in_000009252,cus_000000500744,2025-01-11,279.69,paid,USD
in_000009253,cus_000000500744,2025-02-11,322.53,paid,USD
in_000009254,cus_000000500744,2025-03-11,329.56,paid,USD
in_000009255,cus_000000500745,2023-03-27,87488.68,paid,USD
in_000009256,cus_000000500745,2024-03-28,90078.42,paid,USD
in_000009257,cus_000000500745,2025-03-29,86687.83,paid,USD
in_000009258,cus_000000500745,2026-03-31,99913.45,paid,USD
in_000009259,cus_000000500746,2023-02-07,2219.90,paid,USD
in_000009260,cus_000000500746,2023-03-10,2393.37,paid,USD
in_000009261,cus_000000500746,2023-04-06,2429.92,paid,USD
in_000009262,cus_000000500746,2023-05-07,2398.47,paid,USD
in_000009263,cus_000000500746,2023-06-08,2339.59,paid,USD
in_000009264,cus_000000500746,2023-07-08,2257.77,paid,USD
in_000009265,cus_000000500746,2023-08-06,2311.16,paid,USD
in_000009266,cus_000000500746,2023-09-06,2313.58,paid,USD
in_000009267,cus_000000500746,2023-10-06,2112.61,paid,USD
in_000009268,cus_000000500746,2023-11-07,2027.69,paid,USD
in_000009269,cus_000000500746,2023-12-07,2095.02,refunded,USD
in_000009270,cus_000000500746,2024-01-03,2094.42,paid,USD
in_000009271,cus_000000500746,2024-02-02,2157.31,paid,USD
in_000009272,cus_000000500746,2024-03-05,2041.56,paid,USD
in_000009273,cus_000000500746,2024-04-04,2376.72,paid,USD
in_000009274,cus_000000500746,2024-05-02,2057.46,paid,USD
in_000009275,cus_000000500746,2024-05-30,2347.00,paid,USD
in_000009276,cus_000000500746,2024-07-01,2094.95,paid,USD
in_000009277,cus_000000500746,2024-07-30,2036.76,paid,USD
in_000009278,cus_000000500746,2024-09-01,2309.44,paid,USD
in_000009279,cus_000000500746,2024-09-29,2359.49,paid,USD
in_000009280,cus_000000500746,2024-10-30,2290.73,paid,USD
in_000009281,cus_000000500746,2024-11-28,2217.70,paid,USD
in_000009282,cus_000000500746,2024-12-26,2237.67,paid,USD
in_000009283,cus_000000500746,2025-01-22,2187.54,paid,USD
in_000009284,cus_000000500746,2025-02-19,2331.63,paid,USD
in_000009285,cus_000000500746,2025-03-24,2352.41,paid,USD
in_000009286,cus_000000500746,2025-04-23,2135.54,paid,USD
in_000009287,cus_000000500746,2025-05-25,2397.59,paid,USD
in_000009288,cus_000000500746,2025-06-27,2062.83,paid,USD
in_000009289,cus_000000500746,2025-07-26,2301.55,paid,USD
in_000009290,cus_000000500746,2025-08-23,2014.00,paid,USD
in_000009291,cus_000000500746,2025-09-20,2270.15,paid,USD
in_000009292,cus_000000500746,2025-10-21,2392.89,paid,USD
in_000009293,cus_000000500746,2025-11-21,2437.18,paid,USD
in_000009294,cus_000000500746,2025-12-20,2227.05,paid,USD
in_000009295,cus_000000500746,2026-01-20,2062.88,paid,USD
in_000009296,cus_000000500746,2026-02-19,2083.03,paid,USD
in_000009297,cus_000000500746,2026-03-19,2396.84,paid,USD
in_000009298,cus_000000500746,2026-04-17,2419.68,refunded,USD
in_000009299,cus_000000500747,2024-12-28,2291.34,paid,USD
in_000009300,cus_000000500747,2025-01-28,2419.47,paid,USD
in_000009301,cus_000000500747,2025-02-25,2220.54,paid,USD
in_000009302,cus_000000500747,2025-03-26,2383.82,paid,USD
in_000009303,cus_000000500747,2025-04-23,2402.27,paid,USD
in_000009304,cus_000000500747,2025-05-21,2494.62,paid,USD
in_000009305,cus_000000500749,2025-12-15,7143.27,paid,USD
in_000009306,cus_000000500750,2024-08-21,5272.38,paid,USD
in_000009307,cus_000000500750,2024-09-20,5301.36,paid,USD
in_000009308,cus_000000500750,2024-10-19,5078.51,paid,USD
in_000009309,cus_000000500750,2024-11-17,5004.72,paid,USD
in_000009310,cus_000000500750,2024-12-18,4773.63,paid,USD
in_000009311,cus_000000500750,2025-01-19,5670.42,paid,USD
in_000009312,cus_000000500750,2025-02-21,5554.96,paid,USD
in_000009313,cus_000000500750,2025-03-21,4893.43,paid,USD
in_000009314,cus_000000500750,2025-04-23,4818.18,paid,USD
in_000009315,cus_000000500750,2025-05-20,4860.10,paid,USD
in_000009316,cus_000000500750,2025-06-16,5812.29,void,USD
in_000009317,cus_000000500750,2025-07-13,4826.77,paid,USD
in_000009318,cus_000000500750,2025-08-12,5520.59,paid,USD
in_000009319,cus_000000500750,2025-09-14,5123.02,paid,USD
in_000009320,cus_000000500750,2025-10-13,5575.90,paid,USD
in_000009321,cus_000000500750,2025-11-10,5380.40,paid,USD
in_000009322,cus_000000500750,2025-12-13,5665.17,paid,USD
in_000009323,cus_000000500750,2026-01-11,5386.55,paid,USD
in_000009324,cus_000000500750,2026-02-12,5601.14,paid,USD
in_000009325,cus_000000500750,2026-03-17,4906.80,paid,USD
in_000009326,cus_000000500750,2026-04-18,5774.37,paid,USD
in_000009327,cus_000000500750,2026-05-18,5178.99,paid,USD
in_000009328,cus_000000500750,2026-06-17,5633.20,paid,USD
in_000009329,cus_000000500750,2026-07-14,4899.84,paid,USD
in_000009330,cus_000000500750,2026-08-13,4800.06,paid,USD
in_000009331,cus_000000500751,2024-10-24,697.11,paid,USD
in_000009332,cus_000000500751,2024-11-20,731.18,refunded,USD
in_000009333,cus_000000500751,2024-12-22,702.93,paid,USD
in_000009334,cus_000000500751,2025-01-21,769.50,paid,USD
in_000009335,cus_000000500751,2025-02-20,682.16,paid,USD
in_000009336,cus_000000500751,2025-03-25,733.06,paid,USD
in_000009337,cus_000000500751,2025-04-25,723.27,paid,USD
in_000009338,cus_000000500751,2025-05-25,709.10,paid,USD
in_000009339,cus_000000500751,2025-06-22,720.93,paid,USD
in_000009340,cus_000000500751,2025-07-22,765.63,paid,USD
in_000009341,cus_000000500751,2025-08-24,674.68,paid,USD
in_000009342,cus_000000500751,2025-09-26,776.26,paid,USD
in_000009343,cus_000000500751,2025-10-24,752.57,paid,USD
in_000009344,cus_000000500751,2025-11-22,774.27,paid,USD
in_000009345,cus_000000500751,2025-12-19,796.32,paid,USD
in_000009346,cus_000000500751,2026-01-19,786.40,paid,USD
in_000009347,cus_000000500751,2026-02-17,673.03,refunded,USD
in_000009348,cus_000000500751,2026-03-20,754.62,refunded,USD
in_000009349,cus_000000500751,2026-04-20,760.62,paid,USD
in_000009350,cus_000000500751,2026-05-22,728.66,paid,USD
in_000009351,cus_000000500751,2026-06-21,806.99,paid,USD
in_000009352,cus_000000500751,2026-07-22,692.44,paid,USD
in_000009353,cus_000000500751,2026-08-20,712.58,paid,USD
in_000009354,cus_000000500752,2024-08-16,609.89,paid,USD
in_000009355,cus_000000500752,2024-09-17,648.88,paid,USD
in_000009356,cus_000000500752,2024-10-14,662.13,paid,USD
in_000009357,cus_000000500752,2024-11-16,642.34,paid,USD
in_000009358,cus_000000500752,2024-12-17,639.21,void,USD
in_000009359,cus_000000500752,2025-01-17,659.79,paid,USD
in_000009360,cus_000000500752,2025-02-13,638.15,paid,USD
in_000009361,cus_000000500752,2025-03-14,679.47,paid,USD
in_000009362,cus_000000500752,2025-04-13,621.87,paid,USD
in_000009363,cus_000000500752,2025-05-13,637.05,paid,USD
in_000009364,cus_000000500752,2025-06-09,661.20,paid,USD
in_000009365,cus_000000500752,2025-07-09,643.69,paid,USD
in_000009366,cus_000000500752,2025-08-05,699.70,paid,USD
in_000009367,cus_000000500752,2025-09-04,628.86,paid,USD
in_000009368,cus_000000500752,2025-10-04,615.72,paid,USD
in_000009369,cus_000000500752,2025-11-05,698.05,paid,USD
in_000009370,cus_000000500752,2025-12-05,662.57,paid,USD
in_000009371,cus_000000500753,2025-03-04,3909.84,paid,USD
in_000009372,cus_000000500753,2026-03-02,3776.23,paid,USD
in_000009373,cus_000000500754,2026-02-21,5351.05,paid,USD
in_000009374,cus_000000500754,2026-03-24,4842.31,paid,USD
in_000009375,cus_000000500754,2026-04-23,5601.17,paid,USD
in_000009376,cus_000000500754,2026-05-24,5104.23,paid,USD
in_000009377,cus_000000500754,2026-06-20,5403.89,paid,USD
in_000009378,cus_000000500754,2026-07-22,5038.09,paid,USD
in_000009379,cus_000000500754,2026-08-20,4802.47,paid,USD
in_000009380,cus_000000500755,2024-09-05,36031.08,paid,USD
in_000009381,cus_000000500755,2025-09-02,34785.66,refunded,USD
in_000009382,cus_000000500756,2023-02-21,9600.28,paid,USD
in_000009383,cus_000000500756,2024-02-21,8015.26,void,USD
in_000009384,cus_000000500757,2025-09-09,295.08,paid,USD
in_000009385,cus_000000500757,2025-10-11,301.90,paid,USD
in_000009386,cus_000000500757,2025-11-13,296.23,paid,USD
in_000009387,cus_000000500757,2025-12-15,261.20,paid,USD
in_000009388,cus_000000500757,2026-01-12,262.66,paid,USD
in_000009389,cus_000000500757,2026-02-12,294.18,paid,USD
in_000009390,cus_000000500757,2026-03-16,259.04,paid,USD
in_000009391,cus_000000500757,2026-04-14,264.54,paid,USD
in_000009392,cus_000000500757,2026-05-16,283.21,paid,USD
in_000009393,cus_000000500757,2026-06-17,259.58,paid,USD
in_000009394,cus_000000500757,2026-07-20,299.70,paid,USD
in_000009395,cus_000000500757,2026-08-18,285.49,paid,USD
in_000009396,cus_000000500758,2023-07-19,26556.98,paid,USD
in_000009397,cus_000000500758,2024-07-16,27022.40,paid,USD
in_000009398,cus_000000500758,2025-07-18,24156.08,paid,USD
in_000009399,cus_000000500759,2024-05-03,233.07,paid,USD
in_000009400,cus_000000500759,2024-06-02,238.02,paid,USD
in_000009401,cus_000000500759,2024-07-01,224.06,paid,USD
in_000009402,cus_000000500759,2024-07-31,217.93,paid,USD
in_000009403,cus_000000500759,2024-08-31,210.02,paid,USD
in_000009404,cus_000000500759,2024-09-30,225.24,paid,USD
in_000009405,cus_000000500759,2024-10-27,222.21,paid,USD
in_000009406,cus_000000500759,2024-11-27,218.56,paid,USD
in_000009407,cus_000000500759,2024-12-30,203.98,paid,USD
in_000009408,cus_000000500759,2025-01-29,201.42,paid,USD
in_000009409,cus_000000500759,2025-03-03,232.26,paid,USD
in_000009410,cus_000000500759,2025-04-01,221.93,paid,USD
in_000009411,cus_000000500759,2025-04-30,217.69,paid,USD
in_000009412,cus_000000500759,2025-05-30,220.51,paid,USD
in_000009413,cus_000000500759,2025-06-30,222.12,paid,USD
in_000009414,cus_000000500759,2025-07-31,226.44,paid,USD
in_000009415,cus_000000500759,2025-08-29,205.27,paid,USD
in_000009416,cus_000000500759,2025-09-25,204.74,paid,USD
in_000009417,cus_000000500759,2025-10-27,200.94,paid,USD
in_000009418,cus_000000500759,2025-11-23,224.10,paid,USD
in_000009419,cus_000000500759,2025-12-20,210.49,paid,USD
in_000009420,cus_000000500759,2026-01-16,203.65,paid,USD
in_000009421,cus_000000500759,2026-02-15,202.46,paid,USD
in_000009422,cus_000000500759,2026-03-20,235.29,paid,USD
in_000009423,cus_000000500759,2026-04-16,233.33,paid,USD
in_000009424,cus_000000500759,2026-05-14,235.61,paid,USD
in_000009425,cus_000000500759,2026-06-14,222.37,paid,USD
in_000009426,cus_000000500759,2026-07-12,222.20,paid,USD
in_000009427,cus_000000500759,2026-08-09,205.29,paid,USD
in_000009428,cus_000000500760,2024-10-26,8907.13,paid,USD
in_000009429,cus_000000500760,2024-11-26,9929.88,paid,USD
in_000009430,cus_000000500760,2024-12-23,9985.90,paid,USD
in_000009431,cus_000000500760,2025-01-22,9829.14,paid,USD
in_000009432,cus_000000500760,2025-02-22,9117.55,paid,USD
in_000009433,cus_000000500760,2025-03-21,8386.65,paid,USD
in_000009434,cus_000000500760,2025-04-22,9344.84,void,USD
in_000009435,cus_000000500760,2025-05-21,8358.07,paid,USD
in_000009436,cus_000000500760,2025-06-19,9427.69,paid,USD
in_000009437,cus_000000500760,2025-07-20,8556.48,failed,USD
in_000009438,cus_000000500760,2025-08-19,9177.19,paid,USD
in_000009439,cus_000000500760,2025-09-20,8573.31,paid,USD
in_000009440,cus_000000500760,2025-10-21,8564.09,paid,USD
in_000009441,cus_000000500760,2025-11-22,10069.18,paid,USD
in_000009442,cus_000000500760,2025-12-20,9922.89,paid,USD
in_000009443,cus_000000500760,2026-01-20,9263.14,paid,USD
in_000009444,cus_000000500760,2026-02-17,9052.69,paid,USD
in_000009445,cus_000000500760,2026-03-17,9981.96,paid,USD
in_000009446,cus_000000500760,2026-04-18,9080.81,paid,USD
in_000009447,cus_000000500760,2026-05-20,9984.35,paid,USD
in_000009448,cus_000000500760,2026-06-16,9254.32,paid,USD
in_000009449,cus_000000500760,2026-07-19,9373.30,void,USD
in_000009450,cus_000000500760,2026-08-17,9442.67,paid,USD
in_000009451,cus_000000500761,2023-05-15,7330.49,paid,USD
in_000009452,cus_000000500761,2023-06-16,8864.52,paid,USD
in_000009453,cus_000000500761,2023-07-16,8192.18,paid,USD
in_000009454,cus_000000500761,2023-08-16,7952.41,refunded,USD
in_000009455,cus_000000500761,2023-09-18,8422.90,paid,USD
in_000009456,cus_000000500761,2023-10-21,8142.72,paid,USD
in_000009457,cus_000000500761,2023-11-23,8317.37,paid,USD
in_000009458,cus_000000500761,2023-12-24,7898.19,paid,USD
in_000009459,cus_000000500761,2024-01-23,8679.01,paid,USD
in_000009460,cus_000000500761,2024-02-19,8088.21,paid,USD
in_000009461,cus_000000500761,2024-03-23,7915.01,paid,USD
in_000009462,cus_000000500761,2024-04-22,7938.45,paid,USD
in_000009463,cus_000000500761,2024-05-19,8392.00,paid,USD
in_000009464,cus_000000500761,2024-06-21,7363.96,paid,USD
in_000009465,cus_000000500761,2024-07-23,8750.11,paid,USD
in_000009466,cus_000000500761,2024-08-21,7538.42,paid,USD
in_000009467,cus_000000500761,2024-09-21,8770.18,paid,USD
in_000009468,cus_000000500761,2024-10-18,8657.61,paid,USD
in_000009469,cus_000000500761,2024-11-14,8891.83,paid,USD
in_000009470,cus_000000500761,2024-12-12,7739.24,paid,USD
in_000009471,cus_000000500761,2025-01-14,7742.21,paid,USD
in_000009472,cus_000000500761,2025-02-12,8016.53,paid,USD
in_000009473,cus_000000500761,2025-03-17,7642.12,paid,USD
in_000009474,cus_000000500761,2025-04-18,8216.03,paid,USD
in_000009475,cus_000000500761,2025-05-20,8811.53,paid,USD
in_000009476,cus_000000500762,2026-08-03,68469.55,paid,USD
in_000009477,cus_000000500763,2025-06-18,406.18,paid,USD
in_000009478,cus_000000500763,2025-07-17,384.87,paid,USD
in_000009479,cus_000000500763,2025-08-18,423.12,paid,USD
in_000009480,cus_000000500763,2025-09-14,410.66,paid,USD
in_000009481,cus_000000500763,2025-10-17,393.28,paid,USD
in_000009482,cus_000000500763,2025-11-17,434.03,paid,USD
in_000009483,cus_000000500763,2025-12-14,415.12,paid,USD
in_000009484,cus_000000500763,2026-01-15,386.46,paid,USD
in_000009485,cus_000000500763,2026-02-16,395.07,paid,USD
in_000009486,cus_000000500763,2026-03-21,401.79,paid,USD
in_000009487,cus_000000500763,2026-04-23,386.07,paid,USD
in_000009488,cus_000000500763,2026-05-25,429.04,paid,USD
in_000009489,cus_000000500763,2026-06-24,403.51,paid,USD
in_000009490,cus_000000500763,2026-07-22,448.60,paid,USD
in_000009491,cus_000000500764,2023-05-22,322.47,paid,USD
in_000009492,cus_000000500764,2023-06-19,292.92,paid,USD
in_000009493,cus_000000500764,2023-07-18,327.34,paid,USD
in_000009494,cus_000000500764,2023-08-17,300.86,paid,USD
in_000009495,cus_000000500764,2023-09-14,317.18,paid,USD
in_000009496,cus_000000500764,2023-10-12,325.28,paid,USD
in_000009497,cus_000000500764,2023-11-11,313.02,paid,USD
in_000009498,cus_000000500764,2023-12-09,275.93,paid,USD
in_000009499,cus_000000500764,2024-01-07,285.52,paid,USD
in_000009500,cus_000000500764,2024-02-07,284.65,paid,USD
in_000009501,cus_000000500764,2024-03-07,273.99,paid,USD
in_000009502,cus_000000500764,2024-04-03,321.16,paid,USD
in_000009503,cus_000000500764,2024-05-02,289.75,paid,USD
in_000009504,cus_000000500764,2024-05-30,326.45,paid,USD
in_000009505,cus_000000500764,2024-06-26,287.95,paid,USD
in_000009506,cus_000000500764,2024-07-26,284.87,paid,USD
in_000009507,cus_000000500764,2024-08-23,300.78,paid,USD
in_000009508,cus_000000500764,2024-09-25,292.84,paid,USD
in_000009509,cus_000000500764,2024-10-24,323.78,paid,USD
in_000009510,cus_000000500764,2024-11-21,291.58,paid,USD
in_000009511,cus_000000500764,2024-12-20,270.63,paid,USD
in_000009512,cus_000000500764,2025-01-17,327.85,paid,USD
in_000009513,cus_000000500764,2025-02-19,318.41,paid,USD
in_000009514,cus_000000500764,2025-03-22,311.31,paid,USD
in_000009515,cus_000000500764,2025-04-23,325.63,paid,USD
in_000009516,cus_000000500764,2025-05-23,318.70,paid,USD
in_000009517,cus_000000500764,2025-06-21,302.27,paid,USD
in_000009518,cus_000000500766,2025-07-13,2133.27,paid,USD
in_000009519,cus_000000500766,2025-08-14,2167.49,paid,USD
in_000009520,cus_000000500766,2025-09-14,2035.48,paid,USD
in_000009521,cus_000000500766,2025-10-14,2007.51,paid,USD
in_000009522,cus_000000500766,2025-11-15,2189.92,paid,USD
in_000009523,cus_000000500766,2025-12-17,2155.08,paid,USD
in_000009524,cus_000000500766,2026-01-17,2205.08,paid,USD
in_000009525,cus_000000500766,2026-02-15,2343.38,paid,USD
in_000009526,cus_000000500766,2026-03-19,2069.75,paid,USD
in_000009527,cus_000000500766,2026-04-17,2202.21,paid,USD
in_000009528,cus_000000500766,2026-05-16,2246.35,void,USD
in_000009529,cus_000000500766,2026-06-18,2273.10,paid,USD
in_000009530,cus_000000500766,2026-07-17,1972.74,refunded,USD
in_000009531,cus_000000500766,2026-08-14,2277.65,paid,USD
in_000009532,cus_000000500767,2025-03-08,282.87,paid,USD
in_000009533,cus_000000500767,2025-04-04,298.83,paid,USD
in_000009534,cus_000000500767,2025-05-01,293.36,paid,USD
in_000009535,cus_000000500767,2025-06-02,327.32,paid,USD
in_000009536,cus_000000500767,2025-07-01,325.20,paid,USD
in_000009537,cus_000000500767,2025-07-29,300.64,paid,USD
in_000009538,cus_000000500767,2025-08-30,314.06,paid,USD
in_000009539,cus_000000500768,2024-12-18,30150.29,paid,USD
in_000009540,cus_000000500768,2025-12-18,30960.86,paid,USD
in_000009541,cus_000000500769,2024-04-03,56992.95,paid,USD
in_000009542,cus_000000500769,2025-04-03,63067.40,paid,USD
in_000009543,cus_000000500769,2026-04-02,57205.54,paid,USD
in_000009544,cus_000000500770,2025-05-16,105828.57,paid,USD
in_000009545,cus_000000500770,2026-05-15,110828.52,paid,USD
in_000009546,cus_000000500771,2023-04-18,4050.88,paid,USD
in_000009547,cus_000000500771,2023-05-15,4097.35,paid,USD
in_000009548,cus_000000500771,2023-06-12,4310.46,paid,USD
in_000009549,cus_000000500771,2023-07-12,4224.61,refunded,USD
in_000009550,cus_000000500771,2023-08-12,3934.93,paid,USD
in_000009551,cus_000000500771,2023-09-09,4487.64,paid,USD
in_000009552,cus_000000500771,2023-10-08,4382.78,paid,USD
in_000009553,cus_000000500771,2023-11-06,4006.17,paid,USD
in_000009554,cus_000000500771,2023-12-09,4453.86,paid,USD
in_000009555,cus_000000500771,2024-01-06,4652.04,paid,USD
in_000009556,cus_000000500771,2024-02-07,4054.37,paid,USD
in_000009557,cus_000000500771,2024-03-05,4181.22,refunded,USD
in_000009558,cus_000000500771,2024-04-05,4457.60,paid,USD
in_000009559,cus_000000500771,2024-05-06,4238.85,paid,USD
in_000009560,cus_000000500771,2024-06-08,4428.33,paid,USD
in_000009561,cus_000000500771,2024-07-08,4355.77,paid,USD
in_000009562,cus_000000500771,2024-08-10,3899.38,paid,USD
in_000009563,cus_000000500771,2024-09-09,4140.83,paid,USD
in_000009564,cus_000000500771,2024-10-09,4333.02,paid,USD
in_000009565,cus_000000500771,2024-11-05,4624.80,paid,USD
in_000009566,cus_000000500771,2024-12-02,4170.85,paid,USD
in_000009567,cus_000000500771,2025-01-04,4486.40,paid,USD
in_000009568,cus_000000500771,2025-02-01,4642.62,paid,USD
in_000009569,cus_000000500771,2025-02-28,4053.86,paid,USD
in_000009570,cus_000000500771,2025-03-30,4632.44,paid,USD
in_000009571,cus_000000500771,2025-04-28,4046.24,paid,USD
in_000009572,cus_000000500771,2025-05-26,4614.63,paid,USD
in_000009573,cus_000000500771,2025-06-24,4610.92,paid,USD
in_000009574,cus_000000500771,2025-07-27,4536.08,paid,USD
in_000009575,cus_000000500771,2025-08-28,4087.12,paid,USD
in_000009576,cus_000000500771,2025-09-27,4076.11,paid,USD
in_000009577,cus_000000500771,2025-10-26,4208.45,paid,USD
in_000009578,cus_000000500771,2025-11-22,3939.45,paid,USD
in_000009579,cus_000000500771,2025-12-19,4027.00,paid,USD
in_000009580,cus_000000500771,2026-01-20,4595.88,paid,USD
in_000009581,cus_000000500771,2026-02-18,4559.21,paid,USD
in_000009582,cus_000000500771,2026-03-22,4408.59,paid,USD
in_000009583,cus_000000500771,2026-04-20,4601.71,paid,USD
in_000009584,cus_000000500771,2026-05-23,4461.71,paid,USD
in_000009585,cus_000000500771,2026-06-23,4526.35,paid,USD
in_000009586,cus_000000500771,2026-07-22,4270.94,paid,USD
in_000009587,cus_000000500772,2025-07-10,274.68,paid,USD
in_000009588,cus_000000500772,2025-08-06,229.68,paid,USD
in_000009589,cus_000000500772,2025-09-03,238.58,paid,USD
in_000009590,cus_000000500772,2025-10-05,256.38,paid,USD
in_000009591,cus_000000500772,2025-11-04,266.28,paid,USD
in_000009592,cus_000000500772,2025-12-07,265.63,paid,USD
in_000009593,cus_000000500772,2026-01-08,238.00,refunded,USD
in_000009594,cus_000000500773,2023-01-26,56104.79,paid,USD
in_000009595,cus_000000500773,2024-01-26,52727.40,paid,USD
in_000009596,cus_000000500773,2025-01-23,55480.77,paid,USD
in_000009597,cus_000000500773,2026-01-22,53912.71,paid,USD
in_000009598,cus_000000500774,2025-02-07,1107.63,paid,USD
in_000009599,cus_000000500774,2025-03-07,1199.80,paid,USD
in_000009600,cus_000000500774,2025-04-05,1106.19,paid,USD
in_000009601,cus_000000500774,2025-05-03,1030.50,paid,USD
in_000009602,cus_000000500774,2025-05-30,1201.80,paid,USD
in_000009603,cus_000000500774,2025-06-27,1172.42,paid,USD
in_000009604,cus_000000500774,2025-07-30,1108.47,paid,USD
in_000009605,cus_000000500774,2025-08-27,1150.53,paid,USD
in_000009606,cus_000000500774,2025-09-25,1043.24,paid,USD
in_000009607,cus_000000500774,2025-10-28,1082.30,paid,USD
in_000009608,cus_000000500774,2025-11-27,1184.01,paid,USD
in_000009609,cus_000000500774,2025-12-25,1186.98,paid,USD
in_000009610,cus_000000500774,2026-01-22,1127.65,paid,USD
in_000009611,cus_000000500774,2026-02-21,997.84,paid,USD
in_000009612,cus_000000500774,2026-03-23,1094.80,paid,USD
in_000009613,cus_000000500774,2026-04-21,1090.97,paid,USD
in_000009614,cus_000000500774,2026-05-24,1011.82,paid,USD
in_000009615,cus_000000500774,2026-06-22,1092.94,paid,USD
in_000009616,cus_000000500774,2026-07-23,1015.74,refunded,USD
in_000009617,cus_000000500774,2026-08-19,1162.76,paid,USD
in_000009618,cus_000000500775,2024-09-30,860.88,paid,USD
in_000009619,cus_000000500775,2024-11-02,774.19,failed,USD
in_000009620,cus_000000500775,2024-12-03,897.20,paid,USD
in_000009621,cus_000000500775,2025-01-03,743.51,paid,USD
in_000009622,cus_000000500775,2025-02-04,872.81,paid,USD
in_000009623,cus_000000500775,2025-03-09,848.86,paid,USD
in_000009624,cus_000000500775,2025-04-07,749.99,paid,USD
in_000009625,cus_000000500775,2025-05-06,800.66,void,USD
in_000009626,cus_000000500775,2025-06-06,847.82,refunded,USD
in_000009627,cus_000000500775,2025-07-05,857.72,failed,USD
in_000009628,cus_000000500775,2025-08-06,850.57,paid,USD
in_000009629,cus_000000500775,2025-09-05,853.06,paid,USD
in_000009630,cus_000000500775,2025-10-05,772.07,paid,USD
in_000009631,cus_000000500775,2025-11-06,821.64,paid,USD
in_000009632,cus_000000500775,2025-12-04,761.66,paid,USD
in_000009633,cus_000000500775,2026-01-04,902.59,paid,USD
in_000009634,cus_000000500775,2026-01-31,851.74,paid,USD
in_000009635,cus_000000500775,2026-02-27,751.49,paid,USD
in_000009636,cus_000000500775,2026-03-26,760.91,paid,USD
in_000009637,cus_000000500775,2026-04-27,795.54,paid,USD
in_000009638,cus_000000500775,2026-05-29,819.54,paid,USD
in_000009639,cus_000000500775,2026-07-01,880.24,paid,USD
in_000009640,cus_000000500775,2026-07-31,883.21,paid,USD
in_000009641,cus_000000500776,2026-06-24,1307.17,paid,USD
in_000009642,cus_000000500776,2026-07-27,1422.22,paid,USD
in_000009643,cus_000000500777,2023-01-09,8049.51,paid,USD
in_000009644,cus_000000500777,2023-02-06,8796.19,paid,USD
in_000009645,cus_000000500777,2023-03-09,8074.67,paid,USD
in_000009646,cus_000000500777,2023-04-05,8538.64,paid,USD
in_000009647,cus_000000500777,2023-05-05,9342.55,paid,USD
in_000009648,cus_000000500777,2023-06-05,9390.05,refunded,USD
in_000009649,cus_000000500777,2023-07-02,8393.77,paid,USD
in_000009650,cus_000000500777,2023-07-30,9445.96,paid,USD
in_000009651,cus_000000500777,2023-08-26,9112.53,paid,USD
in_000009652,cus_000000500777,2023-09-24,9058.40,paid,USD
in_000009653,cus_000000500777,2023-10-24,9705.46,paid,USD
in_000009654,cus_000000500777,2023-11-23,9565.99,paid,USD
in_000009655,cus_000000500777,2023-12-24,9622.43,paid,USD
in_000009656,cus_000000500777,2024-01-21,8198.49,paid,USD
in_000009657,cus_000000500777,2024-02-20,9806.56,paid,USD
in_000009658,cus_000000500777,2024-03-23,8926.81,refunded,USD
in_000009659,cus_000000500777,2024-04-23,9389.04,paid,USD
in_000009660,cus_000000500777,2024-05-25,8380.71,paid,USD
in_000009661,cus_000000500777,2024-06-25,9050.35,paid,USD
in_000009662,cus_000000500777,2024-07-28,9770.88,paid,USD
in_000009663,cus_000000500777,2024-08-27,8786.13,paid,USD
in_000009664,cus_000000500777,2024-09-28,8650.86,paid,USD
in_000009665,cus_000000500777,2024-10-28,8613.06,paid,USD
in_000009666,cus_000000500777,2024-11-28,8059.87,paid,USD
in_000009667,cus_000000500777,2024-12-30,8132.85,paid,USD
in_000009668,cus_000000500777,2025-01-28,8390.18,paid,USD
in_000009669,cus_000000500777,2025-02-27,9319.31,paid,USD
in_000009670,cus_000000500777,2025-03-31,9736.94,paid,USD
in_000009671,cus_000000500777,2025-04-27,8360.54,paid,USD
in_000009672,cus_000000500777,2025-05-25,8532.81,paid,USD
in_000009673,cus_000000500777,2025-06-21,8660.53,void,USD
in_000009674,cus_000000500777,2025-07-18,8660.27,paid,USD
in_000009675,cus_000000500777,2025-08-15,9628.11,paid,USD
in_000009676,cus_000000500777,2025-09-15,8586.67,void,USD
in_000009677,cus_000000500777,2025-10-17,8615.34,paid,USD
in_000009678,cus_000000500777,2025-11-17,9506.51,paid,USD
in_000009679,cus_000000500777,2025-12-18,9097.16,paid,USD
in_000009680,cus_000000500777,2026-01-14,9608.52,paid,USD
in_000009681,cus_000000500777,2026-02-12,8616.89,paid,USD
in_000009682,cus_000000500777,2026-03-17,8448.32,paid,USD
in_000009683,cus_000000500777,2026-04-14,9132.37,paid,USD
in_000009684,cus_000000500777,2026-05-15,8162.27,paid,USD
in_000009685,cus_000000500777,2026-06-11,8406.54,paid,USD
in_000009686,cus_000000500777,2026-07-11,9678.53,paid,USD
in_000009687,cus_000000500777,2026-08-11,9536.77,paid,USD
in_000009688,cus_000000500778,2023-08-12,14516.73,paid,USD
in_000009689,cus_000000500778,2024-08-11,15246.93,paid,USD
in_000009690,cus_000000500779,2023-09-12,278.08,paid,USD
in_000009691,cus_000000500779,2023-10-14,283.86,paid,USD
in_000009692,cus_000000500779,2023-11-16,313.54,refunded,USD
in_000009693,cus_000000500779,2023-12-16,308.03,paid,USD
in_000009694,cus_000000500779,2024-01-14,294.46,paid,USD
in_000009695,cus_000000500779,2024-02-16,296.82,paid,USD
in_000009696,cus_000000500779,2024-03-20,307.20,paid,USD
in_000009697,cus_000000500779,2024-04-18,314.96,paid,USD
in_000009698,cus_000000500779,2024-05-19,314.82,paid,USD
in_000009699,cus_000000500779,2024-06-15,295.73,paid,USD
in_000009700,cus_000000500779,2024-07-18,315.94,paid,USD
in_000009701,cus_000000500779,2024-08-14,283.48,paid,USD
in_000009702,cus_000000500779,2024-09-14,324.09,paid,USD
in_000009703,cus_000000500779,2024-10-15,282.41,paid,USD
in_000009704,cus_000000500779,2024-11-12,310.41,paid,USD
in_000009705,cus_000000500779,2024-12-13,309.05,paid,USD
in_000009706,cus_000000500779,2025-01-11,314.84,paid,USD
in_000009707,cus_000000500779,2025-02-12,310.58,paid,USD
in_000009708,cus_000000500779,2025-03-16,329.24,paid,USD
in_000009709,cus_000000500779,2025-04-17,294.04,paid,USD
in_000009710,cus_000000500779,2025-05-18,326.73,paid,USD
in_000009711,cus_000000500779,2025-06-14,307.67,paid,USD
in_000009712,cus_000000500779,2025-07-13,298.48,paid,USD
in_000009713,cus_000000500779,2025-08-11,320.90,paid,USD
in_000009714,cus_000000500779,2025-09-11,294.00,paid,USD
in_000009715,cus_000000500779,2025-10-08,305.71,paid,USD
in_000009716,cus_000000500779,2025-11-05,306.21,paid,USD
in_000009717,cus_000000500779,2025-12-08,309.35,paid,USD
in_000009718,cus_000000500779,2026-01-08,319.66,paid,USD
in_000009719,cus_000000500779,2026-02-07,271.39,paid,USD
in_000009720,cus_000000500779,2026-03-07,317.75,paid,USD
in_000009721,cus_000000500779,2026-04-04,329.35,paid,USD
in_000009722,cus_000000500779,2026-05-07,283.76,paid,USD
in_000009723,cus_000000500779,2026-06-07,294.65,paid,USD
in_000009724,cus_000000500779,2026-07-04,313.63,paid,USD
in_000009725,cus_000000500779,2026-08-03,328.39,paid,USD
in_000009726,cus_000000500780,2024-04-19,450.71,paid,USD
in_000009727,cus_000000500780,2024-05-22,427.57,paid,USD
in_000009728,cus_000000500780,2024-06-20,464.77,paid,USD
in_000009729,cus_000000500780,2024-07-21,424.46,paid,USD
in_000009730,cus_000000500780,2024-08-19,446.44,void,USD
in_000009731,cus_000000500780,2024-09-19,414.92,paid,USD
in_000009732,cus_000000500780,2024-10-17,393.75,paid,USD
in_000009733,cus_000000500780,2024-11-18,435.52,paid,USD
in_000009734,cus_000000500780,2024-12-16,447.07,paid,USD
in_000009735,cus_000000500780,2025-01-13,448.37,paid,USD
in_000009736,cus_000000500780,2025-02-10,446.37,paid,USD
in_000009737,cus_000000500780,2025-03-12,395.42,paid,USD
in_000009738,cus_000000500780,2025-04-09,403.73,paid,USD
in_000009739,cus_000000500780,2025-05-07,400.63,paid,USD
in_000009740,cus_000000500780,2025-06-04,447.36,paid,USD
in_000009741,cus_000000500780,2025-07-05,414.24,paid,USD
in_000009742,cus_000000500781,2023-01-24,3331.46,paid,USD
in_000009743,cus_000000500781,2024-01-27,3346.93,paid,USD
in_000009744,cus_000000500781,2025-01-25,3787.76,paid,USD
in_000009745,cus_000000500781,2026-01-23,3716.98,paid,USD
in_000009746,cus_000000500782,2024-07-26,1884.75,paid,USD
in_000009747,cus_000000500782,2025-07-27,1699.98,paid,USD
in_000009748,cus_000000500782,2026-07-27,1742.93,paid,USD
in_000009749,cus_000000500783,2024-07-21,1802.82,paid,USD
in_000009750,cus_000000500783,2025-07-20,1967.59,paid,USD
in_000009751,cus_000000500783,2026-07-22,1899.30,void,USD
in_000009752,cus_000000500784,2024-12-31,2634.96,paid,USD
in_000009753,cus_000000500784,2025-01-31,2671.75,refunded,USD
in_000009754,cus_000000500784,2025-02-28,2916.44,paid,USD
in_000009755,cus_000000500784,2025-04-02,2934.90,paid,USD
in_000009756,cus_000000500784,2025-05-02,2595.02,paid,USD
in_000009757,cus_000000500784,2025-06-02,2448.22,paid,USD
in_000009758,cus_000000500784,2025-07-01,2877.22,paid,USD
in_000009759,cus_000000500784,2025-08-01,2686.48,paid,USD
in_000009760,cus_000000500784,2025-08-31,2679.67,paid,USD
in_000009761,cus_000000500784,2025-10-03,2470.19,paid,USD
in_000009762,cus_000000500784,2025-11-02,2971.19,paid,USD
in_000009763,cus_000000500784,2025-11-30,2508.93,paid,USD
in_000009764,cus_000000500784,2025-12-28,2507.44,paid,USD
in_000009765,cus_000000500784,2026-01-25,2474.29,paid,USD
in_000009766,cus_000000500784,2026-02-23,2705.81,paid,USD
in_000009767,cus_000000500784,2026-03-24,2479.48,paid,USD
in_000009768,cus_000000500784,2026-04-23,2446.72,void,USD
in_000009769,cus_000000500784,2026-05-25,2894.15,paid,USD
in_000009770,cus_000000500784,2026-06-21,2533.89,paid,USD
in_000009771,cus_000000500784,2026-07-20,2529.02,paid,USD
in_000009772,cus_000000500784,2026-08-19,2942.31,paid,USD
in_000009773,cus_000000500785,2026-01-04,2759.98,paid,USD
in_000009774,cus_000000500786,2026-02-02,9087.13,paid,USD
in_000009775,cus_000000500787,2025-12-27,5399.89,paid,USD
in_000009776,cus_000000500789,2025-06-06,3319.48,paid,USD
in_000009777,cus_000000500789,2026-06-03,3318.64,paid,USD
in_000009778,cus_000000500791,2023-11-15,5177.90,paid,USD
in_000009779,cus_000000500791,2024-11-13,5289.52,paid,USD
in_000009780,cus_000000500791,2025-11-14,5447.38,paid,USD
in_000009781,cus_000000500792,2026-01-01,60232.20,paid,USD
in_000009782,cus_000000500793,2025-10-30,61008.09,paid,USD
in_000009783,cus_000000500794,2025-05-17,300.21,paid,USD
in_000009784,cus_000000500794,2025-06-14,301.49,paid,USD
in_000009785,cus_000000500794,2025-07-14,321.61,paid,USD
in_000009786,cus_000000500794,2025-08-12,316.63,void,USD
in_000009787,cus_000000500794,2025-09-09,274.31,paid,USD
in_000009788,cus_000000500794,2025-10-11,318.41,paid,USD
in_000009789,cus_000000500794,2025-11-10,295.52,paid,USD
in_000009790,cus_000000500794,2025-12-08,281.98,paid,USD
in_000009791,cus_000000500794,2026-01-05,318.03,paid,USD
in_000009792,cus_000000500794,2026-02-04,319.17,paid,USD
in_000009793,cus_000000500794,2026-03-03,286.98,paid,USD
in_000009794,cus_000000500794,2026-04-03,291.67,paid,USD
in_000009795,cus_000000500794,2026-05-01,282.62,paid,USD
in_000009796,cus_000000500794,2026-06-03,320.05,paid,USD
in_000009797,cus_000000500794,2026-07-01,296.99,paid,USD
in_000009798,cus_000000500794,2026-08-03,273.07,paid,USD
in_000009799,cus_000000500795,2025-11-30,5714.93,paid,USD
in_000009800,cus_000000500796,2025-06-05,786.50,paid,USD
in_000009801,cus_000000500796,2025-07-03,863.50,paid,USD
in_000009802,cus_000000500796,2025-07-31,746.84,paid,USD
in_000009803,cus_000000500796,2025-09-02,845.68,paid,USD
in_000009804,cus_000000500796,2025-10-01,765.69,void,USD
in_000009805,cus_000000500796,2025-11-01,783.42,paid,USD
in_000009806,cus_000000500796,2025-12-03,761.58,paid,USD
in_000009807,cus_000000500796,2026-01-04,879.77,paid,USD
in_000009808,cus_000000500796,2026-01-31,782.43,paid,USD
in_000009809,cus_000000500796,2026-02-28,824.46,paid,USD
in_000009810,cus_000000500796,2026-03-31,901.15,paid,USD
in_000009811,cus_000000500796,2026-04-29,907.97,void,USD
in_000009812,cus_000000500796,2026-05-27,894.34,paid,USD
in_000009813,cus_000000500796,2026-06-23,818.89,paid,USD
in_000009814,cus_000000500796,2026-07-20,876.28,paid,USD
in_000009815,cus_000000500796,2026-08-19,832.54,void,USD
in_000009816,cus_000000500797,2026-01-08,9344.44,paid,USD
in_000009817,cus_000000500798,2025-04-25,877.14,paid,USD
in_000009818,cus_000000500798,2025-05-22,870.72,paid,USD
in_000009819,cus_000000500798,2025-06-19,790.22,paid,USD
in_000009820,cus_000000500798,2025-07-16,758.17,paid,USD
in_000009821,cus_000000500798,2025-08-16,748.09,paid,USD
in_000009822,cus_000000500798,2025-09-18,840.42,paid,USD
in_000009823,cus_000000500798,2025-10-20,815.08,paid,USD
in_000009824,cus_000000500798,2025-11-19,733.91,paid,USD
in_000009825,cus_000000500798,2025-12-18,806.22,paid,USD
in_000009826,cus_000000500798,2026-01-20,820.20,paid,USD
in_000009827,cus_000000500798,2026-02-16,784.08,paid,USD
in_000009828,cus_000000500798,2026-03-21,823.73,paid,USD
in_000009829,cus_000000500798,2026-04-20,842.72,paid,USD
in_000009830,cus_000000500798,2026-05-21,748.89,paid,USD
in_000009831,cus_000000500798,2026-06-17,803.08,paid,USD
in_000009832,cus_000000500798,2026-07-18,775.82,paid,USD
in_000009833,cus_000000500798,2026-08-17,879.56,paid,USD
in_000009834,cus_000000500799,2024-02-08,1422.87,refunded,USD
in_000009835,cus_000000500799,2024-03-08,1215.78,paid,USD
in_000009836,cus_000000500799,2024-04-09,1381.79,paid,USD
in_000009837,cus_000000500799,2024-05-12,1219.39,paid,USD
in_000009838,cus_000000500799,2024-06-09,1385.42,paid,USD
in_000009839,cus_000000500799,2024-07-09,1454.15,paid,USD
in_000009840,cus_000000500799,2024-08-08,1397.73,paid,USD
in_000009841,cus_000000500799,2024-09-04,1352.13,paid,USD
in_000009842,cus_000000500799,2024-10-06,1257.58,void,USD
in_000009843,cus_000000500799,2024-11-03,1417.62,paid,USD
in_000009844,cus_000000500799,2024-12-04,1225.62,paid,USD
in_000009845,cus_000000500800,2024-11-28,106950.24,paid,USD
in_000009846,cus_000000500800,2025-12-01,115418.69,paid,USD
in_000009847,cus_000000500801,2026-04-21,3424.58,paid,USD
in_000009848,cus_000000500802,2024-09-16,4869.93,paid,USD
in_000009849,cus_000000500802,2025-09-17,5663.14,paid,USD
in_000009850,cus_000000500803,2023-03-23,287.11,paid,USD
in_000009851,cus_000000500803,2023-04-24,327.58,paid,USD
in_000009852,cus_000000500803,2023-05-24,318.08,paid,USD
in_000009853,cus_000000500803,2023-06-21,287.49,paid,USD
in_000009854,cus_000000500803,2023-07-19,324.88,paid,USD
in_000009855,cus_000000500803,2023-08-19,285.90,paid,USD
in_000009856,cus_000000500803,2023-09-18,275.87,paid,USD
in_000009857,cus_000000500803,2023-10-17,293.54,paid,USD
in_000009858,cus_000000500803,2023-11-16,301.60,paid,USD
in_000009859,cus_000000500803,2023-12-17,294.05,paid,USD
in_000009860,cus_000000500803,2024-01-19,281.75,paid,USD
in_000009861,cus_000000500803,2024-02-19,287.69,failed,USD
in_000009862,cus_000000500803,2024-03-23,306.65,paid,USD
in_000009863,cus_000000500803,2024-04-25,275.04,paid,USD
in_000009864,cus_000000500803,2024-05-27,309.65,paid,USD
in_000009865,cus_000000500803,2024-06-28,273.62,paid,USD
in_000009866,cus_000000500803,2024-07-31,280.56,paid,USD
in_000009867,cus_000000500803,2024-08-29,300.44,paid,USD
in_000009868,cus_000000500803,2024-09-25,290.29,paid,USD
in_000009869,cus_000000500803,2024-10-26,323.42,paid,USD
in_000009870,cus_000000500803,2024-11-23,311.60,paid,USD
in_000009871,cus_000000500803,2024-12-23,285.50,paid,USD
in_000009872,cus_000000500803,2025-01-20,301.76,paid,USD
in_000009873,cus_000000500803,2025-02-16,285.14,paid,USD
in_000009874,cus_000000500803,2025-03-17,306.67,paid,USD
in_000009875,cus_000000500803,2025-04-18,303.93,paid,USD
in_000009876,cus_000000500803,2025-05-16,320.45,paid,USD
in_000009877,cus_000000500803,2025-06-18,326.45,paid,USD
in_000009878,cus_000000500803,2025-07-17,280.30,paid,USD
in_000009879,cus_000000500803,2025-08-19,313.99,paid,USD
in_000009880,cus_000000500803,2025-09-15,310.88,paid,USD
in_000009881,cus_000000500804,2024-09-21,132.57,paid,USD
in_000009882,cus_000000500804,2024-10-24,141.47,paid,USD
in_000009883,cus_000000500804,2024-11-21,135.69,paid,USD
in_000009884,cus_000000500804,2024-12-23,132.93,failed,USD
in_000009885,cus_000000500804,2025-01-19,143.84,paid,USD
in_000009886,cus_000000500804,2025-02-19,150.63,paid,USD
in_000009887,cus_000000500804,2025-03-22,129.20,paid,USD
in_000009888,cus_000000500804,2025-04-23,136.08,paid,USD
in_000009889,cus_000000500804,2025-05-22,133.77,paid,USD
in_000009890,cus_000000500804,2025-06-23,143.44,paid,USD
in_000009891,cus_000000500804,2025-07-23,130.57,paid,USD
in_000009892,cus_000000500804,2025-08-25,129.05,paid,USD
in_000009893,cus_000000500804,2025-09-26,136.89,paid,USD
in_000009894,cus_000000500804,2025-10-27,142.34,paid,USD
in_000009895,cus_000000500804,2025-11-28,130.47,paid,USD
in_000009896,cus_000000500804,2025-12-29,140.77,paid,USD
in_000009897,cus_000000500804,2026-01-29,125.02,paid,USD
in_000009898,cus_000000500804,2026-02-25,143.82,paid,USD
in_000009899,cus_000000500804,2026-03-25,140.18,paid,USD
in_000009900,cus_000000500804,2026-04-22,128.18,paid,USD
in_000009901,cus_000000500804,2026-05-22,142.13,refunded,USD
in_000009902,cus_000000500804,2026-06-19,145.18,paid,USD
in_000009903,cus_000000500804,2026-07-21,141.19,paid,USD
in_000009904,cus_000000500804,2026-08-18,131.57,paid,USD
in_000009905,cus_000000500805,2024-09-12,134.56,paid,USD
in_000009906,cus_000000500805,2024-10-14,141.96,paid,USD
in_000009907,cus_000000500805,2024-11-15,137.92,refunded,USD
in_000009908,cus_000000500805,2024-12-12,140.13,paid,USD
in_000009909,cus_000000500805,2025-01-09,144.36,paid,USD
in_000009910,cus_000000500805,2025-02-10,147.00,paid,USD
in_000009911,cus_000000500805,2025-03-14,130.45,paid,USD
in_000009912,cus_000000500805,2025-04-16,125.43,paid,USD
in_000009913,cus_000000500805,2025-05-17,146.33,paid,USD
in_000009914,cus_000000500805,2025-06-15,130.36,paid,USD
in_000009915,cus_000000500805,2025-07-12,129.72,paid,USD
in_000009916,cus_000000500805,2025-08-11,134.10,paid,USD
in_000009917,cus_000000500805,2025-09-10,130.44,paid,USD
in_000009918,cus_000000500805,2025-10-07,144.80,paid,USD
in_000009919,cus_000000500805,2025-11-07,140.35,paid,USD
in_000009920,cus_000000500805,2025-12-09,149.36,paid,USD
in_000009921,cus_000000500805,2026-01-06,126.49,refunded,USD
in_000009922,cus_000000500805,2026-02-05,147.55,paid,USD
in_000009923,cus_000000500805,2026-03-07,144.70,paid,USD
in_000009924,cus_000000500805,2026-04-03,145.66,paid,USD
in_000009925,cus_000000500805,2026-05-06,133.65,paid,USD
in_000009926,cus_000000500805,2026-06-03,148.21,paid,USD
in_000009927,cus_000000500805,2026-07-04,148.88,paid,USD
in_000009928,cus_000000500805,2026-08-01,129.24,paid,USD
in_000009929,cus_000000500806,2025-10-03,8503.90,paid,USD
in_000009930,cus_000000500807,2025-06-11,2688.99,paid,USD
in_000009931,cus_000000500807,2026-06-11,2626.72,failed,USD
in_000009932,cus_000000500808,2025-01-09,8373.67,paid,USD
in_000009933,cus_000000500808,2025-02-10,7951.14,paid,USD
in_000009934,cus_000000500808,2025-03-15,8931.74,paid,USD
in_000009935,cus_000000500808,2025-04-13,8060.22,void,USD
in_000009936,cus_000000500808,2025-05-16,8505.34,paid,USD
in_000009937,cus_000000500808,2025-06-18,8264.20,paid,USD
in_000009938,cus_000000500808,2025-07-18,8741.72,paid,USD
in_000009939,cus_000000500808,2025-08-20,8708.68,paid,USD
in_000009940,cus_000000500808,2025-09-16,9277.04,paid,USD
in_000009941,cus_000000500808,2025-10-16,8727.48,paid,USD
in_000009942,cus_000000500808,2025-11-15,9492.95,paid,USD
in_000009943,cus_000000500808,2025-12-12,9595.56,refunded,USD
in_000009944,cus_000000500808,2026-01-13,9507.41,paid,USD
in_000009945,cus_000000500808,2026-02-14,9576.66,paid,USD
in_000009946,cus_000000500808,2026-03-15,9357.19,paid,USD
in_000009947,cus_000000500808,2026-04-17,9473.47,paid,USD
in_000009948,cus_000000500808,2026-05-16,8882.74,paid,USD
in_000009949,cus_000000500808,2026-06-12,8574.55,paid,USD
in_000009950,cus_000000500808,2026-07-13,8789.79,paid,USD
in_000009951,cus_000000500808,2026-08-11,9201.41,paid,USD
in_000009952,cus_000000500809,2023-12-12,711.76,paid,USD
in_000009953,cus_000000500809,2024-01-13,605.67,paid,USD
in_000009954,cus_000000500809,2024-02-09,649.18,paid,USD
in_000009955,cus_000000500809,2024-03-07,635.77,paid,USD
in_000009956,cus_000000500809,2024-04-08,637.36,paid,USD
in_000009957,cus_000000500809,2024-05-06,720.70,paid,USD
in_000009958,cus_000000500809,2024-06-02,722.25,paid,USD
in_000009959,cus_000000500809,2024-07-05,671.68,refunded,USD
in_000009960,cus_000000500809,2024-08-03,679.51,paid,USD
in_000009961,cus_000000500809,2024-09-02,654.67,paid,USD
in_000009962,cus_000000500809,2024-10-03,697.05,paid,USD
in_000009963,cus_000000500809,2024-11-01,646.38,paid,USD
in_000009964,cus_000000500809,2024-11-30,646.81,paid,USD
in_000009965,cus_000000500809,2025-01-02,660.33,refunded,USD
in_000009966,cus_000000500809,2025-02-01,683.20,paid,USD
in_000009967,cus_000000500809,2025-02-28,615.56,void,USD
in_000009968,cus_000000500809,2025-04-02,663.76,paid,USD
in_000009969,cus_000000500809,2025-05-05,632.63,paid,USD
in_000009970,cus_000000500809,2025-06-05,631.83,void,USD
in_000009971,cus_000000500809,2025-07-05,669.44,paid,USD
in_000009972,cus_000000500809,2025-08-05,619.97,paid,USD
in_000009973,cus_000000500809,2025-09-03,650.02,paid,USD
in_000009974,cus_000000500809,2025-10-03,643.98,paid,USD
in_000009975,cus_000000500809,2025-11-01,693.61,paid,USD
in_000009976,cus_000000500809,2025-11-29,685.13,paid,USD
in_000009977,cus_000000500809,2025-12-31,645.85,paid,USD
in_000009978,cus_000000500810,2025-12-25,302.75,paid,USD
in_000009979,cus_000000500810,2026-01-27,266.19,paid,USD
in_000009980,cus_000000500810,2026-02-23,284.50,paid,USD
in_000009981,cus_000000500810,2026-03-22,293.68,paid,USD
in_000009982,cus_000000500810,2026-04-20,283.48,paid,USD
in_000009983,cus_000000500810,2026-05-17,260.27,paid,USD
in_000009984,cus_000000500810,2026-06-16,261.21,paid,USD
in_000009985,cus_000000500810,2026-07-13,282.91,paid,USD
in_000009986,cus_000000500810,2026-08-15,273.63,paid,USD
in_000009987,cus_000000500811,2024-11-13,1302.02,paid,USD
in_000009988,cus_000000500811,2024-12-12,1140.50,refunded,USD
in_000009989,cus_000000500811,2025-01-10,1197.53,paid,USD
in_000009990,cus_000000500811,2025-02-08,1125.94,paid,USD
in_000009991,cus_000000500811,2025-03-11,1156.75,paid,USD
in_000009992,cus_000000500811,2025-04-07,1258.80,paid,USD
in_000009993,cus_000000500811,2025-05-07,1113.03,paid,USD
in_000009994,cus_000000500811,2025-06-03,1256.98,paid,USD
in_000009995,cus_000000500811,2025-07-01,1225.30,paid,USD
in_000009996,cus_000000500811,2025-08-01,1238.86,paid,USD
in_000009997,cus_000000500811,2025-08-28,1266.99,paid,USD
in_000009998,cus_000000500811,2025-09-28,1093.60,paid,USD
in_000009999,cus_000000500811,2025-10-25,1174.80,paid,USD
in_000010000,cus_000000500811,2025-11-27,1130.53,paid,USD
in_000010001,cus_000000500811,2025-12-28,1150.83,paid,USD
in_000010002,cus_000000500811,2026-01-29,1130.68,paid,USD
in_000010003,cus_000000500811,2026-03-02,1282.04,paid,USD
in_000010004,cus_000000500811,2026-04-02,1284.60,paid,USD
in_000010005,cus_000000500811,2026-05-04,1261.21,paid,USD
in_000010006,cus_000000500811,2026-06-01,1285.34,refunded,USD
in_000010007,cus_000000500811,2026-07-01,1136.50,paid,USD
in_000010008,cus_000000500811,2026-07-31,1155.20,void,USD
in_000010009,cus_000000500812,2024-08-31,325.58,paid,USD
in_000010010,cus_000000500812,2024-10-03,325.78,paid,USD
in_000010011,cus_000000500812,2024-11-03,271.82,paid,USD
in_000010012,cus_000000500812,2024-12-03,300.37,paid,USD
in_000010013,cus_000000500812,2024-12-30,288.75,paid,USD
in_000010014,cus_000000500812,2025-01-27,326.37,paid,USD
in_000010015,cus_000000500812,2025-02-27,284.32,paid,USD
in_000010016,cus_000000500812,2025-03-31,282.84,paid,USD
in_000010017,cus_000000500812,2025-05-01,284.00,paid,USD
in_000010018,cus_000000500812,2025-06-01,299.87,paid,USD
in_000010019,cus_000000500812,2025-07-04,301.92,paid,USD
in_000010020,cus_000000500812,2025-08-06,276.61,paid,USD
in_000010021,cus_000000500812,2025-09-02,324.22,paid,USD
in_000010022,cus_000000500812,2025-09-30,288.48,paid,USD
in_000010023,cus_000000500812,2025-10-30,318.56,paid,USD
in_000010024,cus_000000500812,2025-11-27,284.02,paid,USD
in_000010025,cus_000000500812,2025-12-26,289.66,paid,USD
in_000010026,cus_000000500812,2026-01-22,324.17,paid,USD
in_000010027,cus_000000500812,2026-02-20,307.79,paid,USD
in_000010028,cus_000000500812,2026-03-19,324.37,paid,USD
in_000010029,cus_000000500813,2026-05-02,393.04,paid,USD
in_000010030,cus_000000500813,2026-06-02,401.77,paid,USD
in_000010031,cus_000000500813,2026-06-30,387.93,paid,USD
in_000010032,cus_000000500813,2026-07-29,440.40,paid,USD
in_000010033,cus_000000500815,2025-08-31,4553.95,paid,USD
in_000010034,cus_000000500817,2024-01-01,3948.52,paid,USD
in_000010035,cus_000000500817,2024-12-30,3856.10,paid,USD
in_000010036,cus_000000500819,2025-03-03,8373.51,paid,USD
in_000010037,cus_000000500819,2025-04-04,8950.22,paid,USD
in_000010038,cus_000000500819,2025-05-04,9423.22,paid,USD
in_000010039,cus_000000500819,2025-06-04,9705.86,paid,USD
in_000010040,cus_000000500819,2025-07-05,9690.84,paid,USD
in_000010041,cus_000000500819,2025-08-05,8867.39,paid,USD
in_000010042,cus_000000500819,2025-09-03,9260.49,paid,USD
in_000010043,cus_000000500819,2025-10-03,9115.02,paid,USD
in_000010044,cus_000000500819,2025-11-03,8795.87,void,USD
in_000010045,cus_000000500819,2025-12-06,9788.37,paid,USD
in_000010046,cus_000000500819,2026-01-04,8216.45,paid,USD
in_000010047,cus_000000500820,2025-04-19,306.92,paid,USD
in_000010048,cus_000000500820,2025-05-18,271.34,paid,USD
in_000010049,cus_000000500820,2025-06-16,321.21,paid,USD
in_000010050,cus_000000500820,2025-07-14,285.05,paid,USD
in_000010051,cus_000000500820,2025-08-13,286.18,paid,USD
in_000010052,cus_000000500820,2025-09-11,296.59,paid,USD
in_000010053,cus_000000500820,2025-10-10,328.55,paid,USD
in_000010054,cus_000000500820,2025-11-07,329.83,paid,USD
in_000010055,cus_000000500820,2025-12-06,315.30,paid,USD
in_000010056,cus_000000500820,2026-01-08,272.22,paid,USD
in_000010057,cus_000000500820,2026-02-06,283.26,paid,USD
in_000010058,cus_000000500820,2026-03-05,299.39,paid,USD
in_000010059,cus_000000500820,2026-04-04,312.08,paid,USD
in_000010060,cus_000000500820,2026-05-06,281.16,paid,USD
in_000010061,cus_000000500820,2026-06-07,306.15,paid,USD
in_000010062,cus_000000500820,2026-07-06,319.79,paid,USD
in_000010063,cus_000000500820,2026-08-04,283.94,paid,USD
in_000010064,cus_000000500821,2025-07-27,63002.27,paid,USD
in_000010065,cus_000000500821,2026-07-27,63155.35,paid,USD
in_000010066,cus_000000500822,2026-01-20,10695.36,paid,USD
in_000010067,cus_000000500822,2026-02-21,9469.19,paid,USD
in_000010068,cus_000000500822,2026-03-24,9466.16,refunded,USD
in_000010069,cus_000000500822,2026-04-24,10527.93,paid,USD
in_000010070,cus_000000500822,2026-05-24,10088.95,paid,USD
in_000010071,cus_000000500822,2026-06-22,10690.93,paid,USD
in_000010072,cus_000000500822,2026-07-21,9989.36,paid,USD
in_000010073,cus_000000500823,2025-11-17,8344.55,paid,USD
in_000010074,cus_000000500824,2024-11-02,3516.15,paid,USD
in_000010075,cus_000000500824,2025-11-01,3506.66,paid,USD
in_000010076,cus_000000500825,2025-07-07,59271.66,paid,USD
in_000010077,cus_000000500825,2026-07-05,50506.06,paid,USD
in_000010078,cus_000000500826,2025-09-21,5039.32,refunded,USD
in_000010079,cus_000000500827,2024-04-17,4383.34,paid,USD
in_000010080,cus_000000500827,2024-05-18,5306.33,paid,USD
in_000010081,cus_000000500827,2024-06-14,4568.81,paid,USD
in_000010082,cus_000000500827,2024-07-17,4942.57,paid,USD
in_000010083,cus_000000500827,2024-08-19,4538.12,paid,USD
in_000010084,cus_000000500827,2024-09-20,4720.04,paid,USD
in_000010085,cus_000000500827,2024-10-23,4450.47,paid,USD
in_000010086,cus_000000500827,2024-11-21,5331.19,paid,USD
in_000010087,cus_000000500827,2024-12-19,5033.73,paid,USD
in_000010088,cus_000000500827,2025-01-15,4782.23,paid,USD
in_000010089,cus_000000500827,2025-02-16,5066.15,paid,USD
in_000010090,cus_000000500827,2025-03-19,4713.55,paid,USD
in_000010091,cus_000000500827,2025-04-18,4506.72,paid,USD
in_000010092,cus_000000500827,2025-05-18,4713.58,paid,USD
in_000010093,cus_000000500827,2025-06-15,4817.85,paid,USD
in_000010094,cus_000000500827,2025-07-17,4791.22,paid,USD
in_000010095,cus_000000500827,2025-08-15,5047.77,paid,USD
in_000010096,cus_000000500827,2025-09-12,4828.24,paid,USD
in_000010097,cus_000000500827,2025-10-15,4794.97,paid,USD
in_000010098,cus_000000500827,2025-11-17,4808.16,paid,USD
in_000010099,cus_000000500827,2025-12-17,5150.93,paid,USD
in_000010100,cus_000000500827,2026-01-13,4654.80,paid,USD
in_000010101,cus_000000500827,2026-02-09,5214.30,paid,USD
in_000010102,cus_000000500827,2026-03-08,4599.63,paid,USD
in_000010103,cus_000000500827,2026-04-04,4965.92,paid,USD
in_000010104,cus_000000500827,2026-05-01,4813.76,paid,USD
in_000010105,cus_000000500827,2026-05-30,4922.23,paid,USD
in_000010106,cus_000000500827,2026-07-01,5131.92,paid,USD
in_000010107,cus_000000500827,2026-07-29,4473.60,paid,USD
in_000010108,cus_000000500828,2024-06-09,1017.09,paid,USD
in_000010109,cus_000000500828,2024-07-09,1069.38,paid,USD
in_000010110,cus_000000500828,2024-08-08,1111.26,paid,USD
in_000010111,cus_000000500828,2024-09-04,1034.34,paid,USD
in_000010112,cus_000000500828,2024-10-01,959.47,paid,USD
in_000010113,cus_000000500828,2024-11-02,988.40,paid,USD
in_000010114,cus_000000500828,2024-11-30,1069.44,paid,USD
in_000010115,cus_000000500828,2025-01-01,1118.26,void,USD
in_000010116,cus_000000500828,2025-01-30,974.42,paid,USD
in_000010117,cus_000000500828,2025-03-02,991.33,paid,USD
in_000010118,cus_000000500828,2025-03-30,1075.04,paid,USD
in_000010119,cus_000000500828,2025-04-26,966.82,paid,USD
in_000010120,cus_000000500828,2025-05-24,1025.93,paid,USD
in_000010121,cus_000000500828,2025-06-25,970.68,paid,USD
in_000010122,cus_000000500828,2025-07-27,967.26,paid,USD
in_000010123,cus_000000500828,2025-08-24,1027.25,paid,USD
in_000010124,cus_000000500828,2025-09-24,1056.54,paid,USD
in_000010125,cus_000000500828,2025-10-23,1058.05,paid,USD
in_000010126,cus_000000500828,2025-11-20,1022.99,paid,USD
in_000010127,cus_000000500828,2025-12-20,1043.76,paid,USD
in_000010128,cus_000000500828,2026-01-20,925.03,paid,USD
in_000010129,cus_000000500828,2026-02-20,1123.31,paid,USD
in_000010130,cus_000000500829,2024-10-23,7851.22,paid,USD
in_000010131,cus_000000500829,2025-10-24,8839.95,paid,USD
in_000010132,cus_000000500830,2023-09-18,307.03,paid,USD
in_000010133,cus_000000500830,2023-10-19,283.14,paid,USD
in_000010134,cus_000000500830,2023-11-20,319.19,paid,USD
in_000010135,cus_000000500830,2023-12-22,327.56,paid,USD
in_000010136,cus_000000500830,2024-01-20,280.08,paid,USD
in_000010137,cus_000000500830,2024-02-16,302.52,paid,USD
in_000010138,cus_000000500830,2024-03-15,306.14,paid,USD
in_000010139,cus_000000500830,2024-04-17,287.42,paid,USD
in_000010140,cus_000000500830,2024-05-20,276.04,paid,USD
in_000010141,cus_000000500830,2024-06-21,299.82,paid,USD
in_000010142,cus_000000500830,2024-07-21,272.88,paid,USD
in_000010143,cus_000000500830,2024-08-21,279.01,paid,USD
in_000010144,cus_000000500830,2024-09-18,319.70,paid,USD
in_000010145,cus_000000500830,2024-10-17,277.90,paid,USD
in_000010146,cus_000000500830,2024-11-13,327.16,paid,USD
in_000010147,cus_000000500830,2024-12-14,323.70,paid,USD
in_000010148,cus_000000500830,2025-01-11,329.17,void,USD
in_000010149,cus_000000500830,2025-02-11,270.36,paid,USD
in_000010150,cus_000000500830,2025-03-11,277.68,paid,USD
in_000010151,cus_000000500830,2025-04-07,310.92,paid,USD
in_000010152,cus_000000500830,2025-05-07,324.01,paid,USD
in_000010153,cus_000000500830,2025-06-05,300.17,paid,USD
in_000010154,cus_000000500830,2025-07-05,314.05,paid,USD
in_000010155,cus_000000500830,2025-08-01,290.00,paid,USD
in_000010156,cus_000000500830,2025-09-02,297.74,paid,USD
in_000010157,cus_000000500830,2025-09-29,327.58,paid,USD
in_000010158,cus_000000500830,2025-10-28,277.23,paid,USD
in_000010159,cus_000000500830,2025-11-29,320.28,paid,USD
in_000010160,cus_000000500830,2025-12-30,297.66,paid,USD
in_000010161,cus_000000500830,2026-01-28,310.35,paid,USD
in_000010162,cus_000000500830,2026-02-28,278.51,paid,USD
in_000010163,cus_000000500830,2026-04-02,290.43,paid,USD
in_000010164,cus_000000500830,2026-05-04,310.44,paid,USD
in_000010165,cus_000000500830,2026-06-01,302.86,paid,USD
in_000010166,cus_000000500830,2026-06-28,295.23,paid,USD
in_000010167,cus_000000500830,2026-07-26,305.70,paid,USD
in_000010168,cus_000000500831,2025-08-23,707.15,paid,USD
in_000010169,cus_000000500831,2025-09-21,625.43,paid,USD
in_000010170,cus_000000500831,2025-10-23,678.03,refunded,USD
in_000010171,cus_000000500831,2025-11-22,701.01,paid,USD
in_000010172,cus_000000500831,2025-12-22,716.39,paid,USD
in_000010173,cus_000000500831,2026-01-18,657.67,paid,USD
in_000010174,cus_000000500831,2026-02-16,597.78,paid,USD
in_000010175,cus_000000500831,2026-03-15,664.30,paid,USD
in_000010176,cus_000000500831,2026-04-15,672.96,paid,USD
in_000010177,cus_000000500831,2026-05-18,643.64,void,USD
in_000010178,cus_000000500831,2026-06-18,711.52,paid,USD
in_000010179,cus_000000500831,2026-07-17,611.64,paid,USD
in_000010180,cus_000000500831,2026-08-14,650.73,paid,USD
in_000010181,cus_000000500833,2023-11-16,234.30,paid,USD
in_000010182,cus_000000500833,2023-12-15,266.64,refunded,USD
in_000010183,cus_000000500833,2024-01-15,257.46,paid,USD
in_000010184,cus_000000500833,2024-02-17,227.49,paid,USD
in_000010185,cus_000000500833,2024-03-19,235.93,paid,USD
in_000010186,cus_000000500833,2024-04-17,231.95,paid,USD
in_000010187,cus_000000500833,2024-05-18,248.19,paid,USD
in_000010188,cus_000000500833,2024-06-17,252.51,paid,USD
in_000010189,cus_000000500833,2024-07-16,241.78,paid,USD
in_000010190,cus_000000500833,2024-08-16,234.37,paid,USD
in_000010191,cus_000000500833,2024-09-15,233.74,paid,USD
in_000010192,cus_000000500833,2024-10-12,267.33,paid,USD
in_000010193,cus_000000500833,2024-11-13,242.99,paid,USD
in_000010194,cus_000000500833,2024-12-14,226.94,paid,USD
in_000010195,cus_000000500833,2025-01-10,274.10,void,USD
in_000010196,cus_000000500833,2025-02-07,240.13,paid,USD
in_000010197,cus_000000500833,2025-03-08,244.61,paid,USD
in_000010198,cus_000000500833,2025-04-09,254.12,paid,USD
in_000010199,cus_000000500833,2025-05-11,229.93,paid,USD
in_000010200,cus_000000500833,2025-06-09,252.57,paid,USD
in_000010201,cus_000000500833,2025-07-09,275.94,paid,USD
in_000010202,cus_000000500833,2025-08-09,267.55,paid,USD
in_000010203,cus_000000500833,2025-09-07,238.75,paid,USD
in_000010204,cus_000000500833,2025-10-06,243.24,paid,USD
in_000010205,cus_000000500833,2025-11-07,240.91,paid,USD
in_000010206,cus_000000500833,2025-12-05,245.50,paid,USD
in_000010207,cus_000000500833,2026-01-01,227.55,paid,USD
in_000010208,cus_000000500833,2026-02-03,240.17,paid,USD
in_000010209,cus_000000500833,2026-03-08,231.98,paid,USD
in_000010210,cus_000000500834,2025-11-20,105026.33,paid,USD
in_000010211,cus_000000500836,2025-06-02,17504.23,paid,USD
in_000010212,cus_000000500838,2024-09-25,71726.39,paid,USD
in_000010213,cus_000000500838,2025-09-24,70692.97,paid,USD
in_000010214,cus_000000500839,2025-02-23,4660.44,paid,USD
in_000010215,cus_000000500839,2026-02-24,4361.80,refunded,USD
in_000010216,cus_000000500840,2026-05-01,445.74,paid,USD
in_000010217,cus_000000500840,2026-05-31,393.38,paid,USD
in_000010218,cus_000000500840,2026-06-28,435.13,paid,USD
in_000010219,cus_000000500840,2026-07-26,397.56,paid,USD
in_000010220,cus_000000500841,2024-10-23,7811.68,paid,USD
in_000010221,cus_000000500841,2024-11-24,7739.79,paid,USD
in_000010222,cus_000000500841,2024-12-23,9146.91,paid,USD
in_000010223,cus_000000500841,2025-01-24,8281.33,paid,USD
in_000010224,cus_000000500841,2025-02-21,9141.10,paid,USD
in_000010225,cus_000000500841,2025-03-23,8535.82,void,USD
in_000010226,cus_000000500841,2025-04-25,7913.30,paid,USD
in_000010227,cus_000000500841,2025-05-23,8894.94,paid,USD
in_000010228,cus_000000500841,2025-06-19,8402.21,paid,USD
in_000010229,cus_000000500841,2025-07-21,8372.74,paid,USD
in_000010230,cus_000000500841,2025-08-18,8015.60,paid,USD
in_000010231,cus_000000500841,2025-09-14,8399.86,paid,USD
in_000010232,cus_000000500841,2025-10-17,8316.37,paid,USD
in_000010233,cus_000000500841,2025-11-14,8709.24,paid,USD
in_000010234,cus_000000500841,2025-12-15,8355.27,paid,USD
in_000010235,cus_000000500841,2026-01-14,8917.43,paid,USD
in_000010236,cus_000000500841,2026-02-16,7705.52,paid,USD
in_000010237,cus_000000500841,2026-03-17,8688.55,paid,USD
in_000010238,cus_000000500841,2026-04-16,8233.98,refunded,USD
in_000010239,cus_000000500842,2024-02-23,3324.09,paid,USD
in_000010240,cus_000000500842,2025-02-24,3271.49,paid,USD
in_000010241,cus_000000500842,2026-02-25,3487.96,paid,USD
in_000010242,cus_000000500843,2025-08-08,5525.89,paid,USD
in_000010243,cus_000000500843,2026-08-10,4719.89,paid,USD
in_000010244,cus_000000500844,2026-04-02,3543.76,paid,USD
in_000010245,cus_000000500845,2024-07-01,4748.44,paid,USD
in_000010246,cus_000000500845,2024-07-28,4992.28,paid,USD
in_000010247,cus_000000500845,2024-08-30,5470.12,paid,USD
in_000010248,cus_000000500845,2024-09-30,4796.40,paid,USD
in_000010249,cus_000000500845,2024-10-31,4671.68,paid,USD
in_000010250,cus_000000500845,2024-11-27,5442.08,paid,USD
in_000010251,cus_000000500845,2024-12-26,4722.27,paid,USD
in_000010252,cus_000000500845,2025-01-27,5353.88,paid,USD
in_000010253,cus_000000500845,2025-02-23,5174.16,paid,USD
in_000010254,cus_000000500845,2025-03-28,5069.17,paid,USD
in_000010255,cus_000000500845,2025-04-30,4646.58,paid,USD
in_000010256,cus_000000500845,2025-05-31,4982.71,paid,USD
in_000010257,cus_000000500845,2025-06-27,4582.43,paid,USD
in_000010258,cus_000000500845,2025-07-28,4992.22,paid,USD
in_000010259,cus_000000500845,2025-08-30,5283.29,paid,USD
in_000010260,cus_000000500845,2025-10-02,5081.70,paid,USD
in_000010261,cus_000000500845,2025-10-30,4516.52,paid,USD
in_000010262,cus_000000500845,2025-11-28,5090.18,paid,USD
in_000010263,cus_000000500845,2025-12-25,5257.36,paid,USD
in_000010264,cus_000000500845,2026-01-22,5254.51,paid,USD
in_000010265,cus_000000500845,2026-02-20,5261.83,paid,USD
in_000010266,cus_000000500845,2026-03-23,5485.08,paid,USD
in_000010267,cus_000000500845,2026-04-23,5226.48,paid,USD
in_000010268,cus_000000500845,2026-05-22,4533.24,paid,USD
in_000010269,cus_000000500845,2026-06-18,5437.74,paid,USD
in_000010270,cus_000000500845,2026-07-15,4775.69,paid,USD
in_000010271,cus_000000500845,2026-08-11,4710.96,paid,USD
in_000010272,cus_000000500846,2023-01-27,9182.11,paid,USD
in_000010273,cus_000000500846,2024-01-30,10064.71,paid,USD
in_000010274,cus_000000500846,2025-01-29,8923.97,paid,USD
in_000010275,cus_000000500846,2026-01-26,8588.99,paid,USD
in_000010276,cus_000000500847,2023-07-25,10376.36,paid,USD
in_000010277,cus_000000500847,2024-07-21,8769.65,paid,USD
in_000010278,cus_000000500847,2025-07-22,9579.73,paid,USD
in_000010279,cus_000000500847,2026-07-25,10038.23,paid,USD
in_000010280,cus_000000500848,2025-02-14,9048.56,paid,USD
in_000010281,cus_000000500848,2025-03-16,7580.63,paid,USD
in_000010282,cus_000000500848,2025-04-17,7473.64,paid,USD
in_000010283,cus_000000500848,2025-05-15,9121.87,paid,USD
in_000010284,cus_000000500848,2025-06-16,8491.83,paid,USD
in_000010285,cus_000000500848,2025-07-19,8806.89,paid,USD
in_000010286,cus_000000500848,2025-08-20,7790.32,paid,USD
in_000010287,cus_000000500848,2025-09-19,8732.98,paid,USD
in_000010288,cus_000000500848,2025-10-17,7725.35,paid,USD
in_000010289,cus_000000500848,2025-11-17,9049.22,paid,USD
in_000010290,cus_000000500848,2025-12-19,7882.99,paid,USD
in_000010291,cus_000000500848,2026-01-15,8636.87,paid,USD
in_000010292,cus_000000500848,2026-02-11,9086.15,paid,USD
in_000010293,cus_000000500848,2026-03-13,7893.11,paid,USD
in_000010294,cus_000000500848,2026-04-14,8661.23,paid,USD
in_000010295,cus_000000500848,2026-05-14,8196.92,paid,USD
in_000010296,cus_000000500848,2026-06-16,7929.21,paid,USD
in_000010297,cus_000000500848,2026-07-18,8160.85,paid,USD
in_000010298,cus_000000500848,2026-08-15,8618.09,paid,USD
in_000010299,cus_000000500849,2024-03-27,4402.85,paid,USD
in_000010300,cus_000000500849,2024-04-27,4394.49,paid,USD
in_000010301,cus_000000500849,2024-05-24,5207.30,paid,USD
in_000010302,cus_000000500849,2024-06-25,5021.74,paid,USD
in_000010303,cus_000000500849,2024-07-27,5299.31,paid,USD
in_000010304,cus_000000500849,2024-08-24,4736.72,paid,USD
in_000010305,cus_000000500849,2024-09-25,4725.52,void,USD
in_000010306,cus_000000500849,2024-10-25,4805.33,paid,USD
in_000010307,cus_000000500849,2024-11-26,4590.38,paid,USD
in_000010308,cus_000000500849,2024-12-23,5080.77,paid,USD
in_000010309,cus_000000500849,2025-01-25,5322.14,paid,USD
in_000010310,cus_000000500849,2025-02-25,4789.17,paid,USD
in_000010311,cus_000000500849,2025-03-27,4934.82,paid,USD
in_000010312,cus_000000500849,2025-04-24,4782.99,paid,USD
in_000010313,cus_000000500849,2025-05-22,5103.67,paid,USD
in_000010314,cus_000000500849,2025-06-19,5320.45,paid,USD
in_000010315,cus_000000500849,2025-07-21,4852.10,paid,USD
in_000010316,cus_000000500849,2025-08-17,4393.99,paid,USD
in_000010317,cus_000000500849,2025-09-15,4977.98,paid,USD
in_000010318,cus_000000500849,2025-10-13,4900.44,paid,USD
in_000010319,cus_000000500849,2025-11-09,5127.23,paid,USD
in_000010320,cus_000000500849,2025-12-08,4437.33,paid,USD
in_000010321,cus_000000500849,2026-01-07,5196.17,paid,USD
in_000010322,cus_000000500849,2026-02-05,4821.18,paid,USD
in_000010323,cus_000000500849,2026-03-06,4659.07,paid,USD
in_000010324,cus_000000500849,2026-04-06,4697.36,paid,USD
in_000010325,cus_000000500849,2026-05-09,4389.35,paid,USD
in_000010326,cus_000000500849,2026-06-06,4908.07,paid,USD
in_000010327,cus_000000500849,2026-07-06,4826.67,paid,USD
in_000010328,cus_000000500849,2026-08-06,4674.90,paid,USD
in_000010329,cus_000000500850,2026-03-13,315.38,paid,USD
in_000010330,cus_000000500850,2026-04-14,291.56,paid,USD
in_000010331,cus_000000500850,2026-05-17,315.96,paid,USD
in_000010332,cus_000000500850,2026-06-19,289.27,paid,USD
in_000010333,cus_000000500850,2026-07-22,282.60,paid,USD
in_000010334,cus_000000500851,2024-11-21,284.44,paid,USD
in_000010335,cus_000000500851,2024-12-23,315.32,paid,USD
in_000010336,cus_000000500851,2025-01-22,299.00,paid,USD
in_000010337,cus_000000500851,2025-02-23,289.01,paid,USD
in_000010338,cus_000000500851,2025-03-23,299.17,paid,USD
in_000010339,cus_000000500851,2025-04-21,326.85,failed,USD
in_000010340,cus_000000500851,2025-05-19,278.62,paid,USD
in_000010341,cus_000000500851,2025-06-21,324.29,failed,USD
in_000010342,cus_000000500851,2025-07-22,273.28,refunded,USD
in_000010343,cus_000000500851,2025-08-20,282.16,paid,USD
in_000010344,cus_000000500851,2025-09-21,318.80,void,USD
in_000010345,cus_000000500851,2025-10-18,293.48,paid,USD
in_000010346,cus_000000500851,2025-11-18,322.03,paid,USD
in_000010347,cus_000000500852,2024-03-31,769.83,paid,USD
in_000010348,cus_000000500852,2024-05-02,758.74,paid,USD
in_000010349,cus_000000500852,2024-06-01,807.77,paid,USD
in_000010350,cus_000000500852,2024-07-03,856.98,paid,USD
in_000010351,cus_000000500852,2024-07-31,755.02,paid,USD
in_000010352,cus_000000500852,2024-09-02,800.43,paid,USD
in_000010353,cus_000000500852,2024-09-30,743.20,paid,USD
in_000010354,cus_000000500852,2024-11-02,749.95,paid,USD
in_000010355,cus_000000500852,2024-12-03,714.19,paid,USD
in_000010356,cus_000000500852,2025-01-04,855.56,paid,USD
in_000010357,cus_000000500852,2025-02-04,731.82,paid,USD
in_000010358,cus_000000500852,2025-03-09,851.48,paid,USD
in_000010359,cus_000000500852,2025-04-07,826.41,paid,USD
in_000010360,cus_000000500852,2025-05-04,844.30,paid,USD
in_000010361,cus_000000500852,2025-06-06,809.70,paid,USD
in_000010362,cus_000000500852,2025-07-03,801.52,paid,USD
in_000010363,cus_000000500852,2025-07-30,777.07,paid,USD
in_000010364,cus_000000500852,2025-08-29,819.04,paid,USD
in_000010365,cus_000000500852,2025-09-27,731.21,paid,USD
in_000010366,cus_000000500852,2025-10-26,754.05,paid,USD
in_000010367,cus_000000500852,2025-11-25,731.83,paid,USD
in_000010368,cus_000000500852,2025-12-23,714.65,paid,USD
in_000010369,cus_000000500852,2026-01-25,795.44,paid,USD
in_000010370,cus_000000500852,2026-02-26,826.73,paid,USD
in_000010371,cus_000000500852,2026-03-25,839.48,paid,USD
in_000010372,cus_000000500852,2026-04-27,856.25,paid,USD
in_000010373,cus_000000500852,2026-05-29,816.61,paid,USD
in_000010374,cus_000000500852,2026-06-30,789.16,paid,USD
in_000010375,cus_000000500852,2026-07-31,769.07,paid,USD
in_000010376,cus_000000500853,2024-08-14,459.54,paid,USD
in_000010377,cus_000000500853,2024-09-15,399.48,paid,USD
in_000010378,cus_000000500853,2024-10-14,404.99,paid,USD
in_000010379,cus_000000500853,2024-11-14,391.76,paid,USD
in_000010380,cus_000000500853,2024-12-12,450.49,paid,USD
in_000010381,cus_000000500853,2025-01-10,401.23,paid,USD
in_000010382,cus_000000500853,2025-02-12,386.16,paid,USD
in_000010383,cus_000000500853,2025-03-17,387.23,paid,USD
in_000010384,cus_000000500853,2025-04-18,409.45,paid,USD
in_000010385,cus_000000500853,2025-05-20,420.58,paid,USD
in_000010386,cus_000000500853,2025-06-20,430.23,paid,USD
in_000010387,cus_000000500853,2025-07-20,428.24,paid,USD
in_000010388,cus_000000500853,2025-08-19,391.62,paid,USD
in_000010389,cus_000000500853,2025-09-17,447.11,paid,USD
in_000010390,cus_000000500853,2025-10-17,431.78,paid,USD
in_000010391,cus_000000500853,2025-11-15,389.64,refunded,USD
in_000010392,cus_000000500853,2025-12-14,436.05,paid,USD
in_000010393,cus_000000500853,2026-01-11,411.01,paid,USD
in_000010394,cus_000000500853,2026-02-11,402.21,paid,USD
in_000010395,cus_000000500853,2026-03-12,462.76,paid,USD
in_000010396,cus_000000500853,2026-04-08,406.34,paid,USD
in_000010397,cus_000000500853,2026-05-05,405.47,paid,USD
in_000010398,cus_000000500853,2026-06-05,445.51,paid,USD
in_000010399,cus_000000500853,2026-07-06,453.50,paid,USD
in_000010400,cus_000000500853,2026-08-05,385.16,paid,USD
in_000010401,cus_000000500855,2023-09-20,8655.05,paid,USD
in_000010402,cus_000000500855,2023-10-22,8395.05,paid,USD
in_000010403,cus_000000500855,2023-11-24,8208.59,paid,USD
in_000010404,cus_000000500855,2023-12-21,9293.15,paid,USD
in_000010405,cus_000000500855,2024-01-22,8445.01,paid,USD
in_000010406,cus_000000500855,2024-02-23,9282.17,paid,USD
in_000010407,cus_000000500855,2024-03-24,8073.38,paid,USD
in_000010408,cus_000000500855,2024-04-21,8884.52,paid,USD
in_000010409,cus_000000500855,2024-05-22,7935.39,paid,USD
in_000010410,cus_000000500855,2024-06-18,9235.42,void,USD
in_000010411,cus_000000500855,2024-07-20,9523.97,paid,USD
in_000010412,cus_000000500855,2024-08-16,8262.23,paid,USD
in_000010413,cus_000000500855,2024-09-18,9481.26,refunded,USD
in_000010414,cus_000000500855,2024-10-16,9279.80,paid,USD
in_000010415,cus_000000500855,2024-11-14,7864.27,paid,USD
in_000010416,cus_000000500855,2024-12-17,9560.99,paid,USD
in_000010417,cus_000000500855,2025-01-13,8077.16,paid,USD
in_000010418,cus_000000500855,2025-02-12,9350.13,paid,USD
in_000010419,cus_000000500855,2025-03-14,8302.07,paid,USD
in_000010420,cus_000000500855,2025-04-16,7991.78,paid,USD
in_000010421,cus_000000500855,2025-05-13,9239.31,paid,USD
in_000010422,cus_000000500855,2025-06-12,9335.88,paid,USD
in_000010423,cus_000000500855,2025-07-10,9151.57,paid,USD
in_000010424,cus_000000500855,2025-08-06,9331.83,paid,USD
in_000010425,cus_000000500855,2025-09-02,8745.06,paid,USD
in_000010426,cus_000000500855,2025-10-05,7920.47,paid,USD
in_000010427,cus_000000500855,2025-11-05,8620.32,paid,USD
in_000010428,cus_000000500855,2025-12-07,8212.23,paid,USD
in_000010429,cus_000000500855,2026-01-03,9111.84,paid,USD
in_000010430,cus_000000500855,2026-01-31,9049.44,paid,USD
in_000010431,cus_000000500855,2026-03-05,9202.88,refunded,USD
in_000010432,cus_000000500855,2026-04-02,9296.32,paid,USD
in_000010433,cus_000000500855,2026-05-03,8531.25,paid,USD
in_000010434,cus_000000500855,2026-05-31,8282.34,paid,USD
in_000010435,cus_000000500856,2025-01-06,303.93,paid,USD
in_000010436,cus_000000500856,2025-02-02,313.58,paid,USD
in_000010437,cus_000000500856,2025-03-07,285.46,paid,USD
in_000010438,cus_000000500856,2025-04-08,287.26,paid,USD
in_000010439,cus_000000500856,2025-05-08,270.18,paid,USD
in_000010440,cus_000000500856,2025-06-09,280.26,paid,USD
in_000010441,cus_000000500856,2025-07-11,326.06,paid,USD
in_000010442,cus_000000500856,2025-08-07,308.81,paid,USD
in_000010443,cus_000000500856,2025-09-04,285.54,paid,USD
in_000010444,cus_000000500856,2025-10-03,280.54,paid,USD
in_000010445,cus_000000500856,2025-11-04,304.14,refunded,USD
in_000010446,cus_000000500856,2025-12-07,314.07,paid,USD
in_000010447,cus_000000500856,2026-01-03,287.80,paid,USD
in_000010448,cus_000000500856,2026-02-04,287.67,paid,USD
in_000010449,cus_000000500856,2026-03-06,297.34,paid,USD
in_000010450,cus_000000500856,2026-04-05,287.00,paid,USD
in_000010451,cus_000000500856,2026-05-08,311.06,paid,USD
in_000010452,cus_000000500856,2026-06-05,280.24,paid,USD
in_000010453,cus_000000500856,2026-07-03,322.01,paid,USD
in_000010454,cus_000000500856,2026-08-05,300.95,paid,USD
in_000010455,cus_000000500857,2026-05-22,4384.51,paid,USD
in_000010456,cus_000000500858,2023-02-27,3440.11,paid,USD
in_000010457,cus_000000500858,2024-02-24,3292.61,paid,USD
in_000010458,cus_000000500858,2025-02-22,3855.36,paid,USD
in_000010459,cus_000000500859,2025-11-12,2865.26,paid,USD
in_000010460,cus_000000500860,2023-02-09,3683.17,paid,USD
in_000010461,cus_000000500860,2024-02-07,3622.86,paid,USD
in_000010462,cus_000000500860,2025-02-07,3568.68,paid,USD
in_000010463,cus_000000500860,2026-02-06,3303.13,paid,USD
in_000010464,cus_000000500861,2026-04-30,7437.27,paid,USD
in_000010465,cus_000000500861,2026-05-29,7631.27,paid,USD
in_000010466,cus_000000500861,2026-06-25,7778.91,paid,USD
in_000010467,cus_000000500861,2026-07-25,8181.31,paid,USD
in_000010468,cus_000000500862,2025-12-30,13819.82,paid,USD
in_000010469,cus_000000500863,2026-03-04,317.12,paid,USD
in_000010470,cus_000000500863,2026-03-31,287.94,paid,USD
in_000010471,cus_000000500863,2026-05-03,278.80,paid,USD
in_000010472,cus_000000500863,2026-05-31,299.04,void,USD
in_000010473,cus_000000500863,2026-06-28,314.02,paid,USD
in_000010474,cus_000000500863,2026-07-26,293.08,paid,USD
in_000010475,cus_000000500864,2026-01-19,321.07,paid,USD
in_000010476,cus_000000500864,2026-02-20,304.67,paid,USD
in_000010477,cus_000000500864,2026-03-21,289.80,paid,USD
in_000010478,cus_000000500864,2026-04-22,291.31,paid,USD
in_000010479,cus_000000500864,2026-05-25,286.87,paid,USD
in_000010480,cus_000000500864,2026-06-24,277.16,paid,USD
in_000010481,cus_000000500864,2026-07-27,320.89,paid,USD
in_000010482,cus_000000500865,2024-03-01,2513.04,paid,USD
in_000010483,cus_000000500865,2024-04-01,2440.60,paid,USD
in_000010484,cus_000000500865,2024-05-02,2365.69,paid,USD
in_000010485,cus_000000500865,2024-06-04,2811.68,paid,USD
in_000010486,cus_000000500865,2024-07-01,2389.01,paid,USD
in_000010487,cus_000000500865,2024-07-29,2424.00,paid,USD
in_000010488,cus_000000500865,2024-08-25,2799.09,paid,USD
in_000010489,cus_000000500865,2024-09-24,2581.41,paid,USD
in_000010490,cus_000000500865,2024-10-25,2545.15,paid,USD
in_000010491,cus_000000500865,2024-11-21,2754.36,paid,USD
in_000010492,cus_000000500865,2024-12-20,2575.81,paid,USD
in_000010493,cus_000000500865,2025-01-20,2706.03,paid,USD
in_000010494,cus_000000500865,2025-02-21,2706.21,paid,USD
in_000010495,cus_000000500865,2025-03-25,2330.28,paid,USD
in_000010496,cus_000000500865,2025-04-24,2669.93,paid,USD
in_000010497,cus_000000500865,2025-05-25,2527.80,paid,USD
in_000010498,cus_000000500865,2025-06-21,2798.74,paid,USD
in_000010499,cus_000000500865,2025-07-19,2475.44,paid,USD
in_000010500,cus_000000500865,2025-08-21,2452.44,paid,USD
in_000010501,cus_000000500865,2025-09-18,2342.14,paid,USD
in_000010502,cus_000000500865,2025-10-18,2615.95,paid,USD
in_000010503,cus_000000500865,2025-11-14,2797.82,paid,USD
in_000010504,cus_000000500865,2025-12-13,2433.40,paid,USD
in_000010505,cus_000000500866,2026-02-03,15476.50,paid,USD
in_000010506,cus_000000500867,2025-11-13,325.47,paid,USD
in_000010507,cus_000000500867,2025-12-13,304.16,paid,USD
in_000010508,cus_000000500867,2026-01-13,310.99,paid,USD
in_000010509,cus_000000500867,2026-02-15,275.69,paid,USD
in_000010510,cus_000000500867,2026-03-18,313.89,paid,USD
in_000010511,cus_000000500867,2026-04-19,292.67,paid,USD
in_000010512,cus_000000500867,2026-05-20,304.39,paid,USD
in_000010513,cus_000000500867,2026-06-21,311.37,paid,USD
in_000010514,cus_000000500867,2026-07-22,296.33,paid,USD
in_000010515,cus_000000500868,2023-06-16,3706.02,paid,USD
in_000010516,cus_000000500868,2024-06-18,3489.40,paid,USD
in_000010517,cus_000000500868,2025-06-21,3286.09,paid,USD
in_000010518,cus_000000500868,2026-06-18,3302.84,paid,USD
in_000010519,cus_000000500869,2024-11-10,104539.76,paid,USD
in_000010520,cus_000000500869,2025-11-10,112094.32,paid,USD
in_000010521,cus_000000500870,2026-02-14,3947.31,paid,USD
in_000010522,cus_000000500871,2024-07-26,748.12,paid,USD
in_000010523,cus_000000500871,2024-08-27,753.60,paid,USD
in_000010524,cus_000000500871,2024-09-24,719.58,paid,USD
in_000010525,cus_000000500871,2024-10-27,777.28,paid,USD
in_000010526,cus_000000500871,2024-11-29,783.38,paid,USD
in_000010527,cus_000000500871,2025-01-01,778.30,paid,USD
in_000010528,cus_000000500871,2025-01-30,651.51,paid,USD
in_000010529,cus_000000500871,2025-03-03,741.82,paid,USD
in_000010530,cus_000000500871,2025-04-04,659.41,failed,USD
in_000010531,cus_000000500871,2025-05-03,758.20,paid,USD
in_000010532,cus_000000500871,2025-06-03,761.23,paid,USD
in_000010533,cus_000000500871,2025-07-01,653.25,paid,USD
in_000010534,cus_000000500871,2025-08-01,775.70,paid,USD
in_000010535,cus_000000500871,2025-09-03,682.89,paid,USD
in_000010536,cus_000000500871,2025-10-04,687.21,paid,USD
in_000010537,cus_000000500871,2025-11-06,671.79,refunded,USD
in_000010538,cus_000000500871,2025-12-04,736.49,paid,USD
in_000010539,cus_000000500871,2026-01-01,651.47,paid,USD
in_000010540,cus_000000500871,2026-01-28,757.81,paid,USD
in_000010541,cus_000000500871,2026-02-27,714.99,paid,USD
in_000010542,cus_000000500871,2026-03-27,727.95,paid,USD
in_000010543,cus_000000500872,2023-02-17,6041.94,paid,USD
in_000010544,cus_000000500872,2023-03-21,5697.92,paid,USD
in_000010545,cus_000000500872,2023-04-22,5198.64,paid,USD
in_000010546,cus_000000500872,2023-05-21,5594.50,paid,USD
in_000010547,cus_000000500872,2023-06-19,5867.88,paid,USD
in_000010548,cus_000000500872,2023-07-18,5695.65,paid,USD
in_000010549,cus_000000500872,2023-08-14,5743.94,paid,USD
in_000010550,cus_000000500872,2023-09-12,5718.97,paid,USD
in_000010551,cus_000000500872,2023-10-11,5727.49,paid,USD
in_000010552,cus_000000500872,2023-11-11,5483.07,paid,USD
in_000010553,cus_000000500872,2023-12-09,5572.87,paid,USD
in_000010554,cus_000000500872,2024-01-10,5862.72,paid,USD
in_000010555,cus_000000500872,2024-02-11,6180.63,paid,USD
in_000010556,cus_000000500872,2024-03-12,5674.55,paid,USD
in_000010557,cus_000000500872,2024-04-10,5363.93,paid,USD
in_000010558,cus_000000500872,2024-05-11,6195.47,paid,USD
in_000010559,cus_000000500872,2024-06-09,6313.65,paid,USD
in_000010560,cus_000000500872,2024-07-06,5305.81,paid,USD
in_000010561,cus_000000500872,2024-08-04,5352.41,paid,USD
in_000010562,cus_000000500872,2024-09-06,5332.94,paid,USD
in_000010563,cus_000000500872,2024-10-05,5501.32,paid,USD
in_000010564,cus_000000500872,2024-11-06,5470.56,paid,USD
in_000010565,cus_000000500872,2024-12-03,5530.05,paid,USD
in_000010566,cus_000000500872,2025-01-01,5518.57,paid,USD
in_000010567,cus_000000500872,2025-01-31,5380.39,paid,USD
in_000010568,cus_000000500872,2025-02-27,5728.95,paid,USD
in_000010569,cus_000000500872,2025-03-28,5236.13,paid,USD
in_000010570,cus_000000500872,2025-04-30,5332.07,paid,USD
in_000010571,cus_000000500872,2025-05-27,5279.62,paid,USD
in_000010572,cus_000000500872,2025-06-26,5243.51,paid,USD
in_000010573,cus_000000500872,2025-07-29,5555.94,paid,USD
in_000010574,cus_000000500872,2025-08-26,5992.66,paid,USD
in_000010575,cus_000000500872,2025-09-22,5780.58,paid,USD
in_000010576,cus_000000500872,2025-10-21,5579.30,paid,USD
in_000010577,cus_000000500872,2025-11-17,5487.42,paid,USD
in_000010578,cus_000000500872,2025-12-18,6142.21,paid,USD
in_000010579,cus_000000500872,2026-01-20,5931.38,paid,USD
in_000010580,cus_000000500872,2026-02-17,6222.68,paid,USD
in_000010581,cus_000000500873,2025-06-08,228.46,paid,USD
in_000010582,cus_000000500873,2025-07-06,241.52,refunded,USD
in_000010583,cus_000000500873,2025-08-07,222.75,paid,USD
in_000010584,cus_000000500873,2025-09-03,252.92,paid,USD
in_000010585,cus_000000500873,2025-10-06,236.75,paid,USD
in_000010586,cus_000000500873,2025-11-02,225.91,paid,USD
in_000010587,cus_000000500873,2025-11-30,258.59,paid,USD
in_000010588,cus_000000500873,2025-12-31,240.69,paid,USD
in_000010589,cus_000000500873,2026-01-29,246.36,paid,USD
in_000010590,cus_000000500873,2026-02-25,236.17,paid,USD
in_000010591,cus_000000500873,2026-03-26,247.07,paid,USD
in_000010592,cus_000000500873,2026-04-27,255.69,paid,USD
in_000010593,cus_000000500874,2024-06-27,2444.68,paid,USD
in_000010594,cus_000000500874,2024-07-29,2529.86,paid,USD
in_000010595,cus_000000500874,2024-08-28,2263.42,paid,USD
in_000010596,cus_000000500874,2024-09-29,2512.51,paid,USD
in_000010597,cus_000000500874,2024-10-30,2450.73,paid,USD
in_000010598,cus_000000500874,2024-12-02,2478.14,paid,USD
in_000010599,cus_000000500874,2024-12-30,2355.30,paid,USD
in_000010600,cus_000000500874,2025-02-01,2259.80,paid,USD
in_000010601,cus_000000500874,2025-03-01,2269.31,paid,USD
in_000010602,cus_000000500874,2025-03-31,2578.07,refunded,USD
in_000010603,cus_000000500874,2025-05-01,2358.19,paid,USD
in_000010604,cus_000000500874,2025-05-28,2317.02,paid,USD
in_000010605,cus_000000500874,2025-06-28,2426.77,paid,USD
in_000010606,cus_000000500874,2025-07-28,2604.42,paid,USD
in_000010607,cus_000000500874,2025-08-24,2336.67,paid,USD
in_000010608,cus_000000500874,2025-09-23,2435.29,paid,USD
in_000010609,cus_000000500874,2025-10-26,2598.98,paid,USD
in_000010610,cus_000000500874,2025-11-25,2534.79,paid,USD
in_000010611,cus_000000500874,2025-12-23,2281.38,paid,USD
in_000010612,cus_000000500875,2023-07-16,4791.66,paid,USD
in_000010613,cus_000000500875,2024-07-18,5047.00,paid,USD
in_000010614,cus_000000500875,2025-07-21,5755.54,paid,USD
in_000010615,cus_000000500875,2026-07-24,5492.74,paid,USD
in_000010616,cus_000000500876,2025-01-18,996.94,paid,USD
in_000010617,cus_000000500876,2025-02-20,1014.24,paid,USD
in_000010618,cus_000000500876,2025-03-21,1124.02,paid,USD
in_000010619,cus_000000500876,2025-04-18,1042.24,paid,USD
in_000010620,cus_000000500876,2025-05-19,1183.22,paid,USD
in_000010621,cus_000000500876,2025-06-19,1100.63,paid,USD
in_000010622,cus_000000500876,2025-07-17,1088.68,paid,USD
in_000010623,cus_000000500876,2025-08-15,1178.84,paid,USD
in_000010624,cus_000000500876,2025-09-17,1142.62,paid,USD
in_000010625,cus_000000500876,2025-10-20,1094.04,paid,USD
in_000010626,cus_000000500876,2025-11-22,1183.18,paid,USD
in_000010627,cus_000000500876,2025-12-20,1103.83,paid,USD
in_000010628,cus_000000500876,2026-01-19,1079.34,paid,USD
in_000010629,cus_000000500876,2026-02-16,1152.19,paid,USD
in_000010630,cus_000000500876,2026-03-21,1078.09,paid,USD
in_000010631,cus_000000500876,2026-04-23,1065.47,paid,USD
in_000010632,cus_000000500876,2026-05-20,1012.49,paid,USD
in_000010633,cus_000000500876,2026-06-17,1189.11,paid,USD
in_000010634,cus_000000500876,2026-07-18,1054.99,paid,USD
in_000010635,cus_000000500876,2026-08-19,1136.85,paid,USD
in_000010636,cus_000000500877,2025-12-28,276.02,paid,USD
in_000010637,cus_000000500877,2026-01-28,326.68,paid,USD
in_000010638,cus_000000500877,2026-03-02,294.13,paid,USD
in_000010639,cus_000000500877,2026-04-01,302.62,paid,USD
in_000010640,cus_000000500877,2026-04-29,281.73,paid,USD
in_000010641,cus_000000500877,2026-06-01,301.19,paid,USD
in_000010642,cus_000000500877,2026-07-03,319.01,paid,USD
in_000010643,cus_000000500877,2026-07-30,285.86,paid,USD
in_000010644,cus_000000500878,2023-02-04,386.52,paid,USD
in_000010645,cus_000000500878,2023-03-05,391.84,refunded,USD
in_000010646,cus_000000500878,2023-04-07,392.90,paid,USD
in_000010647,cus_000000500878,2023-05-05,415.09,paid,USD
in_000010648,cus_000000500878,2023-06-07,386.11,paid,USD
in_000010649,cus_000000500878,2023-07-07,350.99,paid,USD
in_000010650,cus_000000500878,2023-08-07,396.68,paid,USD
in_000010651,cus_000000500878,2023-09-05,352.04,paid,USD
in_000010652,cus_000000500878,2023-10-06,400.47,paid,USD
in_000010653,cus_000000500878,2023-11-06,406.52,paid,USD
in_000010654,cus_000000500878,2023-12-05,361.73,paid,USD
in_000010655,cus_000000500878,2024-01-04,412.06,paid,USD
in_000010656,cus_000000500878,2024-02-03,359.71,paid,USD
in_000010657,cus_000000500878,2024-03-07,404.08,paid,USD
in_000010658,cus_000000500878,2024-04-06,363.02,paid,USD
in_000010659,cus_000000500878,2024-05-07,342.60,paid,USD
in_000010660,cus_000000500878,2024-06-03,392.59,paid,USD
in_000010661,cus_000000500878,2024-07-05,410.98,paid,USD
in_000010662,cus_000000500878,2024-08-03,356.07,paid,USD
in_000010663,cus_000000500878,2024-08-31,354.85,paid,USD
in_000010664,cus_000000500878,2024-10-02,359.82,paid,USD
in_000010665,cus_000000500878,2024-11-04,357.65,paid,USD
in_000010666,cus_000000500878,2024-12-05,399.46,paid,USD
in_000010667,cus_000000500878,2025-01-03,356.42,paid,USD
in_000010668,cus_000000500878,2025-02-03,385.86,paid,USD
in_000010669,cus_000000500878,2025-03-08,387.37,paid,USD
in_000010670,cus_000000500878,2025-04-07,344.43,paid,USD
in_000010671,cus_000000500878,2025-05-09,377.46,paid,USD
in_000010672,cus_000000500878,2025-06-06,388.71,paid,USD
in_000010673,cus_000000500878,2025-07-09,394.95,paid,USD
in_000010674,cus_000000500878,2025-08-06,389.49,paid,USD
in_000010675,cus_000000500878,2025-09-05,402.99,paid,USD
in_000010676,cus_000000500878,2025-10-04,356.05,paid,USD
in_000010677,cus_000000500878,2025-11-04,396.48,paid,USD
in_000010678,cus_000000500878,2025-12-02,407.84,paid,USD
in_000010679,cus_000000500878,2026-01-01,400.62,paid,USD
in_000010680,cus_000000500878,2026-02-02,360.03,paid,USD
in_000010681,cus_000000500878,2026-03-06,368.77,paid,USD
in_000010682,cus_000000500878,2026-04-03,376.54,paid,USD
in_000010683,cus_000000500878,2026-05-02,398.98,paid,USD
in_000010684,cus_000000500878,2026-06-04,410.45,paid,USD
in_000010685,cus_000000500878,2026-07-03,391.30,paid,USD
in_000010686,cus_000000500878,2026-07-31,386.19,paid,USD
in_000010687,cus_000000500879,2023-02-16,406.66,paid,USD
in_000010688,cus_000000500879,2023-03-17,389.63,paid,USD
in_000010689,cus_000000500879,2023-04-19,353.31,paid,USD
in_000010690,cus_000000500879,2023-05-19,406.09,paid,USD
in_000010691,cus_000000500879,2023-06-17,375.60,paid,USD
in_000010692,cus_000000500879,2023-07-16,342.26,paid,USD
in_000010693,cus_000000500879,2023-08-16,353.27,paid,USD
in_000010694,cus_000000500879,2023-09-18,369.75,paid,USD
in_000010695,cus_000000500879,2023-10-18,362.74,paid,USD
in_000010696,cus_000000500879,2023-11-20,363.44,refunded,USD
in_000010697,cus_000000500879,2023-12-19,371.29,paid,USD
in_000010698,cus_000000500879,2024-01-19,414.35,paid,USD
in_000010699,cus_000000500879,2024-02-16,344.32,paid,USD
in_000010700,cus_000000500879,2024-03-14,344.84,paid,USD
in_000010701,cus_000000500879,2024-04-10,383.75,paid,USD
in_000010702,cus_000000500879,2024-05-09,365.10,paid,USD
in_000010703,cus_000000500879,2024-06-10,377.44,paid,USD
in_000010704,cus_000000500879,2024-07-10,344.60,paid,USD
in_000010705,cus_000000500879,2024-08-09,404.43,paid,USD
in_000010706,cus_000000500879,2024-09-06,402.79,paid,USD
in_000010707,cus_000000500879,2024-10-09,362.71,refunded,USD
in_000010708,cus_000000500879,2024-11-09,388.95,paid,USD
in_000010709,cus_000000500879,2024-12-09,360.87,paid,USD
in_000010710,cus_000000500879,2025-01-09,412.75,paid,USD
in_000010711,cus_000000500879,2025-02-07,386.10,paid,USD
in_000010712,cus_000000500879,2025-03-07,404.81,paid,USD
in_000010713,cus_000000500879,2025-04-05,415.83,paid,USD
in_000010714,cus_000000500879,2025-05-02,413.40,paid,USD
in_000010715,cus_000000500879,2025-06-01,367.26,refunded,USD
in_000010716,cus_000000500879,2025-07-03,342.05,paid,USD
in_000010717,cus_000000500879,2025-08-05,405.51,paid,USD
in_000010718,cus_000000500879,2025-09-05,379.86,refunded,USD
in_000010719,cus_000000500879,2025-10-03,387.13,paid,USD
in_000010720,cus_000000500879,2025-10-30,354.00,paid,USD
in_000010721,cus_000000500879,2025-11-30,396.54,failed,USD
in_000010722,cus_000000500879,2026-01-01,396.88,paid,USD
in_000010723,cus_000000500879,2026-01-31,348.29,paid,USD
in_000010724,cus_000000500879,2026-02-28,378.37,paid,USD
in_000010725,cus_000000500879,2026-03-29,346.15,paid,USD
in_000010726,cus_000000500879,2026-04-29,364.89,paid,USD
in_000010727,cus_000000500879,2026-05-31,392.37,paid,USD
in_000010728,cus_000000500879,2026-06-28,408.03,paid,USD
in_000010729,cus_000000500879,2026-07-28,403.58,paid,USD
in_000010730,cus_000000500880,2024-03-06,104449.41,paid,USD
in_000010731,cus_000000500880,2025-03-03,101450.88,paid,USD
in_000010732,cus_000000500880,2026-02-28,92477.13,paid,USD
in_000010733,cus_000000500881,2024-06-13,15135.37,paid,USD
in_000010734,cus_000000500881,2025-06-14,16761.02,paid,USD
in_000010735,cus_000000500881,2026-06-17,15135.60,paid,USD
in_000010736,cus_000000500882,2024-06-18,8714.60,paid,USD
in_000010737,cus_000000500882,2024-07-20,9320.92,paid,USD
in_000010738,cus_000000500882,2024-08-17,9595.79,paid,USD
in_000010739,cus_000000500882,2024-09-17,9200.65,paid,USD
in_000010740,cus_000000500882,2024-10-18,8750.05,paid,USD
in_000010741,cus_000000500882,2024-11-15,9699.08,paid,USD
in_000010742,cus_000000500882,2024-12-14,8822.95,paid,USD
in_000010743,cus_000000500882,2025-01-15,9189.39,paid,USD
in_000010744,cus_000000500882,2025-02-12,9968.97,paid,USD
in_000010745,cus_000000500882,2025-03-17,9016.90,paid,USD
in_000010746,cus_000000500882,2025-04-19,9422.26,refunded,USD
in_000010747,cus_000000500882,2025-05-16,9206.00,paid,USD
in_000010748,cus_000000500882,2025-06-12,9276.75,paid,USD
in_000010749,cus_000000500882,2025-07-09,9364.99,refunded,USD
in_000010750,cus_000000500882,2025-08-10,10252.27,paid,USD
in_000010751,cus_000000500882,2025-09-09,9485.23,paid,USD
in_000010752,cus_000000500882,2025-10-06,9183.84,paid,USD
in_000010753,cus_000000500882,2025-11-03,8640.91,paid,USD
in_000010754,cus_000000500882,2025-12-06,9666.20,paid,USD
in_000010755,cus_000000500882,2026-01-07,9179.17,paid,USD
in_000010756,cus_000000500883,2026-05-17,6024.78,paid,USD
in_000010757,cus_000000500883,2026-06-14,5496.58,paid,USD
in_000010758,cus_000000500883,2026-07-13,5673.68,paid,USD
in_000010759,cus_000000500883,2026-08-12,5846.94,paid,USD
in_000010760,cus_000000500884,2024-01-12,3510.82,paid,USD
in_000010761,cus_000000500884,2025-01-09,3891.61,paid,USD
in_000010762,cus_000000500884,2026-01-10,3731.17,paid,USD
in_000010763,cus_000000500885,2022-11-08,113376.31,paid,USD
in_000010764,cus_000000500885,2023-11-06,108684.34,paid,USD
in_000010765,cus_000000500885,2024-11-05,101588.20,paid,USD
in_000010766,cus_000000500885,2025-11-02,105572.10,refunded,USD
in_000010767,cus_000000500886,2023-08-06,10971.05,paid,USD
in_000010768,cus_000000500886,2024-08-06,9928.46,paid,USD
in_000010769,cus_000000500886,2025-08-09,9727.80,paid,USD
in_000010770,cus_000000500886,2026-08-06,9681.31,paid,USD
in_000010771,cus_000000500887,2023-01-20,399.37,paid,USD
in_000010772,cus_000000500887,2023-02-17,458.49,paid,USD
in_000010773,cus_000000500887,2023-03-19,453.46,paid,USD
in_000010774,cus_000000500887,2023-04-18,435.23,paid,USD
in_000010775,cus_000000500887,2023-05-19,438.51,paid,USD
in_000010776,cus_000000500887,2023-06-17,457.64,paid,USD
in_000010777,cus_000000500887,2023-07-20,447.45,paid,USD
in_000010778,cus_000000500887,2023-08-22,425.48,paid,USD
in_000010779,cus_000000500887,2023-09-18,461.03,paid,USD
in_000010780,cus_000000500887,2023-10-20,450.12,paid,USD
in_000010781,cus_000000500887,2023-11-16,465.90,paid,USD
in_000010782,cus_000000500887,2023-12-16,461.55,failed,USD
in_000010783,cus_000000500887,2024-01-15,393.39,paid,USD
in_000010784,cus_000000500887,2024-02-13,439.00,paid,USD
in_000010785,cus_000000500887,2024-03-17,411.57,paid,USD
in_000010786,cus_000000500887,2024-04-15,390.59,paid,USD
in_000010787,cus_000000500887,2024-05-13,461.73,paid,USD
in_000010788,cus_000000500887,2024-06-09,399.64,paid,USD
in_000010789,cus_000000500887,2024-07-07,414.06,void,USD
in_000010790,cus_000000500887,2024-08-07,448.45,paid,USD
in_000010791,cus_000000500887,2024-09-04,403.82,void,USD
in_000010792,cus_000000500887,2024-10-01,444.32,paid,USD
in_000010793,cus_000000500887,2024-10-29,423.46,paid,USD
in_000010794,cus_000000500887,2024-11-30,464.59,paid,USD
in_000010795,cus_000000500887,2024-12-31,428.97,paid,USD
in_000010796,cus_000000500887,2025-01-30,461.75,paid,USD
in_000010797,cus_000000500887,2025-03-02,405.80,paid,USD
in_000010798,cus_000000500887,2025-03-31,445.14,paid,USD
in_000010799,cus_000000500887,2025-04-29,454.64,refunded,USD
in_000010800,cus_000000500887,2025-05-28,392.55,paid,USD
in_000010801,cus_000000500887,2025-06-24,440.02,paid,USD
in_000010802,cus_000000500887,2025-07-26,399.31,paid,USD
in_000010803,cus_000000500887,2025-08-28,442.52,paid,USD
in_000010804,cus_000000500887,2025-09-24,411.35,paid,USD
in_000010805,cus_000000500887,2025-10-27,461.20,paid,USD
in_000010806,cus_000000500887,2025-11-28,390.34,refunded,USD
in_000010807,cus_000000500887,2025-12-30,414.63,paid,USD
in_000010808,cus_000000500887,2026-01-28,458.11,paid,USD
in_000010809,cus_000000500887,2026-02-25,454.22,paid,USD
in_000010810,cus_000000500887,2026-03-26,456.23,paid,USD
in_000010811,cus_000000500887,2026-04-28,437.45,paid,USD
in_000010812,cus_000000500887,2026-05-25,458.97,paid,USD
in_000010813,cus_000000500887,2026-06-22,466.29,paid,USD
in_000010814,cus_000000500887,2026-07-21,473.94,paid,USD
in_000010815,cus_000000500887,2026-08-18,472.76,paid,USD
in_000010816,cus_000000500888,2024-05-02,1158.74,paid,USD
in_000010817,cus_000000500888,2024-05-30,1048.96,refunded,USD
in_000010818,cus_000000500888,2024-07-02,1051.53,paid,USD
in_000010819,cus_000000500888,2024-07-30,1163.91,void,USD
in_000010820,cus_000000500888,2024-08-30,1090.77,paid,USD
in_000010821,cus_000000500888,2024-10-02,1045.67,refunded,USD
in_000010822,cus_000000500888,2024-10-29,1029.73,paid,USD
in_000010823,cus_000000500888,2024-12-01,962.14,paid,USD
in_000010824,cus_000000500888,2024-12-30,1021.59,paid,USD
in_000010825,cus_000000500888,2025-01-31,997.32,paid,USD
in_000010826,cus_000000500888,2025-03-05,976.98,paid,USD
in_000010827,cus_000000500888,2025-04-03,1068.19,paid,USD
in_000010828,cus_000000500888,2025-05-06,968.69,paid,USD
in_000010829,cus_000000500888,2025-06-06,1098.25,paid,USD
in_000010830,cus_000000500888,2025-07-05,1118.33,paid,USD
in_000010831,cus_000000500888,2025-08-06,1045.23,paid,USD
in_000010832,cus_000000500888,2025-09-07,1108.38,paid,USD
in_000010833,cus_000000500888,2025-10-09,1108.82,paid,USD
in_000010834,cus_000000500888,2025-11-11,1111.38,paid,USD
in_000010835,cus_000000500888,2025-12-12,1000.70,paid,USD
in_000010836,cus_000000500888,2026-01-14,963.50,paid,USD
in_000010837,cus_000000500888,2026-02-12,1064.45,paid,USD
in_000010838,cus_000000500888,2026-03-16,995.36,paid,USD
in_000010839,cus_000000500888,2026-04-16,1021.38,paid,USD
in_000010840,cus_000000500888,2026-05-16,994.79,paid,USD
in_000010841,cus_000000500889,2023-08-24,313.55,paid,USD
in_000010842,cus_000000500889,2023-09-21,315.43,paid,USD
in_000010843,cus_000000500889,2023-10-22,279.09,paid,USD
in_000010844,cus_000000500889,2023-11-19,329.67,paid,USD
in_000010845,cus_000000500889,2023-12-20,295.91,paid,USD
in_000010846,cus_000000500889,2024-01-20,327.99,paid,USD
in_000010847,cus_000000500889,2024-02-22,319.10,paid,USD
in_000010848,cus_000000500889,2024-03-20,276.83,paid,USD
in_000010849,cus_000000500889,2024-04-19,320.50,refunded,USD
in_000010850,cus_000000500889,2024-05-19,318.93,paid,USD
in_000010851,cus_000000500889,2024-06-21,314.95,paid,USD
in_000010852,cus_000000500889,2024-07-22,294.83,paid,USD
in_000010853,cus_000000500889,2024-08-23,297.87,paid,USD
in_000010854,cus_000000500889,2024-09-22,321.87,paid,USD
in_000010855,cus_000000500889,2024-10-23,324.75,paid,USD
in_000010856,cus_000000500889,2024-11-20,311.53,paid,USD
in_000010857,cus_000000500889,2024-12-19,278.25,paid,USD
in_000010858,cus_000000500889,2025-01-19,274.18,paid,USD
in_000010859,cus_000000500889,2025-02-16,317.82,paid,USD
in_000010860,cus_000000500889,2025-03-19,294.36,paid,USD
in_000010861,cus_000000500889,2025-04-16,305.21,paid,USD
in_000010862,cus_000000500889,2025-05-19,327.62,paid,USD
in_000010863,cus_000000500889,2025-06-20,309.05,paid,USD
in_000010864,cus_000000500889,2025-07-19,325.29,paid,USD
in_000010865,cus_000000500889,2025-08-21,306.75,paid,USD
in_000010866,cus_000000500890,2024-01-23,872.13,paid,USD
in_000010867,cus_000000500890,2024-02-23,836.83,paid,USD
in_000010868,cus_000000500890,2024-03-25,807.99,paid,USD
in_000010869,cus_000000500890,2024-04-25,847.23,paid,USD
in_000010870,cus_000000500890,2024-05-28,854.65,paid,USD
in_000010871,cus_000000500890,2024-06-26,745.16,paid,USD
in_000010872,cus_000000500890,2024-07-26,773.59,paid,USD
in_000010873,cus_000000500890,2024-08-24,890.00,paid,USD
in_000010874,cus_000000500890,2024-09-25,805.79,paid,USD
in_000010875,cus_000000500890,2024-10-23,752.40,paid,USD
in_000010876,cus_000000500890,2024-11-25,848.25,paid,USD
in_000010877,cus_000000500890,2024-12-28,842.34,paid,USD
in_000010878,cus_000000500890,2025-01-28,843.28,paid,USD
in_000010879,cus_000000500890,2025-02-25,809.94,paid,USD
in_000010880,cus_000000500890,2025-03-28,795.90,paid,USD
in_000010881,cus_000000500890,2025-04-29,856.82,paid,USD
in_000010882,cus_000000500890,2025-05-30,739.78,paid,USD
in_000010883,cus_000000500890,2025-06-28,774.93,paid,USD
in_000010884,cus_000000500890,2025-07-29,827.39,paid,USD
in_000010885,cus_000000500890,2025-08-27,891.61,paid,USD
in_000010886,cus_000000500890,2025-09-29,803.76,paid,USD
in_000010887,cus_000000500890,2025-11-01,822.40,paid,USD
in_000010888,cus_000000500890,2025-11-28,759.35,paid,USD
in_000010889,cus_000000500890,2025-12-31,833.80,paid,USD
in_000010890,cus_000000500890,2026-01-29,754.10,paid,USD
in_000010891,cus_000000500890,2026-02-25,797.94,paid,USD
in_000010892,cus_000000500890,2026-03-27,800.25,paid,USD
in_000010893,cus_000000500890,2026-04-23,784.97,paid,USD
in_000010894,cus_000000500890,2026-05-26,871.31,paid,USD
in_000010895,cus_000000500890,2026-06-24,861.92,paid,USD
in_000010896,cus_000000500890,2026-07-21,890.53,paid,USD
in_000010897,cus_000000500891,2022-12-05,4867.17,paid,USD
in_000010898,cus_000000500891,2023-12-04,4912.68,paid,USD
in_000010899,cus_000000500891,2024-12-01,5247.91,paid,USD
in_000010900,cus_000000500891,2025-11-29,4513.97,paid,USD
in_000010901,cus_000000500892,2025-01-29,250.00,paid,USD
in_000010902,cus_000000500892,2025-03-03,230.13,paid,USD
in_000010903,cus_000000500892,2025-04-05,248.72,paid,USD
in_000010904,cus_000000500892,2025-05-05,237.00,paid,USD
in_000010905,cus_000000500892,2025-06-03,233.19,paid,USD
in_000010906,cus_000000500892,2025-07-04,249.90,paid,USD
in_000010907,cus_000000500892,2025-08-03,231.78,paid,USD
in_000010908,cus_000000500892,2025-08-30,276.12,void,USD
in_000010909,cus_000000500892,2025-09-28,263.19,paid,USD
in_000010910,cus_000000500892,2025-10-27,269.31,paid,USD
in_000010911,cus_000000500892,2025-11-26,231.87,paid,USD
in_000010912,cus_000000500892,2025-12-25,241.38,paid,USD
in_000010913,cus_000000500892,2026-01-25,237.41,paid,USD
in_000010914,cus_000000500892,2026-02-26,244.88,paid,USD
in_000010915,cus_000000500892,2026-03-28,252.33,paid,USD
in_000010916,cus_000000500892,2026-04-29,230.25,paid,USD
in_000010917,cus_000000500892,2026-05-29,253.67,paid,USD
in_000010918,cus_000000500892,2026-06-25,273.41,paid,USD
in_000010919,cus_000000500892,2026-07-24,275.28,paid,USD
in_000010920,cus_000000500893,2022-11-18,3497.44,paid,USD
in_000010921,cus_000000500893,2023-11-17,3956.71,paid,USD
in_000010922,cus_000000500893,2024-11-13,3581.28,paid,USD
in_000010923,cus_000000500893,2025-11-15,3881.24,paid,USD
in_000010924,cus_000000500894,2024-12-17,249.92,paid,USD
in_000010925,cus_000000500894,2025-01-14,252.79,paid,USD
in_000010926,cus_000000500894,2025-02-15,256.38,paid,USD
in_000010927,cus_000000500894,2025-03-14,258.53,paid,USD
in_000010928,cus_000000500894,2025-04-13,272.09,paid,USD
in_000010929,cus_000000500894,2025-05-13,234.35,paid,USD
in_000010930,cus_000000500894,2025-06-15,261.41,paid,USD
in_000010931,cus_000000500894,2025-07-18,224.77,paid,USD
in_000010932,cus_000000500894,2025-08-14,258.66,refunded,USD
in_000010933,cus_000000500894,2025-09-13,255.25,paid,USD
in_000010934,cus_000000500894,2025-10-15,257.85,paid,USD
in_000010935,cus_000000500894,2025-11-17,230.74,paid,USD
in_000010936,cus_000000500894,2025-12-19,271.41,paid,USD
in_000010937,cus_000000500894,2026-01-18,272.09,paid,USD
in_000010938,cus_000000500894,2026-02-17,226.09,paid,USD
in_000010939,cus_000000500894,2026-03-16,251.43,paid,USD
in_000010940,cus_000000500894,2026-04-13,242.07,paid,USD
in_000010941,cus_000000500894,2026-05-12,249.65,paid,USD
in_000010942,cus_000000500894,2026-06-11,242.73,paid,USD
in_000010943,cus_000000500894,2026-07-12,227.60,paid,USD
in_000010944,cus_000000500894,2026-08-12,265.56,paid,USD
in_000010945,cus_000000500895,2024-11-24,9063.36,paid,USD
in_000010946,cus_000000500895,2024-12-23,8941.38,paid,USD
in_000010947,cus_000000500895,2025-01-19,8368.09,paid,USD
in_000010948,cus_000000500895,2025-02-19,8636.42,paid,USD
in_000010949,cus_000000500895,2025-03-19,9219.64,paid,USD
in_000010950,cus_000000500895,2025-04-19,9223.22,refunded,USD
in_000010951,cus_000000500895,2025-05-17,8416.33,paid,USD
in_000010952,cus_000000500895,2025-06-17,8437.68,paid,USD
in_000010953,cus_000000500895,2025-07-16,9308.00,paid,USD
in_000010954,cus_000000500895,2025-08-18,8311.62,paid,USD
in_000010955,cus_000000500895,2025-09-19,8066.67,paid,USD
in_000010956,cus_000000500895,2025-10-16,8172.34,paid,USD
in_000010957,cus_000000500895,2025-11-16,9165.83,paid,USD
in_000010958,cus_000000500895,2025-12-15,7796.72,paid,USD
in_000010959,cus_000000500895,2026-01-16,8193.32,paid,USD
in_000010960,cus_000000500895,2026-02-17,7640.19,paid,USD
in_000010961,cus_000000500895,2026-03-19,9120.48,paid,USD
in_000010962,cus_000000500895,2026-04-16,9011.29,paid,USD
in_000010963,cus_000000500895,2026-05-13,7747.88,paid,USD
in_000010964,cus_000000500895,2026-06-09,7825.29,paid,USD
in_000010965,cus_000000500895,2026-07-06,8458.54,refunded,USD
in_000010966,cus_000000500895,2026-08-05,8852.98,paid,USD
in_000010967,cus_000000500897,2026-02-09,745.39,paid,USD
in_000010968,cus_000000500897,2026-03-12,761.38,paid,USD
in_000010969,cus_000000500897,2026-04-12,773.09,paid,USD
in_000010970,cus_000000500897,2026-05-09,759.79,paid,USD
in_000010971,cus_000000500897,2026-06-06,822.79,paid,USD
in_000010972,cus_000000500897,2026-07-08,872.67,paid,USD
in_000010973,cus_000000500897,2026-08-10,841.35,paid,USD
in_000010974,cus_000000500898,2024-05-31,383.05,paid,USD
in_000010975,cus_000000500898,2024-06-27,384.36,paid,USD
in_000010976,cus_000000500898,2024-07-27,340.25,refunded,USD
in_000010977,cus_000000500898,2024-08-24,377.85,paid,USD
in_000010978,cus_000000500898,2024-09-22,362.74,paid,USD
in_000010979,cus_000000500898,2024-10-23,318.25,paid,USD
in_000010980,cus_000000500898,2024-11-21,371.42,paid,USD
in_000010981,cus_000000500898,2024-12-22,376.61,paid,USD
in_000010982,cus_000000500898,2025-01-22,373.66,paid,USD
in_000010983,cus_000000500898,2025-02-21,356.92,paid,USD
in_000010984,cus_000000500898,2025-03-20,339.03,paid,USD
in_000010985,cus_000000500898,2025-04-20,338.15,paid,USD
in_000010986,cus_000000500898,2025-05-21,378.61,paid,USD
in_000010987,cus_000000500898,2025-06-21,338.12,paid,USD
in_000010988,cus_000000500898,2025-07-21,360.89,paid,USD
in_000010989,cus_000000500898,2025-08-23,315.49,failed,USD
in_000010990,cus_000000500898,2025-09-25,365.42,paid,USD
in_000010991,cus_000000500898,2025-10-24,375.44,paid,USD
in_000010992,cus_000000500898,2025-11-25,324.99,paid,USD
in_000010993,cus_000000500898,2025-12-25,341.46,paid,USD
in_000010994,cus_000000500898,2026-01-24,337.37,paid,USD
in_000010995,cus_000000500898,2026-02-23,378.51,paid,USD
in_000010996,cus_000000500900,2025-03-06,1321.64,refunded,USD
in_000010997,cus_000000500900,2025-04-02,1302.66,paid,USD
in_000010998,cus_000000500900,2025-05-03,1153.63,paid,USD
in_000010999,cus_000000500900,2025-05-31,1279.66,paid,USD
in_000011000,cus_000000500900,2025-07-02,1209.40,void,USD
in_000011001,cus_000000500900,2025-08-01,1284.56,paid,USD
in_000011002,cus_000000500900,2025-09-02,1313.75,paid,USD
in_000011003,cus_000000500900,2025-09-30,1121.42,paid,USD
in_000011004,cus_000000500900,2025-10-28,1234.96,paid,USD
in_000011005,cus_000000500900,2025-11-27,1280.84,paid,USD
in_000011006,cus_000000500900,2025-12-27,1339.02,paid,USD
in_000011007,cus_000000500900,2026-01-23,1312.30,paid,USD
in_000011008,cus_000000500900,2026-02-23,1265.68,paid,USD
in_000011009,cus_000000500900,2026-03-27,1341.56,paid,USD
in_000011010,cus_000000500900,2026-04-23,1262.43,paid,USD
in_000011011,cus_000000500900,2026-05-26,1239.00,paid,USD
in_000011012,cus_000000500900,2026-06-24,1351.34,paid,USD
in_000011013,cus_000000500900,2026-07-26,1228.11,paid,USD
in_000011014,cus_000000500901,2025-12-08,5040.55,paid,USD
in_000011015,cus_000000500902,2025-04-01,1105.45,paid,USD
in_000011016,cus_000000500902,2025-05-03,1151.86,paid,USD
in_000011017,cus_000000500902,2025-05-30,1084.60,paid,USD
in_000011018,cus_000000500902,2025-07-01,1244.07,paid,USD
in_000011019,cus_000000500902,2025-08-01,1233.45,paid,USD
in_000011020,cus_000000500902,2025-08-31,1279.93,paid,USD
in_000011021,cus_000000500902,2025-09-29,1170.58,paid,USD
in_000011022,cus_000000500902,2025-10-28,1223.88,paid,USD
in_000011023,cus_000000500902,2025-11-27,1204.77,paid,USD
in_000011024,cus_000000500902,2025-12-27,1146.52,paid,USD
in_000011025,cus_000000500902,2026-01-28,1243.29,paid,USD
in_000011026,cus_000000500902,2026-02-27,1292.40,paid,USD
in_000011027,cus_000000500902,2026-03-27,1267.20,paid,USD
in_000011028,cus_000000500902,2026-04-23,1243.33,paid,USD
in_000011029,cus_000000500902,2026-05-23,1105.67,paid,USD
in_000011030,cus_000000500902,2026-06-20,1283.54,paid,USD
in_000011031,cus_000000500902,2026-07-20,1088.94,paid,USD
in_000011032,cus_000000500902,2026-08-17,1107.42,refunded,USD
in_000011033,cus_000000500903,2025-07-04,308.68,paid,USD
in_000011034,cus_000000500903,2025-07-31,300.54,paid,USD
in_000011035,cus_000000500903,2025-08-29,323.48,paid,USD
in_000011036,cus_000000500903,2025-09-30,324.54,paid,USD
in_000011037,cus_000000500903,2025-11-02,291.82,paid,USD
in_000011038,cus_000000500903,2025-12-02,309.04,paid,USD
in_000011039,cus_000000500903,2025-12-31,311.68,paid,USD
in_000011040,cus_000000500903,2026-01-30,296.51,paid,USD
in_000011041,cus_000000500903,2026-02-28,329.99,paid,USD
in_000011042,cus_000000500903,2026-03-31,290.52,paid,USD
in_000011043,cus_000000500903,2026-04-28,283.03,failed,USD
in_000011044,cus_000000500903,2026-05-25,327.86,paid,USD
in_000011045,cus_000000500903,2026-06-23,322.86,paid,USD
in_000011046,cus_000000500903,2026-07-25,279.74,paid,USD
in_000011047,cus_000000500904,2024-12-07,11021.56,paid,USD
in_000011048,cus_000000500905,2024-12-29,196.75,paid,USD
in_000011049,cus_000000500905,2025-01-31,201.42,paid,USD
in_000011050,cus_000000500905,2025-03-05,235.16,paid,USD
in_000011051,cus_000000500905,2025-04-03,196.99,failed,USD
in_000011052,cus_000000500905,2025-04-30,227.52,paid,USD
in_000011053,cus_000000500905,2025-05-30,199.27,paid,USD
in_000011054,cus_000000500905,2025-06-29,225.41,paid,USD
in_000011055,cus_000000500905,2025-07-28,238.90,paid,USD
in_000011056,cus_000000500905,2025-08-27,227.26,paid,USD
in_000011057,cus_000000500905,2025-09-25,219.59,paid,USD
in_000011058,cus_000000500905,2025-10-22,200.01,paid,USD
in_000011059,cus_000000500905,2025-11-24,234.83,paid,USD
in_000011060,cus_000000500905,2025-12-22,215.85,paid,USD
in_000011061,cus_000000500905,2026-01-19,215.87,paid,USD
in_000011062,cus_000000500905,2026-02-18,232.84,void,USD
in_000011063,cus_000000500905,2026-03-22,218.07,paid,USD
in_000011064,cus_000000500905,2026-04-19,234.05,paid,USD
in_000011065,cus_000000500905,2026-05-20,195.95,paid,USD
in_000011066,cus_000000500905,2026-06-21,219.08,void,USD
in_000011067,cus_000000500905,2026-07-19,210.63,paid,USD
in_000011068,cus_000000500905,2026-08-16,238.20,paid,USD
in_000011069,cus_000000500906,2026-02-06,12886.01,paid,USD
in_000011070,cus_000000500907,2024-09-14,1173.05,paid,USD
in_000011071,cus_000000500907,2024-10-11,1222.95,paid,USD
in_000011072,cus_000000500907,2024-11-11,1105.88,paid,USD
in_000011073,cus_000000500907,2024-12-10,1073.31,paid,USD
in_000011074,cus_000000500907,2025-01-08,1169.68,paid,USD
in_000011075,cus_000000500907,2025-02-06,1127.92,paid,USD
in_000011076,cus_000000500907,2025-03-08,1107.66,paid,USD
in_000011077,cus_000000500907,2025-04-08,1246.10,paid,USD
in_000011078,cus_000000500907,2025-05-10,1153.35,paid,USD
in_000011079,cus_000000500907,2025-06-09,1173.49,paid,USD
in_000011080,cus_000000500907,2025-07-11,1063.19,paid,USD
in_000011081,cus_000000500907,2025-08-07,1238.20,paid,USD
in_000011082,cus_000000500907,2025-09-05,1237.65,void,USD
in_000011083,cus_000000500907,2025-10-08,1068.29,paid,USD
in_000011084,cus_000000500907,2025-11-06,1119.69,paid,USD
in_000011085,cus_000000500907,2025-12-08,1150.30,paid,USD
in_000011086,cus_000000500907,2026-01-09,1246.45,paid,USD
in_000011087,cus_000000500907,2026-02-06,1260.37,paid,USD
in_000011088,cus_000000500907,2026-03-05,1040.30,paid,USD
in_000011089,cus_000000500908,2023-09-16,3775.16,paid,USD
in_000011090,cus_000000500908,2024-09-17,3801.15,paid,USD
in_000011091,cus_000000500908,2025-09-17,3759.21,paid,USD
in_000011092,cus_000000500909,2026-04-04,70642.27,paid,USD
in_000011093,cus_000000500910,2024-11-15,10132.21,paid,USD
in_000011094,cus_000000500910,2025-11-17,9910.22,paid,USD
in_000011095,cus_000000500911,2024-12-08,4537.56,paid,USD
in_000011096,cus_000000500911,2025-12-09,3991.52,paid,USD
in_000011097,cus_000000500912,2025-08-23,275.20,paid,USD
in_000011098,cus_000000500912,2025-09-22,277.41,paid,USD
in_000011099,cus_000000500912,2025-10-22,278.81,paid,USD
in_000011100,cus_000000500912,2025-11-20,300.09,paid,USD
in_000011101,cus_000000500912,2025-12-20,297.63,paid,USD
in_000011102,cus_000000500912,2026-01-17,273.95,paid,USD
in_000011103,cus_000000500912,2026-02-16,329.78,paid,USD
in_000011104,cus_000000500912,2026-03-18,327.28,paid,USD
in_000011105,cus_000000500912,2026-04-19,292.56,paid,USD
in_000011106,cus_000000500912,2026-05-18,329.64,paid,USD
in_000011107,cus_000000500912,2026-06-18,315.76,paid,USD
in_000011108,cus_000000500912,2026-07-15,299.47,paid,USD
in_000011109,cus_000000500912,2026-08-16,300.90,paid,USD
in_000011110,cus_000000500913,2025-02-08,323.83,paid,USD
in_000011111,cus_000000500913,2025-03-07,283.58,paid,USD
in_000011112,cus_000000500913,2025-04-09,299.29,paid,USD
in_000011113,cus_000000500913,2025-05-08,283.00,paid,USD
in_000011114,cus_000000500913,2025-06-05,284.64,paid,USD
in_000011115,cus_000000500913,2025-07-05,276.71,void,USD
in_000011116,cus_000000500913,2025-08-04,304.25,paid,USD
in_000011117,cus_000000500913,2025-09-04,315.06,paid,USD
in_000011118,cus_000000500913,2025-10-02,327.80,paid,USD
in_000011119,cus_000000500913,2025-10-29,277.05,paid,USD
in_000011120,cus_000000500913,2025-11-27,319.22,paid,USD
in_000011121,cus_000000500913,2025-12-30,313.25,paid,USD
in_000011122,cus_000000500913,2026-01-31,306.62,paid,USD
in_000011123,cus_000000500913,2026-02-28,280.61,refunded,USD
in_000011124,cus_000000500913,2026-03-29,278.05,paid,USD
in_000011125,cus_000000500913,2026-04-26,290.02,paid,USD
in_000011126,cus_000000500913,2026-05-24,317.29,paid,USD
in_000011127,cus_000000500913,2026-06-20,325.91,paid,USD
in_000011128,cus_000000500913,2026-07-21,275.62,paid,USD
in_000011129,cus_000000500914,2024-11-01,629.50,paid,USD
in_000011130,cus_000000500914,2024-11-30,561.95,refunded,USD
in_000011131,cus_000000500914,2024-12-27,638.15,paid,USD
in_000011132,cus_000000500914,2025-01-24,594.69,paid,USD
in_000011133,cus_000000500914,2025-02-21,552.06,paid,USD
in_000011134,cus_000000500914,2025-03-21,580.18,paid,USD
in_000011135,cus_000000500914,2025-04-17,583.55,paid,USD
in_000011136,cus_000000500914,2025-05-18,598.94,paid,USD
in_000011137,cus_000000500914,2025-06-14,625.76,paid,USD
in_000011138,cus_000000500914,2025-07-17,599.58,paid,USD
in_000011139,cus_000000500914,2025-08-13,623.84,refunded,USD
in_000011140,cus_000000500914,2025-09-11,594.01,paid,USD
in_000011141,cus_000000500914,2025-10-14,599.08,paid,USD
in_000011142,cus_000000500914,2025-11-14,619.32,paid,USD
in_000011143,cus_000000500914,2025-12-13,640.56,paid,USD
in_000011144,cus_000000500914,2026-01-14,592.19,paid,USD
in_000011145,cus_000000500914,2026-02-16,553.97,paid,USD
in_000011146,cus_000000500914,2026-03-15,572.80,paid,USD
in_000011147,cus_000000500914,2026-04-11,563.45,paid,USD
in_000011148,cus_000000500914,2026-05-13,659.05,paid,USD
in_000011149,cus_000000500914,2026-06-14,614.75,paid,USD
in_000011150,cus_000000500914,2026-07-14,658.21,paid,USD
in_000011151,cus_000000500914,2026-08-13,596.17,paid,USD
in_000011152,cus_000000500915,2024-10-28,655.22,paid,USD
in_000011153,cus_000000500915,2024-11-30,671.85,paid,USD
in_000011154,cus_000000500915,2024-12-28,602.47,paid,USD
in_000011155,cus_000000500915,2025-01-29,577.41,paid,USD
in_000011156,cus_000000500915,2025-02-28,586.11,paid,USD
in_000011157,cus_000000500915,2025-04-02,621.44,paid,USD
in_000011158,cus_000000500915,2025-05-03,619.74,paid,USD
in_000011159,cus_000000500915,2025-06-01,608.19,paid,USD
in_000011160,cus_000000500915,2025-07-04,556.12,paid,USD
in_000011161,cus_000000500915,2025-08-04,570.19,paid,USD
in_000011162,cus_000000500915,2025-09-04,666.12,paid,USD
in_000011163,cus_000000500915,2025-10-06,581.34,paid,USD
in_000011164,cus_000000500915,2025-11-08,551.02,paid,USD
in_000011165,cus_000000500915,2025-12-10,593.52,paid,USD
in_000011166,cus_000000500915,2026-01-10,606.31,paid,USD
in_000011167,cus_000000500915,2026-02-06,613.55,paid,USD
in_000011168,cus_000000500915,2026-03-09,661.30,failed,USD
in_000011169,cus_000000500915,2026-04-09,561.96,paid,USD
in_000011170,cus_000000500915,2026-05-10,662.55,paid,USD
in_000011171,cus_000000500915,2026-06-06,622.88,paid,USD
in_000011172,cus_000000500915,2026-07-06,606.40,paid,USD
in_000011173,cus_000000500915,2026-08-04,602.59,paid,USD
in_000011174,cus_000000500916,2024-09-04,2589.25,paid,USD
in_000011175,cus_000000500916,2025-09-03,2667.50,paid,USD
in_000011176,cus_000000500917,2023-05-18,288.01,paid,USD
in_000011177,cus_000000500917,2023-06-15,282.15,paid,USD
in_000011178,cus_000000500917,2023-07-18,329.74,paid,USD
in_000011179,cus_000000500917,2023-08-20,310.41,paid,USD
in_000011180,cus_000000500917,2023-09-17,283.94,paid,USD
in_000011181,cus_000000500917,2023-10-14,318.65,paid,USD
in_000011182,cus_000000500917,2023-11-13,327.92,paid,USD
in_000011183,cus_000000500917,2023-12-11,323.58,paid,USD
in_000011184,cus_000000500917,2024-01-13,314.41,paid,USD
in_000011185,cus_000000500917,2024-02-10,295.28,refunded,USD
in_000011186,cus_000000500917,2024-03-13,272.06,paid,USD
in_000011187,cus_000000500917,2024-04-10,280.22,paid,USD
in_000011188,cus_000000500917,2024-05-09,290.65,paid,USD
in_000011189,cus_000000500917,2024-06-05,281.29,paid,USD
in_000011190,cus_000000500917,2024-07-04,293.25,paid,USD
in_000011191,cus_000000500917,2024-08-01,275.50,paid,USD
in_000011192,cus_000000500917,2024-08-31,294.46,paid,USD
in_000011193,cus_000000500917,2024-10-02,304.11,paid,USD
in_000011194,cus_000000500917,2024-11-04,327.23,paid,USD
in_000011195,cus_000000500917,2024-12-07,286.00,paid,USD
in_000011196,cus_000000500917,2025-01-03,322.66,paid,USD
in_000011197,cus_000000500917,2025-02-02,307.22,paid,USD
in_000011198,cus_000000500917,2025-03-07,325.88,refunded,USD
in_000011199,cus_000000500917,2025-04-04,277.38,paid,USD
in_000011200,cus_000000500917,2025-05-04,287.87,paid,USD
in_000011201,cus_000000500917,2025-06-03,321.29,refunded,USD
in_000011202,cus_000000500917,2025-07-01,293.84,paid,USD
in_000011203,cus_000000500917,2025-07-30,323.79,paid,USD
in_000011204,cus_000000500917,2025-09-01,316.48,paid,USD
in_000011205,cus_000000500917,2025-10-04,299.42,paid,USD
in_000011206,cus_000000500917,2025-11-06,321.73,paid,USD
in_000011207,cus_000000500917,2025-12-08,276.32,paid,USD
in_000011208,cus_000000500917,2026-01-08,296.27,paid,USD
in_000011209,cus_000000500917,2026-02-05,286.70,paid,USD
in_000011210,cus_000000500918,2023-04-28,3385.33,paid,USD
in_000011211,cus_000000500918,2024-04-24,3423.87,paid,USD
in_000011212,cus_000000500918,2025-04-22,3495.08,void,USD
in_000011213,cus_000000500919,2025-03-15,310.39,paid,USD
in_000011214,cus_000000500919,2025-04-12,319.28,paid,USD
in_000011215,cus_000000500919,2025-05-11,276.16,paid,USD
in_000011216,cus_000000500919,2025-06-10,287.31,paid,USD
in_000011217,cus_000000500919,2025-07-10,286.39,paid,USD
in_000011218,cus_000000500919,2025-08-10,327.96,paid,USD
in_000011219,cus_000000500919,2025-09-11,311.66,paid,USD
in_000011220,cus_000000500919,2025-10-08,278.15,paid,USD
in_000011221,cus_000000500919,2025-11-08,312.42,paid,USD
in_000011222,cus_000000500919,2025-12-08,298.25,paid,USD
in_000011223,cus_000000500919,2026-01-06,311.90,refunded,USD
in_000011224,cus_000000500919,2026-02-08,294.63,paid,USD
in_000011225,cus_000000500919,2026-03-09,283.15,paid,USD
in_000011226,cus_000000500919,2026-04-06,288.30,paid,USD
in_000011227,cus_000000500919,2026-05-06,279.63,paid,USD
in_000011228,cus_000000500919,2026-06-08,296.51,paid,USD
in_000011229,cus_000000500919,2026-07-06,306.81,paid,USD
in_000011230,cus_000000500919,2026-08-07,281.71,paid,USD
in_000011231,cus_000000500920,2023-04-15,2590.24,paid,USD
in_000011232,cus_000000500920,2024-04-16,2442.43,paid,USD
in_000011233,cus_000000500920,2025-04-17,2839.24,paid,USD
in_000011234,cus_000000500920,2026-04-15,2490.27,paid,USD
in_000011235,cus_000000500921,2026-03-01,791.26,void,USD
in_000011236,cus_000000500921,2026-04-03,809.55,paid,USD
in_000011237,cus_000000500921,2026-05-03,815.41,paid,USD
in_000011238,cus_000000500921,2026-06-03,823.41,paid,USD
in_000011239,cus_000000500921,2026-07-02,873.64,paid,USD
in_000011240,cus_000000500921,2026-07-31,854.41,paid,USD
in_000011241,cus_000000500922,2026-02-25,2824.35,failed,USD
in_000011242,cus_000000500923,2025-10-22,3337.52,paid,USD
in_000011243,cus_000000500924,2023-10-05,314.22,paid,USD
in_000011244,cus_000000500924,2023-11-02,278.46,paid,USD
in_000011245,cus_000000500924,2023-12-02,279.22,paid,USD
in_000011246,cus_000000500924,2024-01-03,323.81,paid,USD
in_000011247,cus_000000500924,2024-02-05,287.93,paid,USD
in_000011248,cus_000000500924,2024-03-04,329.53,paid,USD
in_000011249,cus_000000500924,2024-04-04,324.62,paid,USD
in_000011250,cus_000000500924,2024-05-04,284.19,paid,USD
in_000011251,cus_000000500924,2024-06-03,272.86,paid,USD
in_000011252,cus_000000500924,2024-07-01,279.89,paid,USD
in_000011253,cus_000000500924,2024-08-03,280.97,paid,USD
in_000011254,cus_000000500924,2024-09-05,277.31,paid,USD
in_000011255,cus_000000500924,2024-10-04,293.78,paid,USD
in_000011256,cus_000000500924,2024-11-01,294.17,paid,USD
in_000011257,cus_000000500924,2024-11-29,326.84,refunded,USD
in_000011258,cus_000000500924,2024-12-28,286.05,paid,USD
in_000011259,cus_000000500924,2025-01-30,291.59,paid,USD
in_000011260,cus_000000500924,2025-02-26,321.77,paid,USD
in_000011261,cus_000000500924,2025-03-29,323.11,paid,USD
in_000011262,cus_000000500924,2025-05-01,325.98,paid,USD
in_000011263,cus_000000500924,2025-06-03,304.47,paid,USD
in_000011264,cus_000000500925,2025-06-21,2991.29,paid,USD
in_000011265,cus_000000500925,2025-07-23,2526.40,paid,USD
in_000011266,cus_000000500925,2025-08-20,2979.91,paid,USD
in_000011267,cus_000000500925,2025-09-20,2534.51,paid,USD
in_000011268,cus_000000500925,2025-10-22,2887.10,paid,USD
in_000011269,cus_000000500925,2025-11-22,2883.73,paid,USD
in_000011270,cus_000000500925,2025-12-25,2687.24,paid,USD
in_000011271,cus_000000500925,2026-01-21,2811.50,paid,USD
in_000011272,cus_000000500925,2026-02-18,2870.85,paid,USD
in_000011273,cus_000000500925,2026-03-23,2465.38,paid,USD
in_000011274,cus_000000500925,2026-04-21,2781.82,paid,USD
in_000011275,cus_000000500925,2026-05-23,2724.66,paid,USD
in_000011276,cus_000000500925,2026-06-19,2913.26,paid,USD
in_000011277,cus_000000500925,2026-07-22,2661.56,paid,USD
in_000011278,cus_000000500926,2023-08-31,594.53,paid,USD
in_000011279,cus_000000500926,2023-10-02,587.28,paid,USD
in_000011280,cus_000000500926,2023-10-30,534.14,paid,USD
in_000011281,cus_000000500926,2023-11-30,597.92,refunded,USD
in_000011282,cus_000000500926,2024-01-02,600.60,paid,USD
in_000011283,cus_000000500926,2024-02-03,544.19,paid,USD
in_000011284,cus_000000500926,2024-03-05,589.75,paid,USD
in_000011285,cus_000000500926,2024-04-02,541.18,paid,USD
in_000011286,cus_000000500926,2024-05-05,548.95,paid,USD
in_000011287,cus_000000500926,2024-06-03,510.43,paid,USD
in_000011288,cus_000000500926,2024-07-04,501.51,paid,USD
in_000011289,cus_000000500926,2024-08-04,513.85,paid,USD
in_000011290,cus_000000500926,2024-09-03,594.23,paid,USD
in_000011291,cus_000000500926,2024-10-06,571.41,paid,USD
in_000011292,cus_000000500926,2024-11-02,579.78,paid,USD
in_000011293,cus_000000500926,2024-12-01,600.58,paid,USD
in_000011294,cus_000000500926,2024-12-28,518.80,paid,USD
in_000011295,cus_000000500926,2025-01-30,502.78,paid,USD
in_000011296,cus_000000500926,2025-03-04,576.12,paid,USD
in_000011297,cus_000000500926,2025-04-04,609.99,paid,USD
in_000011298,cus_000000500926,2025-05-02,509.31,paid,USD
in_000011299,cus_000000500926,2025-05-29,515.00,paid,USD
in_000011300,cus_000000500926,2025-06-27,526.42,paid,USD
in_000011301,cus_000000500926,2025-07-29,587.24,paid,USD
in_000011302,cus_000000500926,2025-08-27,558.64,paid,USD
in_000011303,cus_000000500926,2025-09-29,603.67,void,USD
in_000011304,cus_000000500926,2025-10-29,580.66,paid,USD
in_000011305,cus_000000500926,2025-11-28,554.19,paid,USD
in_000011306,cus_000000500926,2025-12-30,512.47,paid,USD
in_000011307,cus_000000500926,2026-01-29,536.36,paid,USD
in_000011308,cus_000000500927,2023-08-14,597.93,paid,USD
in_000011309,cus_000000500927,2023-09-14,558.17,paid,USD
in_000011310,cus_000000500927,2023-10-11,600.56,paid,USD
in_000011311,cus_000000500927,2023-11-11,500.38,paid,USD
in_000011312,cus_000000500927,2023-12-09,554.24,void,USD
in_000011313,cus_000000500927,2024-01-05,524.82,void,USD
in_000011314,cus_000000500927,2024-02-01,537.26,paid,USD
in_000011315,cus_000000500927,2024-03-01,547.28,paid,USD
in_000011316,cus_000000500927,2024-03-28,515.73,paid,USD
in_000011317,cus_000000500927,2024-04-25,562.14,paid,USD
in_000011318,cus_000000500927,2024-05-25,603.16,paid,USD
in_000011319,cus_000000500927,2024-06-22,579.94,paid,USD
in_000011320,cus_000000500927,2024-07-21,598.62,paid,USD
in_000011321,cus_000000500927,2024-08-22,597.98,paid,USD
in_000011322,cus_000000500927,2024-09-24,552.62,paid,USD
in_000011323,cus_000000500927,2024-10-21,502.61,paid,USD
in_000011324,cus_000000500927,2024-11-22,602.59,paid,USD
in_000011325,cus_000000500927,2024-12-23,531.83,paid,USD
in_000011326,cus_000000500927,2025-01-20,577.17,paid,USD
in_000011327,cus_000000500927,2025-02-19,555.25,paid,USD
in_000011328,cus_000000500927,2025-03-21,512.63,paid,USD
in_000011329,cus_000000500927,2025-04-23,589.73,paid,USD
in_000011330,cus_000000500927,2025-05-21,560.64,paid,USD
in_000011331,cus_000000500927,2025-06-17,563.43,paid,USD
in_000011332,cus_000000500927,2025-07-15,543.33,paid,USD
in_000011333,cus_000000500927,2025-08-15,513.29,paid,USD
in_000011334,cus_000000500927,2025-09-15,571.55,paid,USD
in_000011335,cus_000000500927,2025-10-18,584.52,paid,USD
in_000011336,cus_000000500927,2025-11-15,608.63,paid,USD
in_000011337,cus_000000500927,2025-12-14,509.16,refunded,USD
in_000011338,cus_000000500927,2026-01-13,569.52,paid,USD
in_000011339,cus_000000500927,2026-02-12,531.99,paid,USD
in_000011340,cus_000000500928,2025-02-21,11255.64,paid,USD
in_000011341,cus_000000500928,2026-02-20,11064.40,paid,USD
in_000011342,cus_000000500930,2024-12-11,60676.72,paid,USD
in_000011343,cus_000000500930,2025-12-11,60403.35,paid,USD
in_000011344,cus_000000500931,2024-12-29,2711.40,paid,USD
in_000011345,cus_000000500931,2025-12-28,2862.85,paid,USD
in_000011346,cus_000000500932,2025-03-30,3145.98,paid,USD
in_000011347,cus_000000500932,2026-04-02,3489.48,paid,USD
in_000011348,cus_000000500933,2024-08-16,3622.87,paid,USD
in_000011349,cus_000000500933,2025-08-15,3441.79,paid,USD
in_000011350,cus_000000500933,2026-08-13,3783.32,paid,USD
in_000011351,cus_000000500935,2024-10-26,110606.40,refunded,USD
in_000011352,cus_000000500935,2025-10-29,104772.43,paid,USD
in_000011353,cus_000000500936,2026-05-04,67724.68,paid,USD
in_000011354,cus_000000500937,2022-12-25,2807.88,paid,USD
in_000011355,cus_000000500937,2023-12-25,2715.33,paid,USD
in_000011356,cus_000000500937,2024-12-24,2404.90,paid,USD
in_000011357,cus_000000500938,2023-03-13,54251.25,void,USD
in_000011358,cus_000000500938,2024-03-15,58015.32,paid,USD
in_000011359,cus_000000500938,2025-03-17,50989.38,paid,USD
in_000011360,cus_000000500938,2026-03-16,54852.25,paid,USD
in_000011361,cus_000000500939,2023-09-19,3854.84,paid,USD
in_000011362,cus_000000500939,2024-09-20,3280.84,paid,USD
in_000011363,cus_000000500939,2025-09-17,3332.44,paid,USD
in_000011364,cus_000000500940,2024-09-08,5712.79,paid,USD
in_000011365,cus_000000500940,2025-09-11,4906.61,paid,USD
in_000011366,cus_000000500941,2025-02-06,9526.38,paid,USD
in_000011367,cus_000000500941,2025-03-05,9825.48,paid,USD
in_000011368,cus_000000500941,2025-04-04,8468.07,paid,USD
in_000011369,cus_000000500941,2025-05-03,9403.97,paid,USD
in_000011370,cus_000000500941,2025-06-05,10207.04,paid,USD
in_000011371,cus_000000500941,2025-07-05,9367.65,paid,USD
in_000011372,cus_000000500941,2025-08-03,8930.24,paid,USD
in_000011373,cus_000000500941,2025-08-31,10011.60,paid,USD
in_000011374,cus_000000500941,2025-09-28,9058.79,paid,USD
in_000011375,cus_000000500941,2025-10-30,9059.00,paid,USD
in_000011376,cus_000000500941,2025-11-26,8918.28,paid,USD
in_000011377,cus_000000500941,2025-12-29,8849.09,paid,USD
in_000011378,cus_000000500941,2026-01-28,9543.90,paid,USD
in_000011379,cus_000000500941,2026-02-27,10031.86,paid,USD
in_000011380,cus_000000500941,2026-03-28,9627.11,paid,USD
in_000011381,cus_000000500941,2026-04-27,9814.17,paid,USD
in_000011382,cus_000000500941,2026-05-26,10223.40,paid,USD
in_000011383,cus_000000500942,2025-01-19,277.15,paid,USD
in_000011384,cus_000000500942,2025-02-17,324.10,paid,USD
in_000011385,cus_000000500942,2025-03-22,321.23,paid,USD
in_000011386,cus_000000500942,2025-04-24,321.06,paid,USD
in_000011387,cus_000000500942,2025-05-23,278.60,paid,USD
in_000011388,cus_000000500942,2025-06-25,320.46,paid,USD
in_000011389,cus_000000500942,2025-07-25,303.47,failed,USD
in_000011390,cus_000000500942,2025-08-23,291.67,paid,USD
in_000011391,cus_000000500942,2025-09-24,270.80,paid,USD
in_000011392,cus_000000500942,2025-10-21,277.34,paid,USD
in_000011393,cus_000000500942,2025-11-18,323.70,paid,USD
in_000011394,cus_000000500942,2025-12-15,318.33,paid,USD
in_000011395,cus_000000500942,2026-01-16,282.50,paid,USD
in_000011396,cus_000000500942,2026-02-12,282.16,refunded,USD
in_000011397,cus_000000500942,2026-03-12,298.87,paid,USD
in_000011398,cus_000000500942,2026-04-08,303.12,refunded,USD
in_000011399,cus_000000500942,2026-05-10,325.37,paid,USD
in_000011400,cus_000000500942,2026-06-10,318.54,paid,USD
in_000011401,cus_000000500942,2026-07-10,322.81,paid,USD
in_000011402,cus_000000500942,2026-08-10,284.73,paid,USD
in_000011403,cus_000000500943,2024-11-27,49744.56,paid,USD
in_000011404,cus_000000500943,2025-11-30,56080.34,paid,USD
in_000011405,cus_000000500944,2026-03-02,2884.97,paid,USD
in_000011406,cus_000000500945,2023-12-23,669.58,paid,USD
in_000011407,cus_000000500945,2024-01-19,781.20,paid,USD
in_000011408,cus_000000500945,2024-02-20,674.92,paid,USD
in_000011409,cus_000000500945,2024-03-18,660.05,paid,USD
in_000011410,cus_000000500945,2024-04-15,698.97,paid,USD
in_000011411,cus_000000500945,2024-05-15,716.79,paid,USD
in_000011412,cus_000000500945,2024-06-13,667.20,paid,USD
in_000011413,cus_000000500945,2024-07-16,741.16,paid,USD
in_000011414,cus_000000500945,2024-08-12,689.52,paid,USD
in_000011415,cus_000000500945,2024-09-09,662.75,paid,USD
in_000011416,cus_000000500945,2024-10-07,738.07,paid,USD
in_000011417,cus_000000500945,2024-11-07,665.31,paid,USD
in_000011418,cus_000000500945,2024-12-08,798.24,paid,USD
in_000011419,cus_000000500945,2025-01-09,685.73,paid,USD
in_000011420,cus_000000500945,2025-02-09,666.59,paid,USD
in_000011421,cus_000000500945,2025-03-10,680.70,paid,USD
in_000011422,cus_000000500945,2025-04-11,671.58,paid,USD
in_000011423,cus_000000500945,2025-05-12,780.32,paid,USD
in_000011424,cus_000000500945,2025-06-12,701.41,paid,USD
in_000011425,cus_000000500945,2025-07-15,767.17,paid,USD
in_000011426,cus_000000500945,2025-08-15,766.41,paid,USD
in_000011427,cus_000000500945,2025-09-13,787.06,paid,USD
in_000011428,cus_000000500945,2025-10-14,695.28,paid,USD
in_000011429,cus_000000500945,2025-11-13,696.22,paid,USD
in_000011430,cus_000000500945,2025-12-13,782.60,paid,USD
in_000011431,cus_000000500945,2026-01-12,692.42,paid,USD
in_000011432,cus_000000500945,2026-02-12,717.06,paid,USD
in_000011433,cus_000000500945,2026-03-11,702.67,paid,USD
in_000011434,cus_000000500945,2026-04-07,794.02,paid,USD
in_000011435,cus_000000500945,2026-05-04,757.93,paid,USD
in_000011436,cus_000000500945,2026-05-31,784.93,paid,USD
in_000011437,cus_000000500945,2026-07-01,701.08,paid,USD
in_000011438,cus_000000500945,2026-07-31,678.75,paid,USD
in_000011439,cus_000000500946,2025-01-11,9828.05,paid,USD
in_000011440,cus_000000500946,2025-02-12,9918.86,paid,USD
in_000011441,cus_000000500946,2025-03-12,10610.91,paid,USD
in_000011442,cus_000000500946,2025-04-12,10059.55,paid,USD
in_000011443,cus_000000500946,2025-05-10,9711.86,paid,USD
in_000011444,cus_000000500946,2025-06-10,10594.94,void,USD
in_000011445,cus_000000500946,2025-07-12,10334.49,paid,USD
in_000011446,cus_000000500946,2025-08-09,9372.22,paid,USD
in_000011447,cus_000000500946,2025-09-09,9974.60,paid,USD
in_000011448,cus_000000500946,2025-10-11,10791.88,paid,USD
in_000011449,cus_000000500946,2025-11-07,10217.80,paid,USD
in_000011450,cus_000000500946,2025-12-08,10949.18,paid,USD
in_000011451,cus_000000500946,2026-01-10,9989.26,paid,USD
in_000011452,cus_000000500946,2026-02-09,9279.29,paid,USD
in_000011453,cus_000000500946,2026-03-12,10887.59,paid,USD
in_000011454,cus_000000500946,2026-04-13,10779.37,paid,USD
in_000011455,cus_000000500946,2026-05-16,10767.12,paid,USD
in_000011456,cus_000000500946,2026-06-18,9443.77,paid,USD
in_000011457,cus_000000500946,2026-07-17,9355.43,refunded,USD
in_000011458,cus_000000500946,2026-08-19,10573.53,paid,USD
in_000011459,cus_000000500947,2024-01-20,9621.92,paid,USD
in_000011460,cus_000000500947,2025-01-18,9144.36,paid,USD
in_000011461,cus_000000500947,2026-01-16,9928.70,paid,USD
in_000011462,cus_000000500948,2024-07-06,2507.27,paid,USD
in_000011463,cus_000000500948,2024-08-07,2477.52,paid,USD
in_000011464,cus_000000500948,2024-09-09,2293.04,paid,USD
in_000011465,cus_000000500948,2024-10-09,2242.24,paid,USD
in_000011466,cus_000000500948,2024-11-05,2331.64,paid,USD
in_000011467,cus_000000500948,2024-12-07,2627.09,paid,USD
in_000011468,cus_000000500948,2025-01-05,2501.50,paid,USD
in_000011469,cus_000000500948,2025-02-02,2270.84,paid,USD
in_000011470,cus_000000500948,2025-03-01,2566.59,paid,USD
in_000011471,cus_000000500948,2025-04-01,2414.92,paid,USD
in_000011472,cus_000000500948,2025-05-03,2400.53,paid,USD
in_000011473,cus_000000500948,2025-06-01,2575.22,paid,USD
in_000011474,cus_000000500948,2025-06-29,2694.63,paid,USD
in_000011475,cus_000000500948,2025-07-26,2473.48,paid,USD
in_000011476,cus_000000500948,2025-08-28,2261.94,paid,USD
in_000011477,cus_000000500948,2025-09-27,2388.57,paid,USD
in_000011478,cus_000000500948,2025-10-28,2623.29,refunded,USD
in_000011479,cus_000000500948,2025-11-30,2470.68,paid,USD
in_000011480,cus_000000500948,2025-12-29,2499.47,paid,USD
in_000011481,cus_000000500948,2026-01-26,2703.23,paid,USD
in_000011482,cus_000000500949,2025-06-17,29645.06,paid,USD
in_000011483,cus_000000500949,2026-06-20,30051.39,paid,USD
in_000011484,cus_000000500950,2023-02-10,2776.41,refunded,USD
in_000011485,cus_000000500950,2024-02-10,3039.88,paid,USD
in_000011486,cus_000000500950,2025-02-08,2948.72,paid,USD
in_000011487,cus_000000500950,2026-02-05,3007.71,paid,USD
in_000011488,cus_000000500952,2025-09-28,5882.14,paid,USD
in_000011489,cus_000000500953,2023-10-11,2349.15,paid,USD
in_000011490,cus_000000500953,2024-10-12,2534.55,paid,USD
in_000011491,cus_000000500954,2025-06-30,272.45,paid,USD
in_000011492,cus_000000500954,2025-07-30,293.86,paid,USD
in_000011493,cus_000000500954,2025-08-26,312.77,paid,USD
in_000011494,cus_000000500954,2025-09-25,287.82,paid,USD
in_000011495,cus_000000500954,2025-10-24,283.04,paid,USD
in_000011496,cus_000000500954,2025-11-26,306.27,paid,USD
in_000011497,cus_000000500954,2025-12-23,295.00,paid,USD
in_000011498,cus_000000500954,2026-01-25,312.79,paid,USD
in_000011499,cus_000000500954,2026-02-22,319.87,paid,USD
in_000011500,cus_000000500954,2026-03-23,329.35,paid,USD
in_000011501,cus_000000500954,2026-04-24,278.01,paid,USD
in_000011502,cus_000000500954,2026-05-23,279.67,paid,USD
in_000011503,cus_000000500954,2026-06-23,271.24,paid,USD
in_000011504,cus_000000500954,2026-07-24,277.18,paid,USD
in_000011505,cus_000000500955,2023-07-24,405.64,paid,USD
in_000011506,cus_000000500955,2023-08-21,442.81,paid,USD
in_000011507,cus_000000500955,2023-09-19,480.49,void,USD
in_000011508,cus_000000500955,2023-10-17,480.91,void,USD
in_000011509,cus_000000500955,2023-11-13,452.98,paid,USD
in_000011510,cus_000000500955,2023-12-14,421.31,paid,USD
in_000011511,cus_000000500955,2024-01-10,450.08,paid,USD
in_000011512,cus_000000500955,2024-02-08,403.78,paid,USD
in_000011513,cus_000000500955,2024-03-11,476.44,paid,USD
in_000011514,cus_000000500955,2024-04-09,464.70,paid,USD
in_000011515,cus_000000500955,2024-05-10,487.08,paid,USD
in_000011516,cus_000000500955,2024-06-07,470.33,paid,USD
in_000011517,cus_000000500955,2024-07-05,483.70,paid,USD
in_000011518,cus_000000500955,2024-08-04,468.91,paid,USD
in_000011519,cus_000000500955,2024-09-05,481.19,paid,USD
in_000011520,cus_000000500955,2024-10-04,437.82,paid,USD
in_000011521,cus_000000500955,2024-11-03,474.08,paid,USD
in_000011522,cus_000000500955,2024-12-04,429.17,paid,USD
in_000011523,cus_000000500955,2025-01-03,423.70,paid,USD
in_000011524,cus_000000500955,2025-01-31,489.15,paid,USD
in_000011525,cus_000000500955,2025-03-05,431.86,paid,USD
in_000011526,cus_000000500955,2025-04-07,456.36,paid,USD
in_000011527,cus_000000500955,2025-05-07,490.08,paid,USD
in_000011528,cus_000000500955,2025-06-06,454.01,void,USD
in_000011529,cus_000000500955,2025-07-04,414.93,paid,USD
in_000011530,cus_000000500955,2025-08-02,433.56,paid,USD
in_000011531,cus_000000500955,2025-09-02,468.99,paid,USD
in_000011532,cus_000000500955,2025-10-02,463.07,paid,USD
in_000011533,cus_000000500955,2025-10-29,475.13,paid,USD
in_000011534,cus_000000500955,2025-11-28,427.78,paid,USD
in_000011535,cus_000000500955,2025-12-25,456.64,paid,USD
in_000011536,cus_000000500955,2026-01-23,455.28,paid,USD
in_000011537,cus_000000500955,2026-02-22,466.53,paid,USD
in_000011538,cus_000000500955,2026-03-26,403.52,paid,USD
in_000011539,cus_000000500955,2026-04-24,444.79,paid,USD
in_000011540,cus_000000500955,2026-05-22,421.62,paid,USD
in_000011541,cus_000000500955,2026-06-21,433.62,paid,USD
in_000011542,cus_000000500955,2026-07-24,448.61,paid,USD
in_000011543,cus_000000500955,2026-08-20,444.31,paid,USD
in_000011544,cus_000000500956,2025-07-06,68044.39,paid,USD
in_000011545,cus_000000500957,2025-01-20,1442.26,paid,USD
in_000011546,cus_000000500957,2025-02-21,1220.91,paid,USD
in_000011547,cus_000000500957,2025-03-22,1402.92,refunded,USD
in_000011548,cus_000000500957,2025-04-19,1401.85,paid,USD
in_000011549,cus_000000500957,2025-05-22,1427.79,refunded,USD
in_000011550,cus_000000500957,2025-06-20,1245.16,paid,USD
in_000011551,cus_000000500957,2025-07-20,1222.52,paid,USD
in_000011552,cus_000000500957,2025-08-22,1201.60,paid,USD
in_000011553,cus_000000500957,2025-09-20,1375.87,paid,USD
in_000011554,cus_000000500957,2025-10-17,1291.24,paid,USD
in_000011555,cus_000000500957,2025-11-13,1425.20,paid,USD
in_000011556,cus_000000500957,2025-12-13,1411.71,paid,USD
in_000011557,cus_000000500957,2026-01-13,1430.87,paid,USD
in_000011558,cus_000000500957,2026-02-09,1319.59,paid,USD
in_000011559,cus_000000500957,2026-03-09,1378.60,paid,USD
in_000011560,cus_000000500957,2026-04-08,1408.94,paid,USD
in_000011561,cus_000000500957,2026-05-08,1254.49,paid,USD
in_000011562,cus_000000500957,2026-06-06,1456.90,paid,USD
in_000011563,cus_000000500957,2026-07-09,1321.32,paid,USD
in_000011564,cus_000000500957,2026-08-07,1445.08,paid,USD
in_000011565,cus_000000500958,2024-09-11,5078.82,paid,USD
in_000011566,cus_000000500958,2024-10-11,5780.80,paid,USD
in_000011567,cus_000000500958,2024-11-13,5305.32,paid,USD
in_000011568,cus_000000500958,2024-12-12,5581.55,paid,USD
in_000011569,cus_000000500958,2025-01-09,5069.77,paid,USD
in_000011570,cus_000000500958,2025-02-10,5102.36,paid,USD
in_000011571,cus_000000500958,2025-03-09,5711.31,void,USD
in_000011572,cus_000000500958,2025-04-10,5939.32,paid,USD
in_000011573,cus_000000500958,2025-05-11,5117.53,paid,USD
in_000011574,cus_000000500958,2025-06-08,5519.20,paid,USD
in_000011575,cus_000000500958,2025-07-06,5384.14,paid,USD
in_000011576,cus_000000500958,2025-08-07,5254.00,paid,USD
in_000011577,cus_000000500958,2025-09-05,5410.07,paid,USD
in_000011578,cus_000000500958,2025-10-07,6122.38,paid,USD
in_000011579,cus_000000500958,2025-11-04,5632.05,paid,USD
in_000011580,cus_000000500958,2025-12-05,5610.87,paid,USD
in_000011581,cus_000000500958,2026-01-02,5233.65,paid,USD
in_000011582,cus_000000500958,2026-02-02,6072.87,paid,USD
in_000011583,cus_000000500958,2026-03-03,5435.77,paid,USD
in_000011584,cus_000000500958,2026-04-02,5312.24,paid,USD
in_000011585,cus_000000500958,2026-05-02,5639.28,refunded,USD
in_000011586,cus_000000500958,2026-05-31,5927.79,paid,USD
in_000011587,cus_000000500958,2026-07-02,5755.31,paid,USD
in_000011588,cus_000000500958,2026-08-02,6124.19,paid,USD
in_000011589,cus_000000500959,2024-03-07,234.98,paid,USD
in_000011590,cus_000000500959,2024-04-07,205.71,paid,USD
in_000011591,cus_000000500959,2024-05-08,214.67,paid,USD
in_000011592,cus_000000500959,2024-06-10,214.42,paid,USD
in_000011593,cus_000000500959,2024-07-10,217.42,paid,USD
in_000011594,cus_000000500959,2024-08-07,219.39,paid,USD
in_000011595,cus_000000500959,2024-09-09,224.68,paid,USD
in_000011596,cus_000000500959,2024-10-06,233.40,paid,USD
in_000011597,cus_000000500959,2024-11-02,225.66,void,USD
in_000011598,cus_000000500959,2024-12-04,204.70,paid,USD
in_000011599,cus_000000500959,2025-01-05,204.14,paid,USD
in_000011600,cus_000000500959,2025-02-06,199.55,paid,USD
in_000011601,cus_000000500959,2025-03-08,198.45,paid,USD
in_000011602,cus_000000500959,2025-04-07,224.39,paid,USD
in_000011603,cus_000000500959,2025-05-06,238.72,paid,USD
in_000011604,cus_000000500959,2025-06-02,226.14,paid,USD
in_000011605,cus_000000500959,2025-06-29,221.65,paid,USD
in_000011606,cus_000000500959,2025-07-28,236.95,paid,USD
in_000011607,cus_000000500959,2025-08-30,209.33,paid,USD
in_000011608,cus_000000500959,2025-09-29,203.71,paid,USD
in_000011609,cus_000000500959,2025-10-30,224.16,paid,USD
in_000011610,cus_000000500959,2025-12-02,216.74,paid,USD
in_000011611,cus_000000500960,2023-10-01,319.40,void,USD
in_000011612,cus_000000500960,2023-10-31,300.04,paid,USD
in_000011613,cus_000000500960,2023-12-02,319.96,paid,USD
in_000011614,cus_000000500960,2024-01-04,274.12,paid,USD
in_000011615,cus_000000500960,2024-02-01,310.53,paid,USD
in_000011616,cus_000000500960,2024-02-28,319.51,paid,USD
in_000011617,cus_000000500960,2024-03-29,271.41,paid,USD
in_000011618,cus_000000500960,2024-04-27,317.28,paid,USD
in_000011619,cus_000000500960,2024-05-28,304.69,paid,USD
in_000011620,cus_000000500960,2024-06-28,284.33,paid,USD
in_000011621,cus_000000500960,2024-07-27,297.59,paid,USD
in_000011622,cus_000000500960,2024-08-25,329.04,paid,USD
in_000011623,cus_000000500960,2024-09-25,295.25,paid,USD
in_000011624,cus_000000500960,2024-10-28,329.58,paid,USD
in_000011625,cus_000000500960,2024-11-30,319.95,paid,USD
in_000011626,cus_000000500960,2024-12-28,298.08,paid,USD
in_000011627,cus_000000500960,2025-01-30,306.08,paid,USD
in_000011628,cus_000000500960,2025-03-04,317.84,paid,USD
in_000011629,cus_000000500960,2025-04-05,312.72,paid,USD
in_000011630,cus_000000500960,2025-05-03,322.14,paid,USD
in_000011631,cus_000000500960,2025-06-02,289.60,paid,USD
in_000011632,cus_000000500960,2025-07-01,271.54,paid,USD
in_000011633,cus_000000500960,2025-07-30,320.52,paid,USD
in_000011634,cus_000000500960,2025-08-28,271.77,paid,USD
in_000011635,cus_000000500960,2025-09-29,299.43,paid,USD
in_000011636,cus_000000500960,2025-10-31,306.96,paid,USD
in_000011637,cus_000000500960,2025-12-03,313.51,paid,USD
in_000011638,cus_000000500960,2025-12-31,324.56,paid,USD
in_000011639,cus_000000500960,2026-01-31,321.24,paid,USD
in_000011640,cus_000000500960,2026-03-02,294.22,paid,USD
in_000011641,cus_000000500960,2026-03-30,323.17,paid,USD
in_000011642,cus_000000500960,2026-04-27,312.20,paid,USD
in_000011643,cus_000000500961,2024-03-09,3601.69,paid,USD
in_000011644,cus_000000500961,2025-03-12,3786.83,paid,USD
in_000011645,cus_000000500961,2026-03-12,3495.15,paid,USD
in_000011646,cus_000000500963,2023-11-24,3104.00,paid,USD
in_000011647,cus_000000500963,2024-11-23,2857.92,paid,USD
in_000011648,cus_000000500963,2025-11-24,3109.14,paid,USD
in_000011649,cus_000000500964,2026-07-26,319.36,paid,USD
in_000011650,cus_000000500967,2026-05-13,282.38,paid,USD
in_000011651,cus_000000500967,2026-06-09,280.66,paid,USD
in_000011652,cus_000000500967,2026-07-11,281.83,paid,USD
in_000011653,cus_000000500967,2026-08-13,314.12,paid,USD
in_000011654,cus_000000500968,2025-07-17,3388.91,paid,USD
in_000011655,cus_000000500969,2023-09-10,2224.83,paid,USD
in_000011656,cus_000000500969,2023-10-08,2126.90,paid,USD
in_000011657,cus_000000500969,2023-11-07,2371.01,paid,USD
in_000011658,cus_000000500969,2023-12-09,2278.32,paid,USD
in_000011659,cus_000000500969,2024-01-08,2366.37,paid,USD
in_000011660,cus_000000500969,2024-02-08,2360.17,paid,USD
in_000011661,cus_000000500969,2024-03-11,2156.21,paid,USD
in_000011662,cus_000000500969,2024-04-10,2202.69,paid,USD
in_000011663,cus_000000500969,2024-05-11,2014.67,void,USD
in_000011664,cus_000000500969,2024-06-10,2211.46,paid,USD
in_000011665,cus_000000500969,2024-07-09,2089.13,paid,USD
in_000011666,cus_000000500969,2024-08-07,2429.29,paid,USD
in_000011667,cus_000000500969,2024-09-07,2151.61,paid,USD
in_000011668,cus_000000500969,2024-10-06,2274.32,paid,USD
in_000011669,cus_000000500969,2024-11-02,2275.46,paid,USD
in_000011670,cus_000000500969,2024-12-03,2134.63,paid,USD
in_000011671,cus_000000500969,2025-01-01,2264.46,paid,USD
in_000011672,cus_000000500969,2025-02-01,2445.72,paid,USD
in_000011673,cus_000000500969,2025-03-03,2151.44,paid,USD
in_000011674,cus_000000500969,2025-04-03,2038.03,paid,USD
in_000011675,cus_000000500969,2025-05-06,2067.98,paid,USD
in_000011676,cus_000000500969,2025-06-03,2014.88,paid,USD
in_000011677,cus_000000500969,2025-06-30,2118.56,paid,USD
in_000011678,cus_000000500969,2025-08-02,2339.51,paid,USD
in_000011679,cus_000000500969,2025-09-02,2313.63,paid,USD
in_000011680,cus_000000500969,2025-10-03,2075.13,paid,USD
in_000011681,cus_000000500969,2025-10-30,2051.64,paid,USD
in_000011682,cus_000000500969,2025-11-26,2127.71,paid,USD
in_000011683,cus_000000500969,2025-12-23,2419.97,paid,USD
in_000011684,cus_000000500969,2026-01-25,2206.92,paid,USD
in_000011685,cus_000000500969,2026-02-27,2026.42,paid,USD
in_000011686,cus_000000500969,2026-03-29,2215.55,void,USD
in_000011687,cus_000000500969,2026-05-01,2236.07,paid,USD
in_000011688,cus_000000500969,2026-05-30,2056.35,paid,USD
in_000011689,cus_000000500969,2026-06-28,2038.05,refunded,USD
in_000011690,cus_000000500969,2026-07-27,2367.28,paid,USD
in_000011691,cus_000000500970,2023-11-16,2099.55,paid,USD
in_000011692,cus_000000500970,2023-12-17,2250.55,paid,USD
in_000011693,cus_000000500970,2024-01-17,2303.58,paid,USD
in_000011694,cus_000000500970,2024-02-19,1921.54,paid,USD
in_000011695,cus_000000500970,2024-03-23,2155.95,paid,USD
in_000011696,cus_000000500970,2024-04-21,2214.60,paid,USD
in_000011697,cus_000000500970,2024-05-19,1921.04,paid,USD
in_000011698,cus_000000500970,2024-06-21,2076.54,paid,USD
in_000011699,cus_000000500970,2024-07-19,2236.26,paid,USD
in_000011700,cus_000000500970,2024-08-20,2139.52,paid,USD
in_000011701,cus_000000500970,2024-09-19,2143.15,paid,USD
in_000011702,cus_000000500970,2024-10-21,2280.84,paid,USD
in_000011703,cus_000000500970,2024-11-19,1999.68,refunded,USD
in_000011704,cus_000000500970,2024-12-17,2040.18,paid,USD
in_000011705,cus_000000500970,2025-01-13,1956.68,paid,USD
in_000011706,cus_000000500970,2025-02-14,1978.23,paid,USD
in_000011707,cus_000000500970,2025-03-18,2090.70,paid,USD
in_000011708,cus_000000500970,2025-04-20,1971.58,paid,USD
in_000011709,cus_000000500970,2025-05-22,2190.80,paid,USD
in_000011710,cus_000000500970,2025-06-23,1983.27,paid,USD
in_000011711,cus_000000500970,2025-07-20,2141.75,paid,USD
in_000011712,cus_000000500970,2025-08-20,2334.99,paid,USD
in_000011713,cus_000000500970,2025-09-19,2144.78,paid,USD
in_000011714,cus_000000500970,2025-10-18,2176.51,paid,USD
in_000011715,cus_000000500970,2025-11-18,2151.78,paid,USD
in_000011716,cus_000000500970,2025-12-21,2156.00,failed,USD
in_000011717,cus_000000500970,2026-01-18,2024.42,paid,USD
in_000011718,cus_000000500970,2026-02-17,2129.65,paid,USD
in_000011719,cus_000000500970,2026-03-18,2250.12,paid,USD
in_000011720,cus_000000500970,2026-04-19,2149.37,paid,USD
in_000011721,cus_000000500970,2026-05-20,2019.20,paid,USD
in_000011722,cus_000000500970,2026-06-21,2049.16,paid,USD
in_000011723,cus_000000500970,2026-07-21,2285.73,paid,USD
in_000011724,cus_000000500971,2023-11-17,1994.28,paid,USD
in_000011725,cus_000000500971,2023-12-19,2273.34,paid,USD
in_000011726,cus_000000500971,2024-01-21,2029.71,paid,USD
in_000011727,cus_000000500971,2024-02-21,2194.86,paid,USD
in_000011728,cus_000000500971,2024-03-22,2216.39,paid,USD
in_000011729,cus_000000500971,2024-04-24,2125.49,paid,USD
in_000011730,cus_000000500971,2024-05-24,2267.86,paid,USD
in_000011731,cus_000000500971,2024-06-22,2188.37,paid,USD
in_000011732,cus_000000500971,2024-07-24,2158.52,paid,USD
in_000011733,cus_000000500971,2024-08-24,2101.57,paid,USD
in_000011734,cus_000000500971,2024-09-21,2118.47,paid,USD
in_000011735,cus_000000500971,2024-10-18,2166.30,paid,USD
in_000011736,cus_000000500971,2024-11-14,2133.99,paid,USD
in_000011737,cus_000000500971,2024-12-16,2237.60,paid,USD
in_000011738,cus_000000500971,2025-01-17,1939.83,paid,USD
in_000011739,cus_000000500971,2025-02-19,1926.98,paid,USD
in_000011740,cus_000000500971,2025-03-18,1918.19,paid,USD
in_000011741,cus_000000500971,2025-04-16,2135.15,paid,USD
in_000011742,cus_000000500971,2025-05-14,2047.68,paid,USD
in_000011743,cus_000000500971,2025-06-14,1915.13,paid,USD
in_000011744,cus_000000500971,2025-07-15,2012.41,paid,USD
in_000011745,cus_000000500971,2025-08-13,1982.71,paid,USD
in_000011746,cus_000000500971,2025-09-12,2305.87,paid,USD
in_000011747,cus_000000500971,2025-10-11,2053.50,paid,USD
in_000011748,cus_000000500971,2025-11-11,2121.14,paid,USD
in_000011749,cus_000000500971,2025-12-10,2237.15,paid,USD
in_000011750,cus_000000500971,2026-01-08,2202.69,paid,USD
in_000011751,cus_000000500971,2026-02-08,2267.79,paid,USD
in_000011752,cus_000000500971,2026-03-08,1915.06,paid,USD
in_000011753,cus_000000500971,2026-04-08,2293.65,paid,USD
in_000011754,cus_000000500971,2026-05-06,2305.39,paid,USD
in_000011755,cus_000000500971,2026-06-03,2105.69,paid,USD
in_000011756,cus_000000500971,2026-07-01,2244.66,paid,USD
in_000011757,cus_000000500971,2026-08-03,1945.56,paid,USD
in_000011758,cus_000000500973,2024-10-26,12741.98,paid,USD
in_000011759,cus_000000500973,2025-10-25,12653.77,paid,USD
in_000011760,cus_000000500974,2023-12-19,9532.53,paid,USD
in_000011761,cus_000000500974,2024-01-20,11012.61,paid,USD
in_000011762,cus_000000500974,2024-02-19,9374.50,paid,USD
in_000011763,cus_000000500974,2024-03-17,10101.30,failed,USD
in_000011764,cus_000000500974,2024-04-13,10271.43,paid,USD
in_000011765,cus_000000500974,2024-05-12,10020.56,paid,USD
in_000011766,cus_000000500974,2024-06-10,9867.98,paid,USD
in_000011767,cus_000000500974,2024-07-09,10377.05,refunded,USD
in_000011768,cus_000000500974,2024-08-11,9242.73,paid,USD
in_000011769,cus_000000500974,2024-09-12,9872.55,paid,USD
in_000011770,cus_000000500974,2024-10-15,10243.69,paid,USD
in_000011771,cus_000000500974,2024-11-16,9726.31,paid,USD
in_000011772,cus_000000500974,2024-12-17,10111.08,paid,USD
in_000011773,cus_000000500974,2025-01-13,10930.40,paid,USD
in_000011774,cus_000000500974,2025-02-13,9803.38,paid,USD
in_000011775,cus_000000500974,2025-03-14,9859.30,paid,USD
in_000011776,cus_000000500974,2025-04-11,10235.86,paid,USD
in_000011777,cus_000000500974,2025-05-08,10672.18,paid,USD
in_000011778,cus_000000500974,2025-06-07,10708.76,paid,USD
in_000011779,cus_000000500974,2025-07-06,11123.97,paid,USD
in_000011780,cus_000000500974,2025-08-05,10275.61,paid,USD
in_000011781,cus_000000500974,2025-09-04,9366.03,paid,USD
in_000011782,cus_000000500974,2025-10-07,10675.81,paid,USD
in_000011783,cus_000000500974,2025-11-08,10281.86,paid,USD
in_000011784,cus_000000500974,2025-12-11,10473.21,paid,USD
in_000011785,cus_000000500974,2026-01-10,10742.75,paid,USD
in_000011786,cus_000000500974,2026-02-11,10845.10,paid,USD
in_000011787,cus_000000500974,2026-03-13,9502.29,paid,USD
in_000011788,cus_000000500974,2026-04-10,9980.45,paid,USD
in_000011789,cus_000000500975,2023-04-07,3842.80,void,USD
in_000011790,cus_000000500975,2024-04-04,3446.37,paid,USD
in_000011791,cus_000000500975,2025-04-02,3795.56,paid,USD
in_000011792,cus_000000500975,2026-03-31,3381.19,paid,USD
in_000011793,cus_000000500976,2024-12-17,3718.43,paid,USD
in_000011794,cus_000000500976,2025-12-16,3831.28,paid,USD
in_000011795,cus_000000500977,2023-10-02,34714.22,paid,USD
in_000011796,cus_000000500977,2024-10-01,28664.85,paid,USD
in_000011797,cus_000000500977,2025-10-03,33417.08,paid,USD
in_000011798,cus_000000500978,2025-11-26,100153.44,paid,USD
in_000011799,cus_000000500980,2023-09-11,15887.99,paid,USD
in_000011800,cus_000000500980,2024-09-13,16291.65,paid,USD
in_000011801,cus_000000500980,2025-09-14,17152.90,paid,USD
in_000011802,cus_000000500981,2026-01-15,14362.36,paid,USD
in_000011803,cus_000000500982,2026-06-28,4311.22,paid,USD
in_000011804,cus_000000500982,2026-07-25,4458.59,paid,USD
in_000011805,cus_000000500983,2023-05-24,3318.32,paid,USD
in_000011806,cus_000000500983,2024-05-26,3621.58,failed,USD
in_000011807,cus_000000500983,2025-05-26,3775.45,paid,USD
in_000011808,cus_000000500983,2026-05-27,3590.45,paid,USD
in_000011809,cus_000000500984,2025-07-07,2474.65,paid,USD
in_000011810,cus_000000500984,2025-08-07,2572.28,paid,USD
in_000011811,cus_000000500984,2025-09-06,2589.93,paid,USD
in_000011812,cus_000000500984,2025-10-08,2693.61,paid,USD
in_000011813,cus_000000500984,2025-11-05,2540.23,paid,USD
in_000011814,cus_000000500984,2025-12-03,2422.74,paid,USD
in_000011815,cus_000000500984,2025-12-30,2325.72,paid,USD
in_000011816,cus_000000500984,2026-01-28,2377.96,paid,USD
in_000011817,cus_000000500984,2026-02-24,2331.12,paid,USD
in_000011818,cus_000000500984,2026-03-23,2499.08,paid,USD
in_000011819,cus_000000500984,2026-04-21,2450.12,paid,USD
in_000011820,cus_000000500984,2026-05-19,2549.74,paid,USD
in_000011821,cus_000000500984,2026-06-15,2467.77,paid,USD
in_000011822,cus_000000500984,2026-07-13,2403.41,paid,USD
in_000011823,cus_000000500984,2026-08-13,2678.09,paid,USD
in_000011824,cus_000000500985,2025-06-16,112329.37,paid,USD
in_000011825,cus_000000500986,2024-11-26,388.63,paid,USD
in_000011826,cus_000000500986,2024-12-29,353.26,paid,USD
in_000011827,cus_000000500986,2025-01-28,399.40,paid,USD
in_000011828,cus_000000500986,2025-03-02,350.75,paid,USD
in_000011829,cus_000000500986,2025-03-30,392.28,paid,USD
in_000011830,cus_000000500987,2026-03-26,5290.39,void,USD
in_000011831,cus_000000500988,2026-03-21,357.35,paid,USD
in_000011832,cus_000000500988,2026-04-19,372.34,paid,USD
in_000011833,cus_000000500988,2026-05-20,356.66,paid,USD
in_000011834,cus_000000500988,2026-06-22,370.96,paid,USD
in_000011835,cus_000000500988,2026-07-23,339.55,paid,USD
in_000011836,cus_000000500988,2026-08-19,374.49,paid,USD
in_000011837,cus_000000500989,2023-10-23,3785.96,paid,USD
in_000011838,cus_000000500989,2024-10-25,3596.80,paid,USD
in_000011839,cus_000000500989,2025-10-24,3422.59,paid,USD
in_000011840,cus_000000500991,2024-09-24,296.76,paid,USD
in_000011841,cus_000000500991,2024-10-26,320.22,paid,USD
in_000011842,cus_000000500991,2024-11-26,283.09,paid,USD
in_000011843,cus_000000500991,2024-12-27,320.61,paid,USD
in_000011844,cus_000000500991,2025-01-24,283.38,paid,USD
in_000011845,cus_000000500991,2025-02-22,322.39,paid,USD
in_000011846,cus_000000500991,2025-03-22,289.41,paid,USD
in_000011847,cus_000000500991,2025-04-24,284.42,paid,USD
in_000011848,cus_000000500991,2025-05-27,305.22,paid,USD
in_000011849,cus_000000500991,2025-06-29,303.03,paid,USD
in_000011850,cus_000000500991,2025-07-26,300.80,paid,USD
in_000011851,cus_000000500991,2025-08-24,311.03,paid,USD
in_000011852,cus_000000500991,2025-09-24,316.00,paid,USD
in_000011853,cus_000000500992,2024-06-04,29382.69,paid,USD
in_000011854,cus_000000500992,2025-06-01,29928.18,paid,USD
in_000011855,cus_000000500992,2026-05-31,31500.55,paid,USD
in_000011856,cus_000000500994,2024-01-18,49959.83,paid,USD
in_000011857,cus_000000500994,2025-01-17,48486.92,paid,USD
in_000011858,cus_000000500994,2026-01-14,46317.43,refunded,USD
in_000011859,cus_000000500995,2024-01-27,43853.62,paid,USD
in_000011860,cus_000000500995,2025-01-26,51310.65,paid,USD
in_000011861,cus_000000500995,2026-01-27,47626.13,paid,USD
in_000011862,cus_000000500996,2024-09-09,309.65,paid,USD
in_000011863,cus_000000500996,2024-10-07,325.24,paid,USD
in_000011864,cus_000000500996,2024-11-04,290.04,paid,USD
in_000011865,cus_000000500996,2024-12-06,316.34,paid,USD
in_000011866,cus_000000500996,2025-01-07,323.69,paid,USD
in_000011867,cus_000000500996,2025-02-04,314.63,paid,USD
in_000011868,cus_000000500996,2025-03-05,309.60,paid,USD
in_000011869,cus_000000500996,2025-04-03,295.29,paid,USD
in_000011870,cus_000000500996,2025-05-01,295.61,paid,USD
in_000011871,cus_000000500996,2025-05-28,308.60,paid,USD
in_000011872,cus_000000500996,2025-06-26,306.83,paid,USD
in_000011873,cus_000000500996,2025-07-23,306.30,paid,USD
in_000011874,cus_000000500996,2025-08-20,321.49,paid,USD
in_000011875,cus_000000500996,2025-09-17,305.96,paid,USD
in_000011876,cus_000000500996,2025-10-17,285.16,paid,USD
in_000011877,cus_000000500996,2025-11-13,279.91,paid,USD
in_000011878,cus_000000500996,2025-12-12,319.72,paid,USD
in_000011879,cus_000000500996,2026-01-12,291.34,paid,USD
in_000011880,cus_000000500996,2026-02-12,273.67,paid,USD
in_000011881,cus_000000500996,2026-03-16,293.87,paid,USD
in_000011882,cus_000000500996,2026-04-18,291.88,paid,USD
in_000011883,cus_000000500996,2026-05-18,321.39,paid,USD
in_000011884,cus_000000500996,2026-06-16,272.82,paid,USD
in_000011885,cus_000000500996,2026-07-16,282.04,paid,USD
in_000011886,cus_000000500996,2026-08-16,278.38,paid,USD
in_000011887,cus_000000500997,2024-04-28,3308.69,paid,USD
in_000011888,cus_000000500997,2025-04-28,3461.98,paid,USD
in_000011889,cus_000000500997,2026-04-30,3152.87,paid,USD
in_000011890,cus_000000500998,2026-03-22,7819.76,paid,USD
in_000011891,cus_000000500998,2026-04-21,7718.43,paid,USD
in_000011892,cus_000000500998,2026-05-18,7538.80,paid,USD
in_000011893,cus_000000500998,2026-06-18,7593.26,paid,USD
in_000011894,cus_000000500998,2026-07-19,7579.68,paid,USD
in_000011895,cus_000000500998,2026-08-16,8106.62,paid,USD
in_000011896,cus_000000500999,2025-12-12,60092.18,paid,USD
in_000011897,cus_000000501001,2025-04-09,727.65,paid,USD
in_000011898,cus_000000501001,2025-05-07,758.71,paid,USD
in_000011899,cus_000000501001,2025-06-09,777.83,paid,USD
in_000011900,cus_000000501001,2025-07-09,798.10,paid,USD
in_000011901,cus_000000501001,2025-08-07,797.11,void,USD
in_000011902,cus_000000501001,2025-09-04,729.09,paid,USD
in_000011903,cus_000000501001,2025-10-01,826.79,paid,USD
in_000011904,cus_000000501001,2025-11-03,758.89,paid,USD
in_000011905,cus_000000501001,2025-11-30,734.48,paid,USD
in_000011906,cus_000000501001,2025-12-27,770.44,paid,USD
in_000011907,cus_000000501001,2026-01-24,739.19,paid,USD
in_000011908,cus_000000501001,2026-02-24,786.68,paid,USD
in_000011909,cus_000000501001,2026-03-28,767.75,paid,USD
in_000011910,cus_000000501001,2026-04-27,739.73,paid,USD
in_000011911,cus_000000501001,2026-05-30,826.02,paid,USD
in_000011912,cus_000000501001,2026-06-30,776.96,paid,USD
in_000011913,cus_000000501001,2026-07-27,769.28,paid,USD
in_000011914,cus_000000501002,2023-01-12,271.29,paid,USD
in_000011915,cus_000000501002,2023-02-11,311.17,paid,USD
in_000011916,cus_000000501002,2023-03-15,308.82,paid,USD
in_000011917,cus_000000501002,2023-04-16,322.87,paid,USD
in_000011918,cus_000000501002,2023-05-16,280.94,paid,USD
in_000011919,cus_000000501002,2023-06-14,288.48,paid,USD
in_000011920,cus_000000501002,2023-07-12,277.99,paid,USD
in_000011921,cus_000000501002,2023-08-08,285.24,paid,USD
in_000011922,cus_000000501002,2023-09-08,278.57,paid,USD
in_000011923,cus_000000501002,2023-10-05,298.49,paid,USD
in_000011924,cus_000000501002,2023-11-04,272.20,paid,USD
in_000011925,cus_000000501002,2023-12-05,302.61,paid,USD
in_000011926,cus_000000501002,2024-01-01,301.02,paid,USD
in_000011927,cus_000000501002,2024-02-03,311.26,paid,USD
in_000011928,cus_000000501002,2024-03-06,288.87,paid,USD
in_000011929,cus_000000501002,2024-04-07,327.27,refunded,USD
in_000011930,cus_000000501002,2024-05-08,325.31,paid,USD
in_000011931,cus_000000501002,2024-06-05,303.83,paid,USD
in_000011932,cus_000000501002,2024-07-08,271.08,paid,USD
in_000011933,cus_000000501002,2024-08-08,292.60,paid,USD
in_000011934,cus_000000501002,2024-09-10,317.84,paid,USD
in_000011935,cus_000000501002,2024-10-09,274.86,paid,USD
in_000011936,cus_000000501002,2024-11-10,318.72,paid,USD
in_000011937,cus_000000501002,2024-12-07,307.98,paid,USD
in_000011938,cus_000000501003,2025-08-23,5032.37,paid,USD
in_000011939,cus_000000501004,2023-05-23,116526.30,paid,USD
in_000011940,cus_000000501004,2024-05-20,113689.15,paid,USD
in_000011941,cus_000000501006,2024-03-11,50826.72,paid,USD
in_000011942,cus_000000501006,2025-03-10,48959.89,paid,USD
in_000011943,cus_000000501007,2024-05-06,112976.49,paid,USD
in_000011944,cus_000000501007,2025-05-06,118908.65,paid,USD
in_000011945,cus_000000501007,2026-05-07,106237.66,paid,USD
in_000011946,cus_000000501008,2023-03-11,58653.59,void,USD
in_000011947,cus_000000501008,2024-03-09,64525.82,paid,USD
in_000011948,cus_000000501008,2025-03-06,61371.71,paid,USD
in_000011949,cus_000000501009,2024-09-30,27020.14,paid,USD
in_000011950,cus_000000501009,2025-09-30,31862.58,paid,USD
in_000011951,cus_000000501010,2023-09-07,3793.51,paid,USD
in_000011952,cus_000000501010,2024-09-08,3541.89,paid,USD
in_000011953,cus_000000501010,2025-09-11,3781.12,paid,USD
in_000011954,cus_000000501011,2025-03-28,13767.36,paid,USD
in_000011955,cus_000000501011,2026-03-25,11902.64,paid,USD
in_000011956,cus_000000501012,2024-09-23,2605.01,paid,USD
in_000011957,cus_000000501012,2025-09-24,2875.01,paid,USD
in_000011958,cus_000000501013,2024-08-13,3868.50,paid,USD
in_000011959,cus_000000501013,2025-08-11,3357.01,paid,USD
in_000011960,cus_000000501014,2024-04-21,8568.62,paid,USD
in_000011961,cus_000000501014,2024-05-24,7266.58,paid,USD
in_000011962,cus_000000501014,2024-06-26,7070.29,paid,USD
in_000011963,cus_000000501014,2024-07-26,8307.14,paid,USD
in_000011964,cus_000000501014,2024-08-22,7588.35,paid,USD
in_000011965,cus_000000501014,2024-09-20,8119.65,paid,USD
in_000011966,cus_000000501014,2024-10-18,7538.62,paid,USD
in_000011967,cus_000000501014,2024-11-14,8014.97,paid,USD
in_000011968,cus_000000501014,2024-12-12,7066.35,paid,USD
in_000011969,cus_000000501014,2025-01-14,8326.35,paid,USD
in_000011970,cus_000000501014,2025-02-11,8106.86,paid,USD
in_000011971,cus_000000501014,2025-03-13,7354.71,paid,USD
in_000011972,cus_000000501014,2025-04-10,7151.94,paid,USD
in_000011973,cus_000000501014,2025-05-13,7533.92,paid,USD
in_000011974,cus_000000501014,2025-06-14,8411.95,paid,USD
in_000011975,cus_000000501014,2025-07-11,7749.72,paid,USD
in_000011976,cus_000000501014,2025-08-07,7728.78,paid,USD
in_000011977,cus_000000501014,2025-09-06,8062.15,paid,USD
in_000011978,cus_000000501014,2025-10-04,7957.09,paid,USD
in_000011979,cus_000000501014,2025-11-02,7552.71,paid,USD
in_000011980,cus_000000501014,2025-12-01,7929.76,paid,USD
in_000011981,cus_000000501014,2026-01-02,7110.59,void,USD
in_000011982,cus_000000501014,2026-01-29,7411.80,paid,USD
in_000011983,cus_000000501014,2026-03-01,8128.53,paid,USD
in_000011984,cus_000000501014,2026-04-02,7371.35,paid,USD
in_000011985,cus_000000501014,2026-05-05,7623.42,paid,USD
in_000011986,cus_000000501014,2026-06-07,8473.51,paid,USD
in_000011987,cus_000000501014,2026-07-07,8162.58,paid,USD
in_000011988,cus_000000501014,2026-08-08,7216.25,paid,USD
in_000011989,cus_000000501015,2023-08-27,2784.27,paid,USD
in_000011990,cus_000000501015,2023-09-26,2781.28,paid,USD
in_000011991,cus_000000501015,2023-10-29,2544.10,paid,USD
in_000011992,cus_000000501015,2023-11-25,2783.74,paid,USD
in_000011993,cus_000000501015,2023-12-23,2726.38,paid,USD
in_000011994,cus_000000501015,2024-01-20,2896.11,paid,USD
in_000011995,cus_000000501015,2024-02-18,2571.94,paid,USD
in_000011996,cus_000000501015,2024-03-18,2623.21,paid,USD
in_000011997,cus_000000501015,2024-04-15,2789.79,paid,USD
in_000011998,cus_000000501015,2024-05-12,2896.82,paid,USD
in_000011999,cus_000000501015,2024-06-09,2878.82,paid,USD
in_000012000,cus_000000501015,2024-07-11,2892.21,paid,USD
in_000012001,cus_000000501015,2024-08-08,2508.91,paid,USD
in_000012002,cus_000000501015,2024-09-04,2935.55,paid,USD
in_000012003,cus_000000501015,2024-10-01,2700.17,paid,USD
in_000012004,cus_000000501015,2024-11-01,2847.24,paid,USD
in_000012005,cus_000000501015,2024-11-29,2662.16,paid,USD
in_000012006,cus_000000501015,2024-12-27,2586.07,paid,USD
in_000012007,cus_000000501015,2025-01-26,2566.70,paid,USD
in_000012008,cus_000000501015,2025-02-24,2663.49,paid,USD
in_000012009,cus_000000501015,2025-03-28,2834.26,paid,USD
in_000012010,cus_000000501015,2025-04-30,2487.42,paid,USD
in_000012011,cus_000000501015,2025-05-30,2947.52,paid,USD
in_000012012,cus_000000501015,2025-06-27,2839.29,paid,USD
in_000012013,cus_000000501015,2025-07-25,2737.72,paid,USD
in_000012014,cus_000000501015,2025-08-24,2616.96,paid,USD
in_000012015,cus_000000501015,2025-09-24,2740.39,refunded,USD
in_000012016,cus_000000501015,2025-10-26,2835.09,paid,USD
in_000012017,cus_000000501015,2025-11-28,2945.49,paid,USD
in_000012018,cus_000000501015,2025-12-27,2910.75,paid,USD
in_000012019,cus_000000501015,2026-01-26,2474.02,paid,USD
in_000012020,cus_000000501015,2026-02-27,2628.47,paid,USD
in_000012021,cus_000000501015,2026-03-26,2684.11,paid,USD
in_000012022,cus_000000501015,2026-04-25,2885.62,paid,USD
in_000012023,cus_000000501015,2026-05-24,2945.49,paid,USD
in_000012024,cus_000000501015,2026-06-21,2869.94,paid,USD
in_000012025,cus_000000501015,2026-07-18,2652.96,paid,USD
in_000012026,cus_000000501015,2026-08-15,2896.53,paid,USD
in_000012027,cus_000000501016,2026-03-14,10623.46,paid,USD
in_000012028,cus_000000501016,2026-04-15,11110.29,paid,USD
in_000012029,cus_000000501016,2026-05-12,10474.78,paid,USD
in_000012030,cus_000000501016,2026-06-12,9936.56,paid,USD
in_000012031,cus_000000501016,2026-07-13,11003.82,paid,USD
in_000012032,cus_000000501016,2026-08-11,10310.51,paid,USD
in_000012033,cus_000000501017,2025-08-01,3794.32,paid,USD
in_000012034,cus_000000501018,2025-11-27,10137.59,paid,USD
in_000012035,cus_000000501020,2024-08-22,3809.31,paid,USD
in_000012036,cus_000000501020,2025-08-24,3364.18,paid,USD
in_000012037,cus_000000501021,2023-05-13,206.05,paid,USD
in_000012038,cus_000000501021,2023-06-10,228.82,paid,USD
in_000012039,cus_000000501021,2023-07-12,228.98,paid,USD
in_000012040,cus_000000501021,2023-08-10,226.03,paid,USD
in_000012041,cus_000000501021,2023-09-09,230.26,paid,USD
in_000012042,cus_000000501021,2023-10-08,222.32,paid,USD
in_000012043,cus_000000501021,2023-11-10,235.14,paid,USD
in_000012044,cus_000000501021,2023-12-13,201.66,paid,USD
in_000012045,cus_000000501021,2024-01-10,217.76,paid,USD
in_000012046,cus_000000501021,2024-02-12,208.70,paid,USD
in_000012047,cus_000000501021,2024-03-16,214.05,paid,USD
in_000012048,cus_000000501021,2024-04-14,230.86,refunded,USD
in_000012049,cus_000000501021,2024-05-14,231.91,paid,USD
in_000012050,cus_000000501021,2024-06-11,223.84,paid,USD
in_000012051,cus_000000501021,2024-07-10,228.96,failed,USD
in_000012052,cus_000000501021,2024-08-06,226.83,void,USD
in_000012053,cus_000000501021,2024-09-04,228.08,failed,USD
in_000012054,cus_000000501021,2024-10-07,234.15,paid,USD
in_000012055,cus_000000501021,2024-11-04,219.05,paid,USD
in_000012056,cus_000000501021,2024-12-04,233.93,paid,USD
in_000012057,cus_000000501021,2025-01-04,201.46,paid,USD
in_000012058,cus_000000501021,2025-02-06,201.43,paid,USD
in_000012059,cus_000000501021,2025-03-07,209.55,paid,USD
in_000012060,cus_000000501021,2025-04-06,234.28,paid,USD
in_000012061,cus_000000501021,2025-05-03,204.94,paid,USD
in_000012062,cus_000000501021,2025-06-02,224.69,paid,USD
in_000012063,cus_000000501021,2025-06-29,239.03,refunded,USD
in_000012064,cus_000000501021,2025-08-01,232.67,paid,USD
in_000012065,cus_000000501021,2025-09-03,221.15,paid,USD
in_000012066,cus_000000501021,2025-10-04,209.89,paid,USD
in_000012067,cus_000000501021,2025-11-01,241.82,paid,USD
in_000012068,cus_000000501021,2025-12-01,221.01,paid,USD
in_000012069,cus_000000501021,2026-01-02,239.02,paid,USD
in_000012070,cus_000000501021,2026-02-03,218.57,paid,USD
in_000012071,cus_000000501021,2026-03-07,237.74,paid,USD
in_000012072,cus_000000501021,2026-04-08,229.76,paid,USD
in_000012073,cus_000000501021,2026-05-10,210.26,refunded,USD
in_000012074,cus_000000501021,2026-06-11,231.62,paid,USD
in_000012075,cus_000000501021,2026-07-09,230.53,paid,USD
in_000012076,cus_000000501021,2026-08-06,233.13,paid,USD
in_000012077,cus_000000501022,2024-03-10,30055.68,paid,USD
in_000012078,cus_000000501022,2025-03-10,31745.78,paid,USD
in_000012079,cus_000000501022,2026-03-08,32452.86,paid,USD
in_000012080,cus_000000501023,2025-02-07,294.01,paid,USD
in_000012081,cus_000000501023,2025-03-09,276.48,paid,USD
in_000012082,cus_000000501023,2025-04-09,322.40,paid,USD
in_000012083,cus_000000501023,2025-05-06,302.26,paid,USD
in_000012084,cus_000000501023,2025-06-08,271.97,paid,USD
in_000012085,cus_000000501023,2025-07-07,284.60,paid,USD
in_000012086,cus_000000501023,2025-08-06,289.07,paid,USD
in_000012087,cus_000000501023,2025-09-02,294.24,paid,USD
in_000012088,cus_000000501023,2025-10-02,295.84,paid,USD
in_000012089,cus_000000501023,2025-10-29,328.11,paid,USD
in_000012090,cus_000000501023,2025-11-30,299.18,paid,USD
in_000012091,cus_000000501023,2025-12-30,291.23,paid,USD
in_000012092,cus_000000501023,2026-01-29,299.62,paid,USD
in_000012093,cus_000000501023,2026-02-27,314.33,paid,USD
in_000012094,cus_000000501023,2026-04-01,289.03,paid,USD
in_000012095,cus_000000501023,2026-04-30,298.96,paid,USD
in_000012096,cus_000000501025,2025-04-07,15628.49,paid,USD
in_000012097,cus_000000501026,2024-12-07,3626.84,paid,USD
in_000012098,cus_000000501026,2025-12-05,3420.88,paid,USD
in_000012099,cus_000000501027,2023-04-22,110710.38,paid,USD
in_000012100,cus_000000501027,2024-04-24,97529.54,paid,USD
in_000012101,cus_000000501027,2025-04-24,109404.98,paid,USD
in_000012102,cus_000000501027,2026-04-23,98073.32,paid,USD
in_000012103,cus_000000501028,2024-01-27,9654.90,paid,USD
in_000012104,cus_000000501028,2024-02-23,8538.76,paid,USD
in_000012105,cus_000000501028,2024-03-21,8742.14,paid,USD
in_000012106,cus_000000501028,2024-04-17,9596.90,paid,USD
in_000012107,cus_000000501028,2024-05-20,9130.81,paid,USD
in_000012108,cus_000000501028,2024-06-18,8629.56,paid,USD
in_000012109,cus_000000501028,2024-07-20,8927.05,paid,USD
in_000012110,cus_000000501028,2024-08-22,9580.47,paid,USD
in_000012111,cus_000000501028,2024-09-21,9241.98,paid,USD
in_000012112,cus_000000501028,2024-10-19,8778.65,paid,USD
in_000012113,cus_000000501028,2024-11-21,9739.06,paid,USD
in_000012114,cus_000000501028,2024-12-19,8931.08,paid,USD
in_000012115,cus_000000501028,2025-01-17,8566.39,paid,USD
in_000012116,cus_000000501028,2025-02-18,9807.10,paid,USD
in_000012117,cus_000000501028,2025-03-21,9541.44,paid,USD
in_000012118,cus_000000501028,2025-04-20,9402.42,paid,USD
in_000012119,cus_000000501028,2025-05-23,9480.68,paid,USD
in_000012120,cus_000000501028,2025-06-21,9688.47,refunded,USD
in_000012121,cus_000000501028,2025-07-18,9661.88,paid,USD
in_000012122,cus_000000501028,2025-08-15,9469.93,paid,USD
in_000012123,cus_000000501028,2025-09-12,9919.12,paid,USD
in_000012124,cus_000000501028,2025-10-11,9275.99,paid,USD
in_000012125,cus_000000501028,2025-11-08,9662.58,paid,USD
in_000012126,cus_000000501028,2025-12-07,8571.27,paid,USD
in_000012127,cus_000000501029,2024-08-16,1327.09,paid,USD
in_000012128,cus_000000501029,2024-09-16,1324.61,paid,USD
in_000012129,cus_000000501029,2024-10-15,1324.29,paid,USD
in_000012130,cus_000000501029,2024-11-11,1268.45,paid,USD
in_000012131,cus_000000501029,2024-12-13,1220.26,paid,USD
in_000012132,cus_000000501029,2025-01-11,1271.67,paid,USD
in_000012133,cus_000000501029,2025-02-08,1354.39,paid,USD
in_000012134,cus_000000501029,2025-03-07,1189.16,paid,USD
in_000012135,cus_000000501029,2025-04-06,1257.59,paid,USD
in_000012136,cus_000000501029,2025-05-03,1279.68,paid,USD
in_000012137,cus_000000501029,2025-06-02,1315.60,paid,USD
in_000012138,cus_000000501029,2025-07-03,1285.34,paid,USD
in_000012139,cus_000000501029,2025-08-02,1277.13,paid,USD
in_000012140,cus_000000501029,2025-09-01,1348.74,paid,USD
in_000012141,cus_000000501029,2025-10-03,1375.02,paid,USD
in_000012142,cus_000000501029,2025-10-31,1295.97,paid,USD
in_000012143,cus_000000501029,2025-12-03,1331.60,paid,USD
in_000012144,cus_000000501029,2026-01-03,1399.57,paid,USD
in_000012145,cus_000000501029,2026-02-04,1175.76,paid,USD
in_000012146,cus_000000501029,2026-03-06,1396.51,paid,USD
in_000012147,cus_000000501029,2026-04-02,1246.75,paid,USD
in_000012148,cus_000000501029,2026-05-02,1279.16,paid,USD
in_000012149,cus_000000501029,2026-06-01,1193.04,refunded,USD
in_000012150,cus_000000501029,2026-07-04,1273.02,paid,USD
in_000012151,cus_000000501029,2026-08-03,1293.83,paid,USD
in_000012152,cus_000000501030,2023-12-24,2443.20,paid,USD
in_000012153,cus_000000501030,2024-01-23,2495.53,paid,USD
in_000012154,cus_000000501030,2024-02-23,2289.08,paid,USD
in_000012155,cus_000000501030,2024-03-26,2646.62,paid,USD
in_000012156,cus_000000501030,2024-04-25,2309.51,paid,USD
in_000012157,cus_000000501030,2024-05-25,2440.42,paid,USD
in_000012158,cus_000000501030,2024-06-27,2570.53,paid,USD
in_000012159,cus_000000501030,2024-07-27,2278.83,paid,USD
in_000012160,cus_000000501030,2024-08-24,2652.26,paid,USD
in_000012161,cus_000000501030,2024-09-20,2255.27,paid,USD
in_000012162,cus_000000501030,2024-10-22,2578.23,paid,USD
in_000012163,cus_000000501031,2024-03-21,4006.40,paid,USD
in_000012164,cus_000000501031,2025-03-19,4308.41,paid,USD
in_000012165,cus_000000501031,2026-03-21,4402.14,paid,USD
in_000012166,cus_000000501032,2023-07-13,3744.06,paid,USD
in_000012167,cus_000000501032,2024-07-09,3635.47,paid,USD
in_000012168,cus_000000501032,2025-07-12,3886.74,paid,USD
in_000012169,cus_000000501032,2026-07-15,3324.35,paid,USD
in_000012170,cus_000000501033,2025-07-16,2358.64,paid,USD
in_000012171,cus_000000501033,2025-08-15,2106.21,refunded,USD
in_000012172,cus_000000501033,2025-09-11,2431.75,paid,USD
in_000012173,cus_000000501033,2025-10-08,2382.31,paid,USD
in_000012174,cus_000000501033,2025-11-09,2468.15,paid,USD
in_000012175,cus_000000501033,2025-12-12,2156.41,paid,USD
in_000012176,cus_000000501033,2026-01-10,2254.22,refunded,USD
in_000012177,cus_000000501033,2026-02-10,2342.64,paid,USD
in_000012178,cus_000000501033,2026-03-14,2352.78,paid,USD
in_000012179,cus_000000501033,2026-04-13,2141.32,paid,USD
in_000012180,cus_000000501033,2026-05-14,2208.40,paid,USD
in_000012181,cus_000000501033,2026-06-16,2446.26,paid,USD
in_000012182,cus_000000501033,2026-07-15,2385.19,paid,USD
in_000012183,cus_000000501033,2026-08-13,2395.49,paid,USD
in_000012184,cus_000000501034,2025-05-16,309.60,paid,USD
in_000012185,cus_000000501034,2025-06-14,311.89,paid,USD
in_000012186,cus_000000501034,2025-07-14,324.58,paid,USD
in_000012187,cus_000000501034,2025-08-13,316.33,paid,USD
in_000012188,cus_000000501034,2025-09-14,298.31,paid,USD
in_000012189,cus_000000501034,2025-10-11,298.28,refunded,USD
in_000012190,cus_000000501034,2025-11-13,290.56,paid,USD
in_000012191,cus_000000501034,2025-12-11,318.96,refunded,USD
in_000012192,cus_000000501034,2026-01-07,314.10,paid,USD
in_000012193,cus_000000501034,2026-02-03,291.99,paid,USD
in_000012194,cus_000000501034,2026-03-02,293.88,paid,USD
in_000012195,cus_000000501034,2026-04-01,293.42,paid,USD
in_000012196,cus_000000501034,2026-05-04,281.54,paid,USD
in_000012197,cus_000000501034,2026-06-01,290.38,paid,USD
in_000012198,cus_000000501034,2026-06-28,275.91,paid,USD
in_000012199,cus_000000501034,2026-07-31,318.96,paid,USD
in_000012200,cus_000000501035,2024-02-04,4208.15,paid,USD
in_000012201,cus_000000501035,2025-02-06,4538.08,void,USD
in_000012202,cus_000000501035,2026-02-06,3972.67,paid,USD
in_000012203,cus_000000501036,2023-10-21,59571.04,paid,USD
in_000012204,cus_000000501036,2024-10-18,52701.91,paid,USD
in_000012205,cus_000000501037,2025-01-24,9622.59,paid,USD
in_000012206,cus_000000501037,2025-02-24,9181.37,paid,USD
in_000012207,cus_000000501037,2025-03-28,8961.81,paid,USD
in_000012208,cus_000000501037,2025-04-28,9744.46,paid,USD
in_000012209,cus_000000501037,2025-05-30,8906.14,paid,USD
in_000012210,cus_000000501037,2025-07-02,9164.47,paid,USD
in_000012211,cus_000000501037,2025-07-29,10065.18,paid,USD
in_000012212,cus_000000501037,2025-08-28,10517.41,refunded,USD
in_000012213,cus_000000501037,2025-09-26,9688.74,paid,USD
in_000012214,cus_000000501037,2025-10-27,9322.14,paid,USD
in_000012215,cus_000000501037,2025-11-27,8967.91,paid,USD
in_000012216,cus_000000501037,2025-12-29,9705.48,paid,USD
in_000012217,cus_000000501037,2026-01-28,9954.65,paid,USD
in_000012218,cus_000000501037,2026-03-02,9687.67,failed,USD
in_000012219,cus_000000501037,2026-04-04,9726.68,paid,USD
in_000012220,cus_000000501037,2026-05-05,10421.32,paid,USD
in_000012221,cus_000000501037,2026-06-01,9381.72,paid,USD
in_000012222,cus_000000501037,2026-07-02,9888.18,paid,USD
in_000012223,cus_000000501037,2026-08-03,10472.93,paid,USD
in_000012224,cus_000000501038,2025-08-25,3450.40,paid,USD
in_000012225,cus_000000501039,2024-08-04,3297.17,paid,USD
in_000012226,cus_000000501039,2025-08-02,2960.24,paid,USD
in_000012227,cus_000000501039,2026-07-31,3313.42,paid,USD
in_000012228,cus_000000501040,2024-11-30,2152.48,paid,USD
in_000012229,cus_000000501040,2025-01-02,2041.02,paid,USD
in_000012230,cus_000000501040,2025-02-01,2160.12,paid,USD
in_000012231,cus_000000501040,2025-03-03,1991.88,void,USD
in_000012232,cus_000000501040,2025-03-31,2103.67,paid,USD
in_000012233,cus_000000501040,2025-05-01,2287.79,paid,USD
in_000012234,cus_000000501040,2025-05-30,2189.85,void,USD
in_000012235,cus_000000501040,2025-06-27,2054.87,paid,USD
in_000012236,cus_000000501040,2025-07-28,2060.59,paid,USD
in_000012237,cus_000000501040,2025-08-29,2040.35,paid,USD
in_000012238,cus_000000501040,2025-09-29,2145.72,void,USD
in_000012239,cus_000000501040,2025-10-29,2243.27,paid,USD
in_000012240,cus_000000501040,2025-11-25,2202.73,paid,USD
in_000012241,cus_000000501040,2025-12-24,2322.99,paid,USD
in_000012242,cus_000000501040,2026-01-26,2101.29,paid,USD
in_000012243,cus_000000501040,2026-02-28,2374.48,paid,USD
in_000012244,cus_000000501040,2026-03-30,2280.70,paid,USD
in_000012245,cus_000000501040,2026-05-01,2077.76,paid,USD
in_000012246,cus_000000501040,2026-05-29,2083.87,refunded,USD
in_000012247,cus_000000501040,2026-06-27,2061.55,paid,USD
in_000012248,cus_000000501040,2026-07-27,2328.64,paid,USD
in_000012249,cus_000000501041,2024-10-22,321.44,paid,USD
in_000012250,cus_000000501041,2024-11-20,313.56,paid,USD
in_000012251,cus_000000501041,2024-12-18,309.39,paid,USD
in_000012252,cus_000000501041,2025-01-19,305.16,paid,USD
in_000012253,cus_000000501041,2025-02-18,281.98,paid,USD
in_000012254,cus_000000501041,2025-03-21,295.74,paid,USD
in_000012255,cus_000000501041,2025-04-17,276.41,paid,USD
in_000012256,cus_000000501041,2025-05-16,328.85,paid,USD
in_000012257,cus_000000501041,2025-06-16,316.55,paid,USD
in_000012258,cus_000000501041,2025-07-16,271.88,paid,USD
in_000012259,cus_000000501041,2025-08-14,310.77,paid,USD
in_000012260,cus_000000501041,2025-09-15,279.26,paid,USD
in_000012261,cus_000000501041,2025-10-15,328.76,paid,USD
in_000012262,cus_000000501041,2025-11-14,323.21,paid,USD
in_000012263,cus_000000501041,2025-12-17,301.54,paid,USD
in_000012264,cus_000000501041,2026-01-17,324.83,paid,USD
in_000012265,cus_000000501041,2026-02-19,311.30,paid,USD
in_000012266,cus_000000501041,2026-03-21,278.49,paid,USD
in_000012267,cus_000000501041,2026-04-23,313.71,paid,USD
in_000012268,cus_000000501041,2026-05-20,287.12,paid,USD
in_000012269,cus_000000501041,2026-06-17,316.03,paid,USD
in_000012270,cus_000000501041,2026-07-18,280.88,failed,USD
in_000012271,cus_000000501041,2026-08-20,307.62,paid,USD
in_000012272,cus_000000501042,2023-03-02,2253.95,paid,USD
in_000012273,cus_000000501042,2023-04-04,2356.83,paid,USD
in_000012274,cus_000000501042,2023-05-01,2270.56,paid,USD
in_000012275,cus_000000501042,2023-06-02,2563.62,paid,USD
in_000012276,cus_000000501042,2023-07-03,2529.30,paid,USD
in_000012277,cus_000000501042,2023-08-01,2425.71,paid,USD
in_000012278,cus_000000501042,2023-08-28,2454.65,paid,USD
in_000012279,cus_000000501042,2023-09-29,2425.37,paid,USD
in_000012280,cus_000000501042,2023-10-29,2624.93,paid,USD
in_000012281,cus_000000501042,2023-11-25,2215.73,paid,USD
in_000012282,cus_000000501042,2023-12-25,2282.26,paid,USD
in_000012283,cus_000000501042,2024-01-24,2334.02,paid,USD
in_000012284,cus_000000501042,2024-02-22,2378.24,paid,USD
in_000012285,cus_000000501042,2024-03-26,2530.40,paid,USD
in_000012286,cus_000000501042,2024-04-26,2456.15,void,USD
in_000012287,cus_000000501042,2024-05-24,2605.89,paid,USD
in_000012288,cus_000000501042,2024-06-24,2589.19,paid,USD
in_000012289,cus_000000501042,2024-07-23,2400.05,paid,USD
in_000012290,cus_000000501042,2024-08-19,2196.48,paid,USD
in_000012291,cus_000000501042,2024-09-19,2306.35,paid,USD
in_000012292,cus_000000501042,2024-10-20,2618.31,paid,USD
in_000012293,cus_000000501042,2024-11-17,2317.06,paid,USD
in_000012294,cus_000000501042,2024-12-15,2435.75,paid,USD
in_000012295,cus_000000501042,2025-01-13,2216.05,paid,USD
in_000012296,cus_000000501042,2025-02-11,2542.39,paid,USD
in_000012297,cus_000000501042,2025-03-16,2543.40,paid,USD
in_000012298,cus_000000501042,2025-04-18,2236.54,paid,USD
in_000012299,cus_000000501042,2025-05-21,2375.24,paid,USD
in_000012300,cus_000000501042,2025-06-21,2434.22,paid,USD
in_000012301,cus_000000501042,2025-07-21,2206.80,paid,USD
in_000012302,cus_000000501042,2025-08-18,2566.02,paid,USD
in_000012303,cus_000000501042,2025-09-14,2557.89,paid,USD
in_000012304,cus_000000501042,2025-10-12,2628.05,paid,USD
in_000012305,cus_000000501042,2025-11-12,2342.05,paid,USD
in_000012306,cus_000000501042,2025-12-14,2458.90,paid,USD
in_000012307,cus_000000501042,2026-01-14,2507.71,paid,USD
in_000012308,cus_000000501042,2026-02-12,2478.13,paid,USD
in_000012309,cus_000000501042,2026-03-12,2377.91,paid,USD
in_000012310,cus_000000501042,2026-04-14,2537.61,paid,USD
in_000012311,cus_000000501042,2026-05-11,2214.85,paid,USD
in_000012312,cus_000000501042,2026-06-07,2629.65,paid,USD
in_000012313,cus_000000501042,2026-07-04,2585.66,paid,USD
in_000012314,cus_000000501042,2026-08-02,2552.96,paid,USD
in_000012315,cus_000000501043,2023-01-16,8819.71,refunded,USD
in_000012316,cus_000000501043,2023-02-17,9096.06,paid,USD
in_000012317,cus_000000501043,2023-03-21,8907.12,paid,USD
in_000012318,cus_000000501043,2023-04-23,8693.86,paid,USD
in_000012319,cus_000000501043,2023-05-23,9155.10,paid,USD
in_000012320,cus_000000501043,2023-06-22,9773.99,paid,USD
in_000012321,cus_000000501043,2023-07-25,8721.03,paid,USD
in_000012322,cus_000000501043,2023-08-23,9664.88,paid,USD
in_000012323,cus_000000501043,2023-09-19,8597.42,paid,USD
in_000012324,cus_000000501043,2023-10-20,9040.94,paid,USD
in_000012325,cus_000000501043,2023-11-17,8394.38,paid,USD
in_000012326,cus_000000501043,2023-12-17,9335.72,paid,USD
in_000012327,cus_000000501043,2024-01-18,8378.57,paid,USD
in_000012328,cus_000000501043,2024-02-15,8384.90,paid,USD
in_000012329,cus_000000501043,2024-03-18,9584.07,paid,USD
in_000012330,cus_000000501043,2024-04-16,9637.11,refunded,USD
in_000012331,cus_000000501043,2024-05-13,8861.58,paid,USD
in_000012332,cus_000000501043,2024-06-15,9344.16,paid,USD
in_000012333,cus_000000501043,2024-07-14,9259.81,paid,USD
in_000012334,cus_000000501043,2024-08-14,9946.13,paid,USD
in_000012335,cus_000000501043,2024-09-13,9478.88,paid,USD
in_000012336,cus_000000501043,2024-10-11,9644.05,paid,USD
in_000012337,cus_000000501043,2024-11-13,8952.49,paid,USD
in_000012338,cus_000000501043,2024-12-11,9873.11,paid,USD
in_000012339,cus_000000501043,2025-01-07,9451.23,paid,USD
in_000012340,cus_000000501043,2025-02-06,9145.92,paid,USD
in_000012341,cus_000000501043,2025-03-11,8725.11,paid,USD
in_000012342,cus_000000501043,2025-04-11,8757.65,paid,USD
in_000012343,cus_000000501043,2025-05-09,9459.45,paid,USD
in_000012344,cus_000000501043,2025-06-06,10046.86,paid,USD
in_000012345,cus_000000501043,2025-07-05,8411.84,paid,USD
in_000012346,cus_000000501043,2025-08-02,9078.57,paid,USD
in_000012347,cus_000000501043,2025-08-31,9545.74,paid,USD
in_000012348,cus_000000501043,2025-10-02,8938.85,paid,USD
in_000012349,cus_000000501043,2025-10-30,9739.44,paid,USD
in_000012350,cus_000000501043,2025-11-28,9555.08,paid,USD
in_000012351,cus_000000501043,2025-12-31,9329.38,paid,USD
in_000012352,cus_000000501043,2026-02-01,9321.31,paid,USD
in_000012353,cus_000000501043,2026-03-02,8703.42,paid,USD
in_000012354,cus_000000501043,2026-03-31,8451.10,failed,USD
in_000012355,cus_000000501044,2026-04-10,3181.32,paid,USD
in_000012356,cus_000000501045,2024-11-28,2913.08,paid,USD
in_000012357,cus_000000501045,2025-11-27,2508.19,paid,USD
in_000012358,cus_000000501046,2025-06-18,358.33,paid,USD
in_000012359,cus_000000501046,2025-07-18,330.42,paid,USD
in_000012360,cus_000000501046,2025-08-18,348.73,paid,USD
in_000012361,cus_000000501046,2025-09-19,324.13,paid,USD
in_000012362,cus_000000501046,2025-10-21,381.22,paid,USD
in_000012363,cus_000000501046,2025-11-21,331.85,paid,USD
in_000012364,cus_000000501046,2025-12-19,376.05,paid,USD
in_000012365,cus_000000501046,2026-01-17,352.89,paid,USD
in_000012366,cus_000000501046,2026-02-14,343.67,paid,USD
in_000012367,cus_000000501046,2026-03-17,322.38,paid,USD
in_000012368,cus_000000501046,2026-04-14,378.17,void,USD
in_000012369,cus_000000501046,2026-05-14,365.64,paid,USD
in_000012370,cus_000000501046,2026-06-11,346.72,failed,USD
in_000012371,cus_000000501046,2026-07-08,323.54,paid,USD
in_000012372,cus_000000501046,2026-08-06,337.39,paid,USD
in_000012373,cus_000000501047,2025-06-22,355.23,paid,USD
in_000012374,cus_000000501047,2025-07-20,327.89,paid,USD
in_000012375,cus_000000501047,2025-08-21,360.09,paid,USD
in_000012376,cus_000000501047,2025-09-17,366.86,paid,USD
in_000012377,cus_000000501047,2025-10-15,372.87,paid,USD
in_000012378,cus_000000501047,2025-11-15,367.11,paid,USD
in_000012379,cus_000000501047,2025-12-13,370.95,paid,USD
in_000012380,cus_000000501047,2026-01-14,356.20,paid,USD
in_000012381,cus_000000501047,2026-02-11,363.62,paid,USD
in_000012382,cus_000000501047,2026-03-12,324.53,paid,USD
in_000012383,cus_000000501047,2026-04-08,361.80,paid,USD
in_000012384,cus_000000501047,2026-05-05,328.44,paid,USD
in_000012385,cus_000000501047,2026-06-05,316.02,paid,USD
in_000012386,cus_000000501047,2026-07-05,333.65,paid,USD
in_000012387,cus_000000501047,2026-08-03,336.74,paid,USD
in_000012388,cus_000000501048,2023-08-08,9642.00,paid,USD
in_000012389,cus_000000501048,2023-09-05,9522.20,paid,USD
in_000012390,cus_000000501048,2023-10-02,10654.70,paid,USD
in_000012391,cus_000000501048,2023-10-29,9556.41,paid,USD
in_000012392,cus_000000501048,2023-11-28,10586.12,paid,USD
in_000012393,cus_000000501048,2023-12-29,9938.67,paid,USD
in_000012394,cus_000000501048,2024-01-25,10594.88,paid,USD
in_000012395,cus_000000501048,2024-02-27,9698.79,paid,USD
in_000012396,cus_000000501048,2024-03-30,10906.95,paid,USD
in_000012397,cus_000000501048,2024-05-01,9301.01,paid,USD
in_000012398,cus_000000501048,2024-05-28,10272.75,paid,USD
in_000012399,cus_000000501048,2024-06-28,9394.95,paid,USD
in_000012400,cus_000000501048,2024-07-27,11146.39,paid,USD
in_000012401,cus_000000501048,2024-08-27,10358.29,paid,USD
in_000012402,cus_000000501048,2024-09-29,10587.32,paid,USD
in_000012403,cus_000000501048,2024-10-30,9758.09,paid,USD
in_000012404,cus_000000501048,2024-12-01,10456.37,paid,USD
in_000012405,cus_000000501048,2024-12-30,11132.98,paid,USD
in_000012406,cus_000000501048,2025-01-29,9339.86,paid,USD
in_000012407,cus_000000501048,2025-02-26,9738.47,paid,USD
in_000012408,cus_000000501048,2025-03-30,9974.53,paid,USD
in_000012409,cus_000000501048,2025-04-30,9772.19,paid,USD
in_000012410,cus_000000501048,2025-06-02,9375.03,paid,USD
in_000012411,cus_000000501048,2025-07-02,11062.83,paid,USD
in_000012412,cus_000000501048,2025-08-02,10569.37,paid,USD
in_000012413,cus_000000501048,2025-09-04,10893.52,paid,USD
in_000012414,cus_000000501048,2025-10-02,9335.77,paid,USD
in_000012415,cus_000000501048,2025-10-30,9891.77,paid,USD
in_000012416,cus_000000501048,2025-11-28,9596.09,paid,USD
in_000012417,cus_000000501048,2025-12-29,11162.34,paid,USD
in_000012418,cus_000000501048,2026-01-25,9760.78,paid,USD
in_000012419,cus_000000501048,2026-02-26,9322.34,paid,USD
in_000012420,cus_000000501048,2026-03-25,10850.87,paid,USD
in_000012421,cus_000000501048,2026-04-21,10785.31,paid,USD
in_000012422,cus_000000501048,2026-05-24,10427.19,paid,USD
in_000012423,cus_000000501048,2026-06-22,10336.99,paid,USD
in_000012424,cus_000000501048,2026-07-19,10552.83,paid,USD
in_000012425,cus_000000501048,2026-08-15,9193.05,paid,USD
in_000012426,cus_000000501049,2024-10-13,12667.59,paid,USD
in_000012427,cus_000000501049,2025-10-10,12966.27,paid,USD
in_000012428,cus_000000501050,2024-07-20,233.71,paid,USD
in_000012429,cus_000000501050,2024-08-16,226.37,paid,USD
in_000012430,cus_000000501050,2024-09-12,249.63,paid,USD
in_000012431,cus_000000501050,2024-10-09,234.34,paid,USD
in_000012432,cus_000000501050,2024-11-06,250.26,paid,USD
in_000012433,cus_000000501050,2024-12-06,219.49,paid,USD
in_000012434,cus_000000501050,2025-01-07,242.48,paid,USD
in_000012435,cus_000000501050,2025-02-08,225.69,paid,USD
in_000012436,cus_000000501050,2025-03-13,252.67,paid,USD
in_000012437,cus_000000501050,2025-04-15,221.25,paid,USD
in_000012438,cus_000000501050,2025-05-14,244.40,paid,USD
in_000012439,cus_000000501050,2025-06-11,254.98,paid,USD
in_000012440,cus_000000501050,2025-07-12,251.83,paid,USD
in_000012441,cus_000000501050,2025-08-14,243.31,refunded,USD
in_000012442,cus_000000501050,2025-09-16,244.67,paid,USD
in_000012443,cus_000000501050,2025-10-16,222.67,paid,USD
in_000012444,cus_000000501050,2025-11-12,229.39,paid,USD
in_000012445,cus_000000501050,2025-12-12,249.62,paid,USD
in_000012446,cus_000000501050,2026-01-14,243.72,paid,USD
in_000012447,cus_000000501050,2026-02-15,211.42,paid,USD
in_000012448,cus_000000501050,2026-03-17,246.23,paid,USD
in_000012449,cus_000000501051,2025-05-30,588.66,paid,USD
in_000012450,cus_000000501051,2025-06-26,683.13,paid,USD
in_000012451,cus_000000501051,2025-07-25,621.75,paid,USD
in_000012452,cus_000000501051,2025-08-26,603.77,paid,USD
in_000012453,cus_000000501051,2025-09-27,623.77,paid,USD
in_000012454,cus_000000501051,2025-10-25,661.36,paid,USD
in_000012455,cus_000000501051,2025-11-23,636.54,paid,USD
in_000012456,cus_000000501051,2025-12-24,655.63,paid,USD
in_000012457,cus_000000501051,2026-01-26,710.57,paid,USD
in_000012458,cus_000000501051,2026-02-22,594.83,paid,USD
in_000012459,cus_000000501051,2026-03-22,660.25,paid,USD
in_000012460,cus_000000501051,2026-04-21,671.39,paid,USD
in_000012461,cus_000000501051,2026-05-19,662.05,paid,USD
in_000012462,cus_000000501051,2026-06-17,717.28,paid,USD
in_000012463,cus_000000501051,2026-07-18,652.64,paid,USD
in_000012464,cus_000000501051,2026-08-17,605.91,paid,USD
in_000012465,cus_000000501052,2022-11-11,403.30,paid,USD
in_000012466,cus_000000501052,2022-12-12,393.04,paid,USD
in_000012467,cus_000000501052,2023-01-09,435.54,paid,USD
in_000012468,cus_000000501052,2023-02-07,407.36,paid,USD
in_000012469,cus_000000501052,2023-03-11,466.81,paid,USD
in_000012470,cus_000000501052,2023-04-09,476.26,paid,USD
in_000012471,cus_000000501052,2023-05-11,439.45,paid,USD
in_000012472,cus_000000501052,2023-06-08,449.00,paid,USD
in_000012473,cus_000000501052,2023-07-05,427.36,paid,USD
in_000012474,cus_000000501052,2023-08-05,411.99,paid,USD
in_000012475,cus_000000501052,2023-09-06,468.98,paid,USD
in_000012476,cus_000000501052,2023-10-08,397.43,paid,USD
in_000012477,cus_000000501052,2023-11-06,450.01,paid,USD
in_000012478,cus_000000501052,2023-12-09,400.03,paid,USD
in_000012479,cus_000000501052,2024-01-08,456.85,paid,USD
in_000012480,cus_000000501052,2024-02-07,472.95,paid,USD
in_000012481,cus_000000501052,2024-03-07,425.56,paid,USD
in_000012482,cus_000000501052,2024-04-09,461.64,paid,USD
in_000012483,cus_000000501052,2024-05-09,417.71,paid,USD
in_000012484,cus_000000501052,2024-06-05,440.33,failed,USD
in_000012485,cus_000000501052,2024-07-05,400.62,paid,USD
in_000012486,cus_000000501052,2024-08-07,429.10,paid,USD
in_000012487,cus_000000501052,2024-09-07,444.91,failed,USD
in_000012488,cus_000000501052,2024-10-10,441.19,paid,USD
in_000012489,cus_000000501052,2024-11-10,465.42,refunded,USD
in_000012490,cus_000000501052,2024-12-09,443.76,paid,USD
in_000012491,cus_000000501052,2025-01-06,408.29,paid,USD
in_000012492,cus_000000501052,2025-02-02,404.29,paid,USD
in_000012493,cus_000000501052,2025-03-02,466.33,paid,USD
in_000012494,cus_000000501052,2025-04-02,421.93,paid,USD
in_000012495,cus_000000501052,2025-05-04,451.33,paid,USD
in_000012496,cus_000000501052,2025-06-01,478.10,paid,USD
in_000012497,cus_000000501052,2025-07-02,430.22,paid,USD
in_000012498,cus_000000501052,2025-07-30,459.83,paid,USD
in_000012499,cus_000000501052,2025-08-28,438.10,paid,USD
in_000012500,cus_000000501052,2025-09-29,429.57,paid,USD
in_000012501,cus_000000501052,2025-10-30,454.42,paid,USD
in_000012502,cus_000000501052,2025-11-28,440.13,paid,USD
in_000012503,cus_000000501052,2025-12-28,419.45,paid,USD
in_000012504,cus_000000501052,2026-01-26,456.34,paid,USD
in_000012505,cus_000000501052,2026-02-28,398.47,paid,USD
in_000012506,cus_000000501052,2026-03-31,421.52,paid,USD
in_000012507,cus_000000501052,2026-05-02,427.56,paid,USD
in_000012508,cus_000000501052,2026-06-01,471.49,paid,USD
in_000012509,cus_000000501052,2026-06-30,425.27,paid,USD
in_000012510,cus_000000501052,2026-07-30,453.74,paid,USD
in_000012511,cus_000000501053,2025-12-18,96516.98,paid,USD
in_000012512,cus_000000501054,2024-01-31,66589.59,paid,USD
in_000012513,cus_000000501054,2025-01-27,70526.92,paid,USD
in_000012514,cus_000000501054,2026-01-24,69239.98,paid,USD
in_000012515,cus_000000501056,2024-04-14,10997.71,paid,USD
in_000012516,cus_000000501056,2024-05-13,9862.06,paid,USD
in_000012517,cus_000000501056,2024-06-13,9328.00,paid,USD
in_000012518,cus_000000501056,2024-07-16,10870.60,paid,USD
in_000012519,cus_000000501056,2024-08-17,11074.08,paid,USD
in_000012520,cus_000000501056,2024-09-15,9695.10,paid,USD
in_000012521,cus_000000501056,2024-10-18,10574.14,paid,USD
in_000012522,cus_000000501056,2024-11-14,9597.89,paid,USD
in_000012523,cus_000000501056,2024-12-12,10350.79,paid,USD
in_000012524,cus_000000501056,2025-01-10,10840.17,paid,USD
in_000012525,cus_000000501056,2025-02-10,10439.67,paid,USD
in_000012526,cus_000000501056,2025-03-12,10077.59,paid,USD
in_000012527,cus_000000501056,2025-04-09,10413.15,paid,USD
in_000012528,cus_000000501056,2025-05-07,10749.08,paid,USD
in_000012529,cus_000000501056,2025-06-06,9438.65,paid,USD
in_000012530,cus_000000501056,2025-07-03,10240.27,paid,USD
in_000012531,cus_000000501056,2025-08-02,11063.09,paid,USD
in_000012532,cus_000000501056,2025-09-04,10595.60,paid,USD
in_000012533,cus_000000501056,2025-10-04,9386.41,paid,USD
in_000012534,cus_000000501056,2025-11-02,10441.47,paid,USD
in_000012535,cus_000000501056,2025-12-01,10601.30,paid,USD
in_000012536,cus_000000501056,2026-01-02,10422.80,paid,USD
in_000012537,cus_000000501056,2026-01-31,10461.34,paid,USD
in_000012538,cus_000000501056,2026-03-01,10755.02,paid,USD
in_000012539,cus_000000501056,2026-03-28,9248.76,paid,USD
in_000012540,cus_000000501056,2026-04-26,11159.29,paid,USD
in_000012541,cus_000000501056,2026-05-24,10217.26,paid,USD
in_000012542,cus_000000501056,2026-06-20,10767.67,paid,USD
in_000012543,cus_000000501056,2026-07-21,9926.36,paid,USD
in_000012544,cus_000000501057,2025-06-17,8811.65,refunded,USD
in_000012545,cus_000000501057,2025-07-18,8751.52,paid,USD
in_000012546,cus_000000501057,2025-08-18,8650.23,paid,USD
in_000012547,cus_000000501057,2025-09-14,8682.91,paid,USD
in_000012548,cus_000000501057,2025-10-12,8169.80,paid,USD
in_000012549,cus_000000501057,2025-11-08,8136.59,paid,USD
in_000012550,cus_000000501057,2025-12-05,8349.17,refunded,USD
in_000012551,cus_000000501057,2026-01-01,8395.10,paid,USD
in_000012552,cus_000000501057,2026-02-03,9050.79,paid,USD
in_000012553,cus_000000501057,2026-03-04,9451.61,paid,USD
in_000012554,cus_000000501057,2026-04-06,8936.92,paid,USD
in_000012555,cus_000000501057,2026-05-03,9426.09,paid,USD
in_000012556,cus_000000501057,2026-05-31,9549.28,paid,USD
in_000012557,cus_000000501057,2026-07-01,9746.62,paid,USD
in_000012558,cus_000000501057,2026-08-01,8698.27,paid,USD
in_000012559,cus_000000501058,2024-03-11,29141.43,paid,USD
in_000012560,cus_000000501058,2025-03-10,30533.42,refunded,USD
in_000012561,cus_000000501059,2024-03-14,292.01,paid,USD
in_000012562,cus_000000501059,2024-04-10,311.85,paid,USD
in_000012563,cus_000000501059,2024-05-08,282.41,paid,USD
in_000012564,cus_000000501059,2024-06-10,304.47,paid,USD
in_000012565,cus_000000501059,2024-07-07,286.93,paid,USD
in_000012566,cus_000000501059,2024-08-05,307.90,paid,USD
in_000012567,cus_000000501059,2024-09-03,327.28,paid,USD
in_000012568,cus_000000501059,2024-10-02,296.67,paid,USD
in_000012569,cus_000000501059,2024-11-02,307.63,paid,USD
in_000012570,cus_000000501059,2024-12-05,283.49,failed,USD
in_000012571,cus_000000501059,2025-01-01,283.84,paid,USD
in_000012572,cus_000000501059,2025-02-01,289.61,paid,USD
in_000012573,cus_000000501059,2025-03-06,272.69,paid,USD
in_000012574,cus_000000501059,2025-04-05,282.99,paid,USD
in_000012575,cus_000000501059,2025-05-08,280.55,paid,USD
in_000012576,cus_000000501059,2025-06-10,308.66,paid,USD
in_000012577,cus_000000501059,2025-07-08,310.69,paid,USD
in_000012578,cus_000000501059,2025-08-08,284.49,paid,USD
in_000012579,cus_000000501059,2025-09-09,313.31,paid,USD
in_000012580,cus_000000501059,2025-10-10,273.82,paid,USD
in_000012581,cus_000000501059,2025-11-12,305.39,paid,USD
in_000012582,cus_000000501059,2025-12-15,324.91,paid,USD
in_000012583,cus_000000501059,2026-01-14,301.66,paid,USD
in_000012584,cus_000000501059,2026-02-16,313.59,paid,USD
in_000012585,cus_000000501059,2026-03-16,310.55,paid,USD
in_000012586,cus_000000501059,2026-04-15,291.69,paid,USD
in_000012587,cus_000000501059,2026-05-12,295.89,paid,USD
in_000012588,cus_000000501059,2026-06-10,271.64,paid,USD
in_000012589,cus_000000501059,2026-07-13,273.45,paid,USD
in_000012590,cus_000000501059,2026-08-10,320.10,paid,USD
in_000012591,cus_000000501061,2023-03-01,135091.24,paid,USD
in_000012592,cus_000000501061,2024-03-01,132744.69,paid,USD
in_000012593,cus_000000501061,2025-02-26,135636.94,paid,USD
in_000012594,cus_000000501061,2026-02-24,129517.68,paid,USD
in_000012595,cus_000000501062,2026-07-01,1224.76,paid,USD
in_000012596,cus_000000501062,2026-07-30,1237.74,paid,USD
in_000012597,cus_000000501063,2024-01-12,14974.07,paid,USD
in_000012598,cus_000000501063,2025-01-09,15317.81,paid,USD
in_000012599,cus_000000501063,2026-01-07,13681.65,paid,USD
in_000012600,cus_000000501064,2026-01-22,4686.02,paid,USD
in_000012601,cus_000000501065,2025-05-26,316.94,paid,USD
in_000012602,cus_000000501065,2025-06-28,272.24,paid,USD
in_000012603,cus_000000501065,2025-07-28,325.75,paid,USD
in_000012604,cus_000000501065,2025-08-24,305.96,paid,USD
in_000012605,cus_000000501065,2025-09-24,286.36,paid,USD
in_000012606,cus_000000501065,2025-10-26,329.33,paid,USD
in_000012607,cus_000000501065,2025-11-23,304.87,paid,USD
in_000012608,cus_000000501065,2025-12-22,274.11,paid,USD
in_000012609,cus_000000501065,2026-01-18,327.85,paid,USD
in_000012610,cus_000000501065,2026-02-20,302.70,paid,USD
in_000012611,cus_000000501065,2026-03-21,277.78,paid,USD
in_000012612,cus_000000501065,2026-04-23,276.04,paid,USD
in_000012613,cus_000000501065,2026-05-20,283.59,void,USD
in_000012614,cus_000000501065,2026-06-18,302.38,failed,USD
in_000012615,cus_000000501065,2026-07-18,279.69,paid,USD
in_000012616,cus_000000501065,2026-08-15,319.39,refunded,USD
in_000012617,cus_000000501066,2024-05-13,9697.91,paid,USD
in_000012618,cus_000000501066,2024-06-11,10522.84,paid,USD
in_000012619,cus_000000501066,2024-07-11,8926.52,paid,USD
in_000012620,cus_000000501066,2024-08-08,10300.02,paid,USD
in_000012621,cus_000000501066,2024-09-07,9512.30,paid,USD
in_000012622,cus_000000501066,2024-10-09,8696.61,paid,USD
in_000012623,cus_000000501066,2024-11-06,8740.72,paid,USD
in_000012624,cus_000000501066,2024-12-03,8875.86,paid,USD
in_000012625,cus_000000501066,2025-01-02,10339.36,paid,USD
in_000012626,cus_000000501066,2025-02-02,9264.01,paid,USD
in_000012627,cus_000000501066,2025-03-04,10513.17,paid,USD
in_000012628,cus_000000501066,2025-04-04,8737.82,paid,USD
in_000012629,cus_000000501066,2025-05-07,8974.68,paid,USD
in_000012630,cus_000000501066,2025-06-09,9354.23,paid,USD
in_000012631,cus_000000501066,2025-07-07,8766.67,paid,USD
in_000012632,cus_000000501066,2025-08-05,10279.29,paid,USD
in_000012633,cus_000000501066,2025-09-06,9343.92,paid,USD
in_000012634,cus_000000501066,2025-10-07,10107.18,paid,USD
in_000012635,cus_000000501066,2025-11-05,8805.61,paid,USD
in_000012636,cus_000000501066,2025-12-03,10227.35,paid,USD
in_000012637,cus_000000501066,2026-01-04,8681.59,paid,USD
in_000012638,cus_000000501066,2026-02-05,10540.51,paid,USD
in_000012639,cus_000000501066,2026-03-06,9355.34,paid,USD
in_000012640,cus_000000501066,2026-04-04,10311.76,paid,USD
in_000012641,cus_000000501066,2026-05-03,10482.02,paid,USD
in_000012642,cus_000000501066,2026-06-05,8817.95,paid,USD
in_000012643,cus_000000501066,2026-07-07,9377.43,paid,USD
in_000012644,cus_000000501066,2026-08-03,9350.47,paid,USD
in_000012645,cus_000000501067,2025-10-28,320.99,paid,USD
in_000012646,cus_000000501067,2025-11-27,278.55,paid,USD
in_000012647,cus_000000501067,2025-12-27,304.01,refunded,USD
in_000012648,cus_000000501067,2026-01-25,295.88,paid,USD
in_000012649,cus_000000501067,2026-02-26,290.40,paid,USD
in_000012650,cus_000000501067,2026-03-25,325.18,paid,USD
in_000012651,cus_000000501067,2026-04-22,306.03,paid,USD
in_000012652,cus_000000501067,2026-05-23,271.28,paid,USD
in_000012653,cus_000000501067,2026-06-20,280.62,paid,USD
in_000012654,cus_000000501067,2026-07-22,283.06,paid,USD
in_000012655,cus_000000501067,2026-08-19,290.09,paid,USD
in_000012656,cus_000000501068,2024-07-25,247.18,paid,USD
in_000012657,cus_000000501068,2024-08-25,227.78,paid,USD
in_000012658,cus_000000501068,2024-09-27,223.05,paid,USD
in_000012659,cus_000000501068,2024-10-28,253.48,paid,USD
in_000012660,cus_000000501068,2024-11-30,240.32,paid,USD
in_000012661,cus_000000501068,2024-12-29,243.10,paid,USD
in_000012662,cus_000000501068,2025-01-30,232.31,paid,USD
in_000012663,cus_000000501068,2025-03-02,224.20,paid,USD
in_000012664,cus_000000501068,2025-04-04,238.65,paid,USD
in_000012665,cus_000000501068,2025-05-04,242.65,failed,USD
in_000012666,cus_000000501068,2025-06-02,265.05,paid,USD
in_000012667,cus_000000501068,2025-07-03,247.44,paid,USD
in_000012668,cus_000000501068,2025-08-02,241.31,paid,USD
in_000012669,cus_000000501068,2025-09-02,245.35,paid,USD
in_000012670,cus_000000501068,2025-10-02,223.16,paid,USD
in_000012671,cus_000000501068,2025-11-04,227.80,void,USD
in_000012672,cus_000000501068,2025-12-03,232.72,paid,USD
in_000012673,cus_000000501068,2026-01-03,245.16,paid,USD
in_000012674,cus_000000501068,2026-02-02,223.58,paid,USD
in_000012675,cus_000000501068,2026-03-07,265.07,paid,USD
in_000012676,cus_000000501068,2026-04-03,222.69,paid,USD
in_000012677,cus_000000501068,2026-04-30,228.14,paid,USD
in_000012678,cus_000000501068,2026-06-01,237.80,paid,USD
in_000012679,cus_000000501068,2026-06-29,258.14,paid,USD
in_000012680,cus_000000501068,2026-07-28,231.37,paid,USD
in_000012681,cus_000000501069,2023-07-31,13905.59,paid,USD
in_000012682,cus_000000501069,2024-07-28,15402.83,paid,USD
in_000012683,cus_000000501069,2025-07-31,14385.61,paid,USD
in_000012684,cus_000000501069,2026-08-02,15826.51,paid,USD
in_000012685,cus_000000501070,2023-07-22,13209.64,paid,USD
in_000012686,cus_000000501070,2024-07-21,15037.23,paid,USD
in_000012687,cus_000000501070,2025-07-18,14186.01,paid,USD
in_000012688,cus_000000501070,2026-07-18,15214.93,paid,USD
in_000012689,cus_000000501071,2025-08-14,474.93,paid,USD
in_000012690,cus_000000501071,2025-09-14,425.71,paid,USD
in_000012691,cus_000000501071,2025-10-12,482.43,paid,USD
in_000012692,cus_000000501071,2025-11-08,401.49,paid,USD
in_000012693,cus_000000501071,2025-12-06,435.46,paid,USD
in_000012694,cus_000000501071,2026-01-03,414.61,paid,USD
in_000012695,cus_000000501071,2026-02-01,449.33,paid,USD
in_000012696,cus_000000501071,2026-03-01,467.16,paid,USD
in_000012697,cus_000000501071,2026-04-01,465.93,paid,USD
in_000012698,cus_000000501071,2026-05-04,465.89,paid,USD
in_000012699,cus_000000501071,2026-06-05,405.00,paid,USD
in_000012700,cus_000000501071,2026-07-07,437.43,paid,USD
in_000012701,cus_000000501071,2026-08-05,412.41,paid,USD
in_000012702,cus_000000501072,2024-12-15,31485.39,paid,USD
in_000012703,cus_000000501072,2025-12-12,33224.43,paid,USD
in_000012704,cus_000000501073,2023-04-09,9985.03,paid,USD
in_000012705,cus_000000501073,2024-04-11,9152.67,paid,USD
in_000012706,cus_000000501073,2025-04-13,8517.39,paid,USD
in_000012707,cus_000000501073,2026-04-13,9093.90,paid,USD
in_000012708,cus_000000501074,2023-07-14,811.23,paid,USD
in_000012709,cus_000000501074,2023-08-15,816.11,paid,USD
in_000012710,cus_000000501074,2023-09-16,775.10,paid,USD
in_000012711,cus_000000501074,2023-10-18,856.55,paid,USD
in_000012712,cus_000000501074,2023-11-17,739.32,paid,USD
in_000012713,cus_000000501074,2023-12-15,871.84,paid,USD
in_000012714,cus_000000501074,2024-01-17,847.88,paid,USD
in_000012715,cus_000000501074,2024-02-13,733.34,paid,USD
in_000012716,cus_000000501074,2024-03-14,774.10,paid,USD
in_000012717,cus_000000501074,2024-04-11,778.11,paid,USD
in_000012718,cus_000000501074,2024-05-12,813.63,paid,USD
in_000012719,cus_000000501074,2024-06-09,868.90,paid,USD
in_000012720,cus_000000501074,2024-07-07,760.13,paid,USD
in_000012721,cus_000000501074,2024-08-06,715.01,paid,USD
in_000012722,cus_000000501074,2024-09-03,751.82,paid,USD
in_000012723,cus_000000501074,2024-10-03,768.32,paid,USD
in_000012724,cus_000000501074,2024-11-03,825.27,paid,USD
in_000012725,cus_000000501074,2024-12-05,830.84,paid,USD
in_000012726,cus_000000501074,2025-01-01,721.26,paid,USD
in_000012727,cus_000000501074,2025-01-30,796.07,paid,USD
in_000012728,cus_000000501074,2025-03-01,714.61,paid,USD
in_000012729,cus_000000501074,2025-04-01,747.63,paid,USD
in_000012730,cus_000000501074,2025-04-29,869.14,paid,USD
in_000012731,cus_000000501074,2025-05-29,759.08,paid,USD
in_000012732,cus_000000501074,2025-06-30,760.25,paid,USD
in_000012733,cus_000000501074,2025-07-30,859.82,paid,USD
in_000012734,cus_000000501074,2025-08-29,741.02,paid,USD
in_000012735,cus_000000501074,2025-09-25,870.14,paid,USD
in_000012736,cus_000000501074,2025-10-24,765.72,paid,USD
in_000012737,cus_000000501074,2025-11-26,807.92,void,USD
in_000012738,cus_000000501074,2025-12-24,732.20,paid,USD
in_000012739,cus_000000501074,2026-01-20,730.47,paid,USD
in_000012740,cus_000000501074,2026-02-16,719.21,paid,USD
in_000012741,cus_000000501074,2026-03-16,750.96,paid,USD
in_000012742,cus_000000501074,2026-04-14,794.10,paid,USD
in_000012743,cus_000000501074,2026-05-17,804.23,paid,USD
in_000012744,cus_000000501074,2026-06-13,732.08,paid,USD
in_000012745,cus_000000501074,2026-07-15,786.38,paid,USD
in_000012746,cus_000000501074,2026-08-16,796.31,paid,USD
in_000012747,cus_000000501075,2024-12-21,329.70,paid,USD
in_000012748,cus_000000501075,2025-01-22,280.01,paid,USD
in_000012749,cus_000000501075,2025-02-23,292.41,paid,USD
in_000012750,cus_000000501075,2025-03-28,293.52,paid,USD
in_000012751,cus_000000501075,2025-04-27,318.29,void,USD
in_000012752,cus_000000501075,2025-05-24,277.09,paid,USD
in_000012753,cus_000000501075,2025-06-23,318.27,paid,USD
in_000012754,cus_000000501075,2025-07-20,275.97,paid,USD
in_000012755,cus_000000501075,2025-08-22,328.70,paid,USD
in_000012756,cus_000000501075,2025-09-18,324.40,paid,USD
in_000012757,cus_000000501075,2025-10-20,322.07,paid,USD
in_000012758,cus_000000501075,2025-11-22,287.43,paid,USD
in_000012759,cus_000000501075,2025-12-25,292.76,paid,USD
in_000012760,cus_000000501075,2026-01-21,293.46,paid,USD
in_000012761,cus_000000501075,2026-02-22,297.24,paid,USD
in_000012762,cus_000000501075,2026-03-22,321.99,paid,USD
in_000012763,cus_000000501075,2026-04-23,299.89,paid,USD
in_000012764,cus_000000501075,2026-05-26,286.92,paid,USD
in_000012765,cus_000000501075,2026-06-27,283.38,paid,USD
in_000012766,cus_000000501075,2026-07-27,303.51,void,USD
in_000012767,cus_000000501076,2024-03-25,312.06,paid,USD
in_000012768,cus_000000501076,2024-04-24,281.98,paid,USD
in_000012769,cus_000000501076,2024-05-26,292.28,paid,USD
in_000012770,cus_000000501076,2024-06-27,276.56,paid,USD
in_000012771,cus_000000501076,2024-07-26,327.99,paid,USD
in_000012772,cus_000000501076,2024-08-24,310.22,paid,USD
in_000012773,cus_000000501076,2024-09-20,328.81,paid,USD
in_000012774,cus_000000501076,2024-10-19,292.08,paid,USD
in_000012775,cus_000000501076,2024-11-15,319.97,paid,USD
in_000012776,cus_000000501076,2024-12-12,290.06,paid,USD
in_000012777,cus_000000501076,2025-01-10,277.03,paid,USD
in_000012778,cus_000000501076,2025-02-09,303.82,paid,USD
in_000012779,cus_000000501076,2025-03-09,291.99,paid,USD
in_000012780,cus_000000501076,2025-04-10,300.30,paid,USD
in_000012781,cus_000000501076,2025-05-11,323.46,paid,USD
in_000012782,cus_000000501076,2025-06-09,276.70,paid,USD
in_000012783,cus_000000501076,2025-07-08,282.92,paid,USD
in_000012784,cus_000000501076,2025-08-06,271.09,paid,USD
in_000012785,cus_000000501076,2025-09-08,294.82,void,USD
in_000012786,cus_000000501076,2025-10-10,307.42,paid,USD
in_000012787,cus_000000501076,2025-11-10,319.32,paid,USD
in_000012788,cus_000000501076,2025-12-07,315.40,paid,USD
in_000012789,cus_000000501076,2026-01-08,308.23,paid,USD
in_000012790,cus_000000501076,2026-02-05,274.50,paid,USD
in_000012791,cus_000000501076,2026-03-04,292.12,paid,USD
in_000012792,cus_000000501076,2026-04-02,298.17,paid,USD
in_000012793,cus_000000501076,2026-05-01,328.02,paid,USD
in_000012794,cus_000000501077,2024-04-10,1024.75,paid,USD
in_000012795,cus_000000501077,2024-05-09,1044.69,paid,USD
in_000012796,cus_000000501077,2024-06-08,949.48,paid,USD
in_000012797,cus_000000501077,2024-07-06,937.21,paid,USD
in_000012798,cus_000000501077,2024-08-03,999.57,paid,USD
in_000012799,cus_000000501077,2024-08-31,1005.86,paid,USD
in_000012800,cus_000000501077,2024-10-01,961.60,paid,USD
in_000012801,cus_000000501077,2024-10-29,1007.35,paid,USD
in_000012802,cus_000000501077,2024-11-27,940.97,paid,USD
in_000012803,cus_000000501077,2024-12-24,1073.71,paid,USD
in_000012804,cus_000000501077,2025-01-26,1043.05,paid,USD
in_000012805,cus_000000501077,2025-02-23,954.17,failed,USD
in_000012806,cus_000000501077,2025-03-22,989.89,paid,USD
in_000012807,cus_000000501077,2025-04-24,979.66,paid,USD
in_000012808,cus_000000501077,2025-05-25,1108.33,paid,USD
in_000012809,cus_000000501077,2025-06-21,1050.00,paid,USD
in_000012810,cus_000000501077,2025-07-24,1129.49,paid,USD
in_000012811,cus_000000501077,2025-08-24,1021.37,paid,USD
in_000012812,cus_000000501077,2025-09-20,978.47,paid,USD
in_000012813,cus_000000501077,2025-10-18,1113.95,paid,USD
in_000012814,cus_000000501077,2025-11-19,934.47,paid,USD
in_000012815,cus_000000501077,2025-12-17,1115.50,paid,USD
in_000012816,cus_000000501077,2026-01-18,960.38,paid,USD
in_000012817,cus_000000501077,2026-02-17,1109.21,paid,USD
in_000012818,cus_000000501077,2026-03-19,1124.60,paid,USD
in_000012819,cus_000000501077,2026-04-15,1032.14,paid,USD
in_000012820,cus_000000501077,2026-05-15,954.66,paid,USD
in_000012821,cus_000000501077,2026-06-15,979.59,paid,USD
in_000012822,cus_000000501077,2026-07-15,1130.43,paid,USD
in_000012823,cus_000000501077,2026-08-11,1085.37,paid,USD
in_000012824,cus_000000501078,2022-11-29,3928.04,paid,USD
in_000012825,cus_000000501078,2023-11-29,3787.30,paid,USD
in_000012826,cus_000000501078,2024-11-29,3287.40,refunded,USD
in_000012827,cus_000000501079,2025-08-15,17240.06,paid,USD
in_000012828,cus_000000501079,2026-08-17,16608.33,paid,USD
in_000012829,cus_000000501080,2024-05-11,284.96,paid,USD
in_000012830,cus_000000501080,2024-06-13,272.09,paid,USD
in_000012831,cus_000000501080,2024-07-15,310.38,paid,USD
in_000012832,cus_000000501080,2024-08-17,274.05,paid,USD
in_000012833,cus_000000501080,2024-09-18,328.10,paid,USD
in_000012834,cus_000000501080,2024-10-20,280.99,paid,USD
in_000012835,cus_000000501080,2024-11-16,304.48,paid,USD
in_000012836,cus_000000501080,2024-12-14,273.44,paid,USD
in_000012837,cus_000000501080,2025-01-16,281.69,paid,USD
in_000012838,cus_000000501080,2025-02-17,297.06,paid,USD
in_000012839,cus_000000501080,2025-03-18,299.79,paid,USD
in_000012840,cus_000000501080,2025-04-18,320.37,paid,USD
in_000012841,cus_000000501080,2025-05-19,288.59,paid,USD
in_000012842,cus_000000501080,2025-06-20,270.34,void,USD
in_000012843,cus_000000501080,2025-07-20,317.87,paid,USD
in_000012844,cus_000000501080,2025-08-22,302.21,paid,USD
in_000012845,cus_000000501080,2025-09-19,307.23,paid,USD
in_000012846,cus_000000501080,2025-10-17,316.69,paid,USD
in_000012847,cus_000000501080,2025-11-19,298.68,paid,USD
in_000012848,cus_000000501080,2025-12-20,301.08,paid,USD
in_000012849,cus_000000501080,2026-01-22,319.98,paid,USD
in_000012850,cus_000000501080,2026-02-18,296.12,paid,USD
in_000012851,cus_000000501080,2026-03-19,299.90,paid,USD
in_000012852,cus_000000501080,2026-04-21,283.89,paid,USD
in_000012853,cus_000000501080,2026-05-21,298.49,paid,USD
in_000012854,cus_000000501080,2026-06-18,296.40,paid,USD
in_000012855,cus_000000501080,2026-07-16,329.37,paid,USD
in_000012856,cus_000000501080,2026-08-14,315.20,paid,USD
in_000012857,cus_000000501081,2025-03-30,236.08,paid,USD
in_000012858,cus_000000501081,2025-04-26,221.95,paid,USD
in_000012859,cus_000000501081,2025-05-27,237.67,paid,USD
in_000012860,cus_000000501081,2025-06-23,199.04,paid,USD
in_000012861,cus_000000501081,2025-07-22,240.45,paid,USD
in_000012862,cus_000000501081,2025-08-18,211.31,paid,USD
in_000012863,cus_000000501081,2025-09-14,200.58,paid,USD
in_000012864,cus_000000501081,2025-10-13,212.22,paid,USD
in_000012865,cus_000000501081,2025-11-11,220.60,paid,USD
in_000012866,cus_000000501081,2025-12-11,209.61,paid,USD
in_000012867,cus_000000501081,2026-01-11,213.96,paid,USD
in_000012868,cus_000000501081,2026-02-12,217.78,paid,USD
in_000012869,cus_000000501081,2026-03-15,222.67,paid,USD
in_000012870,cus_000000501081,2026-04-11,210.78,paid,USD
in_000012871,cus_000000501081,2026-05-14,213.30,paid,USD
in_000012872,cus_000000501081,2026-06-15,210.84,paid,USD
in_000012873,cus_000000501081,2026-07-12,231.21,paid,USD
in_000012874,cus_000000501081,2026-08-13,198.57,paid,USD
in_000012875,cus_000000501083,2023-01-31,276.02,paid,USD
in_000012876,cus_000000501083,2023-02-28,300.17,paid,USD
in_000012877,cus_000000501083,2023-03-27,309.42,paid,USD
in_000012878,cus_000000501083,2023-04-26,321.01,paid,USD
in_000012879,cus_000000501083,2023-05-24,313.97,paid,USD
in_000012880,cus_000000501083,2023-06-24,307.41,paid,USD
in_000012881,cus_000000501083,2023-07-24,274.07,paid,USD
in_000012882,cus_000000501083,2023-08-22,280.80,paid,USD
in_000012883,cus_000000501083,2023-09-20,314.99,paid,USD
in_000012884,cus_000000501083,2023-10-17,322.20,paid,USD
in_000012885,cus_000000501083,2023-11-14,297.26,paid,USD
in_000012886,cus_000000501083,2023-12-16,308.80,void,USD
in_000012887,cus_000000501083,2024-01-12,304.95,paid,USD
in_000012888,cus_000000501083,2024-02-08,296.79,paid,USD
in_000012889,cus_000000501083,2024-03-08,301.32,paid,USD
in_000012890,cus_000000501083,2024-04-05,324.22,paid,USD
in_000012891,cus_000000501083,2024-05-08,284.30,paid,USD
in_000012892,cus_000000501083,2024-06-06,296.27,paid,USD
in_000012893,cus_000000501083,2024-07-03,329.31,refunded,USD
in_000012894,cus_000000501083,2024-08-05,325.29,paid,USD
in_000012895,cus_000000501083,2024-09-07,308.42,paid,USD
in_000012896,cus_000000501083,2024-10-06,282.90,paid,USD
in_000012897,cus_000000501083,2024-11-05,275.08,paid,USD
in_000012898,cus_000000501083,2024-12-08,297.92,paid,USD
in_000012899,cus_000000501083,2025-01-05,273.75,refunded,USD
in_000012900,cus_000000501083,2025-02-07,273.58,paid,USD
in_000012901,cus_000000501083,2025-03-11,305.56,refunded,USD
in_000012902,cus_000000501083,2025-04-08,294.82,paid,USD
in_000012903,cus_000000501083,2025-05-08,274.76,paid,USD
in_000012904,cus_000000501083,2025-06-09,323.44,paid,USD
in_000012905,cus_000000501083,2025-07-06,298.13,void,USD
in_000012906,cus_000000501083,2025-08-05,286.65,paid,USD
in_000012907,cus_000000501083,2025-09-07,297.60,paid,USD
in_000012908,cus_000000501083,2025-10-06,270.94,paid,USD
in_000012909,cus_000000501083,2025-11-03,294.05,paid,USD
in_000012910,cus_000000501083,2025-12-02,295.17,paid,USD
in_000012911,cus_000000501083,2026-01-01,279.58,paid,USD
in_000012912,cus_000000501083,2026-02-01,327.39,paid,USD
in_000012913,cus_000000501083,2026-03-01,323.06,paid,USD
in_000012914,cus_000000501083,2026-04-02,306.66,paid,USD
in_000012915,cus_000000501083,2026-05-05,287.30,paid,USD
in_000012916,cus_000000501083,2026-06-03,320.76,paid,USD
in_000012917,cus_000000501083,2026-07-03,316.02,paid,USD
in_000012918,cus_000000501083,2026-08-05,311.34,paid,USD
in_000012919,cus_000000501084,2025-11-05,3223.24,paid,USD
in_000012920,cus_000000501087,2024-04-01,9056.30,failed,USD
in_000012921,cus_000000501087,2024-04-30,8371.16,paid,USD
in_000012922,cus_000000501087,2024-05-27,8681.02,paid,USD
in_000012923,cus_000000501087,2024-06-24,8236.47,paid,USD
in_000012924,cus_000000501087,2024-07-25,8940.23,paid,USD
in_000012925,cus_000000501087,2024-08-22,7872.21,paid,USD
in_000012926,cus_000000501087,2024-09-21,8450.54,paid,USD
in_000012927,cus_000000501087,2024-10-21,9159.30,paid,USD
in_000012928,cus_000000501087,2024-11-19,8643.52,paid,USD
in_000012929,cus_000000501087,2024-12-20,8760.88,paid,USD
in_000012930,cus_000000501087,2025-01-22,8064.19,paid,USD
in_000012931,cus_000000501087,2025-02-24,7963.62,paid,USD
in_000012932,cus_000000501087,2025-03-24,9000.11,paid,USD
in_000012933,cus_000000501087,2025-04-22,8901.48,paid,USD
in_000012934,cus_000000501087,2025-05-24,8014.84,paid,USD
in_000012935,cus_000000501087,2025-06-22,8325.66,paid,USD
in_000012936,cus_000000501087,2025-07-20,7891.79,paid,USD
in_000012937,cus_000000501087,2025-08-16,9455.05,paid,USD
in_000012938,cus_000000501087,2025-09-12,9429.59,paid,USD
in_000012939,cus_000000501087,2025-10-11,8162.73,refunded,USD
in_000012940,cus_000000501087,2025-11-07,9007.97,paid,USD
in_000012941,cus_000000501087,2025-12-06,8341.24,paid,USD
in_000012942,cus_000000501087,2026-01-07,9332.91,paid,USD
in_000012943,cus_000000501087,2026-02-04,8458.72,paid,USD
in_000012944,cus_000000501087,2026-03-08,8491.74,paid,USD
in_000012945,cus_000000501087,2026-04-10,8211.26,paid,USD
in_000012946,cus_000000501087,2026-05-12,8946.23,paid,USD
in_000012947,cus_000000501087,2026-06-12,8288.32,paid,USD
in_000012948,cus_000000501087,2026-07-13,9106.05,paid,USD
in_000012949,cus_000000501087,2026-08-09,8307.91,paid,USD
in_000012950,cus_000000501088,2025-11-07,119147.36,paid,USD
in_000012951,cus_000000501089,2024-04-17,277.59,paid,USD
in_000012952,cus_000000501089,2024-05-17,299.06,paid,USD
in_000012953,cus_000000501089,2024-06-16,272.62,paid,USD
in_000012954,cus_000000501089,2024-07-16,271.83,paid,USD
in_000012955,cus_000000501089,2024-08-12,302.62,paid,USD
in_000012956,cus_000000501089,2024-09-09,315.36,paid,USD
in_000012957,cus_000000501089,2024-10-11,326.40,paid,USD
in_000012958,cus_000000501089,2024-11-09,320.40,paid,USD
in_000012959,cus_000000501089,2024-12-10,271.93,paid,USD
in_000012960,cus_000000501089,2025-01-09,289.07,paid,USD
in_000012961,cus_000000501089,2025-02-09,284.57,paid,USD
in_000012962,cus_000000501089,2025-03-13,322.05,paid,USD
in_000012963,cus_000000501089,2025-04-10,272.61,paid,USD
in_000012964,cus_000000501089,2025-05-13,281.66,paid,USD
in_000012965,cus_000000501089,2025-06-10,295.70,paid,USD
in_000012966,cus_000000501089,2025-07-12,282.09,paid,USD
in_000012967,cus_000000501089,2025-08-12,287.69,paid,USD
in_000012968,cus_000000501089,2025-09-10,287.82,paid,USD
in_000012969,cus_000000501089,2025-10-10,279.68,paid,USD
in_000012970,cus_000000501089,2025-11-10,270.34,paid,USD
in_000012971,cus_000000501089,2025-12-12,283.35,paid,USD
in_000012972,cus_000000501089,2026-01-11,311.94,paid,USD
in_000012973,cus_000000501089,2026-02-07,294.91,paid,USD
in_000012974,cus_000000501089,2026-03-12,307.03,paid,USD
in_000012975,cus_000000501089,2026-04-14,325.65,void,USD
in_000012976,cus_000000501089,2026-05-16,273.65,paid,USD
in_000012977,cus_000000501089,2026-06-18,324.30,paid,USD
in_000012978,cus_000000501089,2026-07-21,329.02,paid,USD
in_000012979,cus_000000501089,2026-08-18,313.57,paid,USD
in_000012980,cus_000000501090,2023-02-10,5031.93,paid,USD
in_000012981,cus_000000501090,2024-02-12,5647.66,paid,USD
in_000012982,cus_000000501090,2025-02-11,5895.15,paid,USD
in_000012983,cus_000000501090,2026-02-10,5798.79,paid,USD
in_000012984,cus_000000501091,2024-01-12,839.63,paid,USD
in_000012985,cus_000000501091,2024-02-10,836.74,paid,USD
in_000012986,cus_000000501091,2024-03-09,799.93,paid,USD
in_000012987,cus_000000501091,2024-04-06,773.17,paid,USD
in_000012988,cus_000000501091,2024-05-04,904.45,paid,USD
in_000012989,cus_000000501091,2024-06-04,877.25,paid,USD
in_000012990,cus_000000501091,2024-07-05,896.02,paid,USD
in_000012991,cus_000000501091,2024-08-03,847.63,refunded,USD
in_000012992,cus_000000501091,2024-09-03,825.38,paid,USD
in_000012993,cus_000000501091,2024-10-03,895.69,paid,USD
in_000012994,cus_000000501091,2024-11-04,847.24,paid,USD
in_000012995,cus_000000501091,2024-12-01,891.12,paid,USD
in_000012996,cus_000000501091,2024-12-28,906.65,paid,USD
in_000012997,cus_000000501091,2025-01-30,894.64,paid,USD
in_000012998,cus_000000501091,2025-03-01,848.93,paid,USD
in_000012999,cus_000000501091,2025-03-28,779.03,paid,USD
in_000013000,cus_000000501091,2025-04-24,819.44,paid,USD
in_000013001,cus_000000501091,2025-05-26,942.79,paid,USD
in_000013002,cus_000000501091,2025-06-23,872.15,paid,USD
in_000013003,cus_000000501091,2025-07-21,926.64,paid,USD
in_000013004,cus_000000501091,2025-08-17,922.92,paid,USD
in_000013005,cus_000000501091,2025-09-19,780.52,paid,USD
in_000013006,cus_000000501091,2025-10-20,778.77,refunded,USD
in_000013007,cus_000000501091,2025-11-22,837.43,paid,USD
in_000013008,cus_000000501091,2025-12-20,801.68,paid,USD
in_000013009,cus_000000501091,2026-01-22,857.26,paid,USD
in_000013010,cus_000000501091,2026-02-24,907.39,paid,USD
in_000013011,cus_000000501091,2026-03-28,875.88,paid,USD
in_000013012,cus_000000501091,2026-04-25,798.41,paid,USD
in_000013013,cus_000000501091,2026-05-22,847.59,paid,USD
in_000013014,cus_000000501091,2026-06-23,887.37,paid,USD
in_000013015,cus_000000501091,2026-07-23,931.64,paid,USD
in_000013016,cus_000000501092,2023-09-02,221.93,failed,USD
in_000013017,cus_000000501092,2023-09-29,218.84,paid,USD
in_000013018,cus_000000501092,2023-10-31,230.30,paid,USD
in_000013019,cus_000000501092,2023-12-03,251.73,paid,USD
in_000013020,cus_000000501092,2023-12-30,253.72,paid,USD
in_000013021,cus_000000501092,2024-01-31,226.42,paid,USD
in_000013022,cus_000000501092,2024-03-04,225.93,paid,USD
in_000013023,cus_000000501092,2024-04-06,255.70,paid,USD
in_000013024,cus_000000501092,2024-05-06,239.18,paid,USD
in_000013025,cus_000000501092,2024-06-08,218.29,paid,USD
in_000013026,cus_000000501092,2024-07-05,215.33,paid,USD
in_000013027,cus_000000501092,2024-08-06,260.67,paid,USD
in_000013028,cus_000000501092,2024-09-07,237.43,paid,USD
in_000013029,cus_000000501092,2024-10-07,261.22,paid,USD
in_000013030,cus_000000501092,2024-11-03,237.48,void,USD
in_000013031,cus_000000501092,2024-11-30,230.74,paid,USD
in_000013032,cus_000000501092,2025-01-02,247.28,paid,USD
in_000013033,cus_000000501092,2025-02-03,233.17,paid,USD
in_000013034,cus_000000501092,2025-03-08,246.54,paid,USD
in_000013035,cus_000000501092,2025-04-10,245.14,paid,USD
in_000013036,cus_000000501092,2025-05-07,218.78,void,USD
in_000013037,cus_000000501092,2025-06-09,258.99,paid,USD
in_000013038,cus_000000501092,2025-07-08,227.43,paid,USD
in_000013039,cus_000000501092,2025-08-10,239.51,paid,USD
in_000013040,cus_000000501092,2025-09-11,234.87,paid,USD
in_000013041,cus_000000501092,2025-10-09,260.06,paid,USD
in_000013042,cus_000000501092,2025-11-07,224.18,paid,USD
in_000013043,cus_000000501092,2025-12-04,241.39,paid,USD
in_000013044,cus_000000501092,2026-01-04,256.69,paid,USD
in_000013045,cus_000000501092,2026-02-03,253.15,paid,USD
in_000013046,cus_000000501092,2026-03-04,230.10,paid,USD
in_000013047,cus_000000501092,2026-03-31,238.34,paid,USD
in_000013048,cus_000000501092,2026-04-30,237.36,paid,USD
in_000013049,cus_000000501092,2026-05-30,251.22,paid,USD
in_000013050,cus_000000501092,2026-07-02,219.79,paid,USD
in_000013051,cus_000000501092,2026-07-30,255.36,paid,USD
in_000013052,cus_000000501093,2025-06-10,277.42,paid,USD
in_000013053,cus_000000501093,2025-07-11,274.85,void,USD
in_000013054,cus_000000501093,2025-08-10,278.72,paid,USD
in_000013055,cus_000000501093,2025-09-09,314.77,failed,USD
in_000013056,cus_000000501093,2025-10-10,298.83,paid,USD
in_000013057,cus_000000501093,2025-11-07,312.17,paid,USD
in_000013058,cus_000000501093,2025-12-05,302.72,paid,USD
in_000013059,cus_000000501093,2026-01-04,305.59,paid,USD
in_000013060,cus_000000501093,2026-01-31,290.00,paid,USD
in_000013061,cus_000000501093,2026-03-03,291.50,paid,USD
in_000013062,cus_000000501093,2026-04-02,301.66,paid,USD
in_000013063,cus_000000501093,2026-05-01,299.55,paid,USD
in_000013064,cus_000000501093,2026-05-30,329.04,refunded,USD
in_000013065,cus_000000501093,2026-06-28,300.63,paid,USD
in_000013066,cus_000000501093,2026-07-26,318.62,paid,USD
in_000013067,cus_000000501094,2023-04-07,5138.20,paid,USD
in_000013068,cus_000000501094,2024-04-06,4693.18,paid,USD
in_000013069,cus_000000501094,2025-04-07,5429.95,paid,USD
in_000013070,cus_000000501094,2026-04-08,4637.64,paid,USD
in_000013071,cus_000000501095,2023-02-22,466.16,paid,USD
in_000013072,cus_000000501095,2023-03-27,432.44,paid,USD
in_000013073,cus_000000501095,2023-04-28,430.95,failed,USD
in_000013074,cus_000000501095,2023-05-25,492.97,paid,USD
in_000013075,cus_000000501095,2023-06-21,494.41,paid,USD
in_000013076,cus_000000501095,2023-07-24,468.44,paid,USD
in_000013077,cus_000000501095,2023-08-26,409.58,paid,USD
in_000013078,cus_000000501095,2023-09-25,496.82,paid,USD
in_000013079,cus_000000501095,2023-10-23,484.89,paid,USD
in_000013080,cus_000000501095,2023-11-19,439.87,paid,USD
in_000013081,cus_000000501095,2023-12-20,459.69,paid,USD
in_000013082,cus_000000501095,2024-01-22,480.36,paid,USD
in_000013083,cus_000000501095,2024-02-19,410.81,paid,USD
in_000013084,cus_000000501095,2024-03-19,469.83,paid,USD
in_000013085,cus_000000501095,2024-04-18,475.24,paid,USD
in_000013086,cus_000000501095,2024-05-21,498.84,paid,USD
in_000013087,cus_000000501095,2024-06-19,458.10,paid,USD
in_000013088,cus_000000501095,2024-07-21,464.47,paid,USD
in_000013089,cus_000000501095,2024-08-22,415.90,paid,USD
in_000013090,cus_000000501095,2024-09-23,455.23,paid,USD
in_000013091,cus_000000501095,2024-10-23,453.49,paid,USD
in_000013092,cus_000000501095,2024-11-24,493.52,paid,USD
in_000013093,cus_000000501095,2024-12-27,457.97,paid,USD
in_000013094,cus_000000501095,2025-01-23,442.30,paid,USD
in_000013095,cus_000000501095,2025-02-20,422.33,refunded,USD
in_000013096,cus_000000501095,2025-03-24,416.76,paid,USD
in_000013097,cus_000000501095,2025-04-26,425.57,paid,USD
in_000013098,cus_000000501095,2025-05-29,470.82,void,USD
in_000013099,cus_000000501095,2025-06-29,477.40,paid,USD
in_000013100,cus_000000501095,2025-08-01,418.39,paid,USD
in_000013101,cus_000000501095,2025-09-01,479.16,paid,USD
in_000013102,cus_000000501095,2025-09-30,415.57,paid,USD
in_000013103,cus_000000501095,2025-10-31,409.72,paid,USD
in_000013104,cus_000000501095,2025-11-28,476.25,paid,USD
in_000013105,cus_000000501095,2025-12-31,495.32,paid,USD
in_000013106,cus_000000501095,2026-01-27,461.05,paid,USD
in_000013107,cus_000000501095,2026-02-28,416.12,paid,USD
in_000013108,cus_000000501095,2026-03-28,473.97,paid,USD
in_000013109,cus_000000501095,2026-04-26,440.93,paid,USD
in_000013110,cus_000000501095,2026-05-24,419.92,paid,USD
in_000013111,cus_000000501095,2026-06-26,472.67,paid,USD
in_000013112,cus_000000501095,2026-07-27,500.04,paid,USD
in_000013113,cus_000000501097,2023-04-26,113986.99,paid,USD
in_000013114,cus_000000501097,2024-04-23,112827.43,paid,USD
in_000013115,cus_000000501097,2025-04-26,116008.44,paid,USD
in_000013116,cus_000000501097,2026-04-25,102576.40,paid,USD
in_000013117,cus_000000501098,2023-08-21,421.04,paid,USD
in_000013118,cus_000000501098,2023-09-22,380.80,paid,USD
in_000013119,cus_000000501098,2023-10-23,447.03,paid,USD
in_000013120,cus_000000501098,2023-11-25,431.83,paid,USD
in_000013121,cus_000000501098,2023-12-26,433.42,paid,USD
in_000013122,cus_000000501098,2024-01-28,416.52,paid,USD
in_000013123,cus_000000501098,2024-02-29,379.49,paid,USD
in_000013124,cus_000000501098,2024-04-01,417.82,void,USD
in_000013125,cus_000000501098,2024-05-02,395.98,paid,USD
in_000013126,cus_000000501098,2024-06-04,418.89,paid,USD
in_000013127,cus_000000501098,2024-07-06,420.04,paid,USD
in_000013128,cus_000000501098,2024-08-04,382.33,paid,USD
in_000013129,cus_000000501098,2024-09-02,420.40,paid,USD
in_000013130,cus_000000501098,2024-10-03,412.40,paid,USD
in_000013131,cus_000000501098,2024-11-05,371.66,paid,USD
in_000013132,cus_000000501098,2024-12-08,431.42,paid,USD
in_000013133,cus_000000501098,2025-01-05,432.24,paid,USD
in_000013134,cus_000000501098,2025-02-07,421.69,paid,USD
in_000013135,cus_000000501098,2025-03-06,380.36,paid,USD
in_000013136,cus_000000501098,2025-04-07,449.37,paid,USD
in_000013137,cus_000000501098,2025-05-07,388.26,paid,USD
in_000013138,cus_000000501098,2025-06-04,391.53,paid,USD
in_000013139,cus_000000501098,2025-07-07,427.71,paid,USD
in_000013140,cus_000000501100,2023-05-11,329.07,paid,USD
in_000013141,cus_000000501100,2023-06-09,275.53,paid,USD
in_000013142,cus_000000501100,2023-07-11,289.13,paid,USD
in_000013143,cus_000000501100,2023-08-12,301.13,paid,USD
in_000013144,cus_000000501100,2023-09-09,278.92,paid,USD
in_000013145,cus_000000501100,2023-10-08,293.79,paid,USD
in_000013146,cus_000000501100,2023-11-05,271.90,paid,USD
in_000013147,cus_000000501100,2023-12-03,313.39,paid,USD
in_000013148,cus_000000501100,2023-12-30,313.20,paid,USD
in_000013149,cus_000000501100,2024-01-30,323.04,paid,USD
in_000013150,cus_000000501100,2024-03-02,318.61,paid,USD
in_000013151,cus_000000501100,2024-04-02,322.85,failed,USD
in_000013152,cus_000000501100,2024-05-03,306.06,paid,USD
in_000013153,cus_000000501100,2024-05-31,292.44,paid,USD
in_000013154,cus_000000501100,2024-06-30,286.66,paid,USD
in_000013155,cus_000000501100,2024-07-28,309.08,paid,USD
in_000013156,cus_000000501100,2024-08-29,311.44,paid,USD
in_000013157,cus_000000501100,2024-09-28,275.00,refunded,USD
in_000013158,cus_000000501100,2024-10-29,280.04,paid,USD
in_000013159,cus_000000501100,2024-11-28,316.09,paid,USD
in_000013160,cus_000000501100,2024-12-28,297.70,paid,USD
in_000013161,cus_000000501101,2025-11-30,66216.03,paid,USD
in_000013162,cus_000000501102,2025-06-07,69664.52,paid,USD
in_000013163,cus_000000501102,2026-06-04,73990.42,paid,USD
in_000013164,cus_000000501103,2023-07-11,300.59,paid,USD
in_000013165,cus_000000501103,2023-08-09,287.80,void,USD
in_000013166,cus_000000501103,2023-09-08,307.26,paid,USD
in_000013167,cus_000000501103,2023-10-08,318.34,paid,USD
in_000013168,cus_000000501103,2023-11-10,313.19,paid,USD
in_000013169,cus_000000501103,2023-12-09,291.62,paid,USD
in_000013170,cus_000000501103,2024-01-05,322.18,paid,USD
in_000013171,cus_000000501103,2024-02-07,300.93,paid,USD
in_000013172,cus_000000501103,2024-03-10,302.44,paid,USD
in_000013173,cus_000000501103,2024-04-11,301.91,paid,USD
in_000013174,cus_000000501103,2024-05-11,315.74,paid,USD
in_000013175,cus_000000501103,2024-06-09,298.28,refunded,USD
in_000013176,cus_000000501103,2024-07-08,275.37,paid,USD
in_000013177,cus_000000501103,2024-08-08,283.52,refunded,USD
in_000013178,cus_000000501103,2024-09-09,311.07,paid,USD
in_000013179,cus_000000501103,2024-10-08,329.99,paid,USD
in_000013180,cus_000000501103,2024-11-09,300.11,refunded,USD
in_000013181,cus_000000501103,2024-12-08,300.73,paid,USD
in_000013182,cus_000000501103,2025-01-10,290.57,paid,USD
in_000013183,cus_000000501103,2025-02-06,313.75,paid,USD
in_000013184,cus_000000501103,2025-03-07,294.25,paid,USD
in_000013185,cus_000000501103,2025-04-06,300.26,paid,USD
in_000013186,cus_000000501103,2025-05-09,285.10,paid,USD
in_000013187,cus_000000501103,2025-06-06,322.13,paid,USD
in_000013188,cus_000000501103,2025-07-03,313.12,paid,USD
in_000013189,cus_000000501103,2025-08-02,282.13,paid,USD
in_000013190,cus_000000501103,2025-09-01,280.44,paid,USD
in_000013191,cus_000000501103,2025-09-29,279.80,paid,USD
in_000013192,cus_000000501103,2025-10-26,298.73,paid,USD
in_000013193,cus_000000501103,2025-11-25,272.58,paid,USD
in_000013194,cus_000000501103,2025-12-25,309.22,paid,USD
in_000013195,cus_000000501103,2026-01-22,286.92,paid,USD
in_000013196,cus_000000501103,2026-02-24,288.73,paid,USD
in_000013197,cus_000000501103,2026-03-26,317.31,paid,USD
in_000013198,cus_000000501103,2026-04-28,282.51,paid,USD
in_000013199,cus_000000501103,2026-05-30,303.71,paid,USD
in_000013200,cus_000000501105,2023-07-21,4948.91,paid,USD
in_000013201,cus_000000501105,2024-07-19,4892.84,paid,USD
in_000013202,cus_000000501105,2025-07-17,4523.35,paid,USD
in_000013203,cus_000000501105,2026-07-19,4693.07,paid,USD
in_000013204,cus_000000501106,2023-11-14,16900.13,paid,USD
in_000013205,cus_000000501106,2024-11-14,17027.73,paid,USD
in_000013206,cus_000000501107,2023-04-29,389.03,paid,USD
in_000013207,cus_000000501107,2023-05-31,449.96,paid,USD
in_000013208,cus_000000501107,2023-07-01,433.41,paid,USD
in_000013209,cus_000000501107,2023-08-03,402.48,paid,USD
in_000013210,cus_000000501107,2023-09-04,405.09,paid,USD
in_000013211,cus_000000501107,2023-10-01,453.91,failed,USD
in_000013212,cus_000000501107,2023-10-31,429.78,paid,USD
in_000013213,cus_000000501107,2023-11-27,408.95,paid,USD
in_000013214,cus_000000501107,2023-12-26,408.99,paid,USD
in_000013215,cus_000000501107,2024-01-22,414.90,paid,USD
in_000013216,cus_000000501107,2024-02-20,414.45,paid,USD
in_000013217,cus_000000501107,2024-03-19,397.61,void,USD
in_000013218,cus_000000501107,2024-04-16,396.21,paid,USD
in_000013219,cus_000000501107,2024-05-15,414.06,paid,USD
in_000013220,cus_000000501107,2024-06-12,412.48,paid,USD
in_000013221,cus_000000501107,2024-07-14,379.82,paid,USD
in_000013222,cus_000000501107,2024-08-10,396.92,paid,USD
in_000013223,cus_000000501107,2024-09-10,437.19,void,USD
in_000013224,cus_000000501107,2024-10-13,418.22,paid,USD
in_000013225,cus_000000501107,2024-11-13,399.83,paid,USD
in_000013226,cus_000000501107,2024-12-12,437.39,paid,USD
in_000013227,cus_000000501107,2025-01-13,449.65,paid,USD
in_000013228,cus_000000501107,2025-02-11,448.82,paid,USD
in_000013229,cus_000000501107,2025-03-15,425.12,paid,USD
in_000013230,cus_000000501107,2025-04-12,421.63,paid,USD
in_000013231,cus_000000501107,2025-05-12,400.26,paid,USD
in_000013232,cus_000000501107,2025-06-09,420.17,paid,USD
in_000013233,cus_000000501107,2025-07-11,430.45,paid,USD
in_000013234,cus_000000501107,2025-08-13,381.88,paid,USD
in_000013235,cus_000000501107,2025-09-13,402.56,paid,USD
in_000013236,cus_000000501107,2025-10-14,449.05,paid,USD
in_000013237,cus_000000501107,2025-11-12,396.36,paid,USD
in_000013238,cus_000000501107,2025-12-13,380.16,paid,USD
in_000013239,cus_000000501107,2026-01-14,435.12,failed,USD
in_000013240,cus_000000501107,2026-02-16,422.04,paid,USD
in_000013241,cus_000000501107,2026-03-16,458.16,paid,USD
in_000013242,cus_000000501107,2026-04-13,398.52,paid,USD
in_000013243,cus_000000501107,2026-05-16,446.98,paid,USD
in_000013244,cus_000000501107,2026-06-17,449.37,paid,USD
in_000013245,cus_000000501107,2026-07-20,423.36,paid,USD
in_000013246,cus_000000501107,2026-08-20,417.61,paid,USD
in_000013247,cus_000000501108,2024-02-05,1982.40,paid,USD
in_000013248,cus_000000501108,2024-03-04,1983.18,paid,USD
in_000013249,cus_000000501108,2024-04-04,2216.82,paid,USD
in_000013250,cus_000000501108,2024-05-04,2037.86,paid,USD
in_000013251,cus_000000501108,2024-06-06,2213.03,paid,USD
in_000013252,cus_000000501108,2024-07-09,2123.33,paid,USD
in_000013253,cus_000000501108,2024-08-05,1869.41,paid,USD
in_000013254,cus_000000501108,2024-09-04,2219.69,paid,USD
in_000013255,cus_000000501108,2024-10-04,1914.31,void,USD
in_000013256,cus_000000501108,2024-11-01,2185.89,paid,USD
in_000013257,cus_000000501108,2024-12-04,2134.26,paid,USD
in_000013258,cus_000000501108,2025-01-01,1918.70,paid,USD
in_000013259,cus_000000501108,2025-01-29,1990.12,paid,USD
in_000013260,cus_000000501108,2025-02-25,1875.66,paid,USD
in_000013261,cus_000000501108,2025-03-26,1856.93,paid,USD
in_000013262,cus_000000501108,2025-04-23,1952.82,paid,USD
in_000013263,cus_000000501108,2025-05-26,1982.66,paid,USD
in_000013264,cus_000000501108,2025-06-26,1874.64,paid,USD
in_000013265,cus_000000501108,2025-07-28,2106.03,paid,USD
in_000013266,cus_000000501108,2025-08-27,1989.91,paid,USD
in_000013267,cus_000000501108,2025-09-29,2092.82,paid,USD
in_000013268,cus_000000501108,2025-11-01,2042.98,paid,USD
in_000013269,cus_000000501108,2025-11-29,1868.97,paid,USD
in_000013270,cus_000000501108,2025-12-31,2026.81,paid,USD
in_000013271,cus_000000501108,2026-02-01,2061.10,paid,USD
in_000013272,cus_000000501108,2026-03-06,2142.24,paid,USD
in_000013273,cus_000000501109,2026-02-19,29282.30,paid,USD
in_000013274,cus_000000501110,2023-05-01,23150.70,paid,USD
in_000013275,cus_000000501110,2024-04-30,27416.83,paid,USD
in_000013276,cus_000000501110,2025-05-02,24536.45,paid,USD
in_000013277,cus_000000501110,2026-05-04,24551.87,refunded,USD
in_000013278,cus_000000501111,2024-09-12,300.85,paid,USD
in_000013279,cus_000000501111,2024-10-14,322.67,paid,USD
in_000013280,cus_000000501111,2024-11-16,314.56,paid,USD
in_000013281,cus_000000501111,2024-12-18,320.23,paid,USD
in_000013282,cus_000000501111,2025-01-15,285.45,paid,USD
in_000013283,cus_000000501111,2025-02-14,304.98,paid,USD
in_000013284,cus_000000501111,2025-03-17,286.92,paid,USD
in_000013285,cus_000000501111,2025-04-13,297.94,paid,USD
in_000013286,cus_000000501111,2025-05-16,308.70,paid,USD
in_000013287,cus_000000501111,2025-06-15,295.48,paid,USD
in_000013288,cus_000000501111,2025-07-13,317.83,paid,USD
in_000013289,cus_000000501111,2025-08-13,306.48,paid,USD
in_000013290,cus_000000501111,2025-09-14,277.02,paid,USD
in_000013291,cus_000000501111,2025-10-14,310.23,refunded,USD
in_000013292,cus_000000501111,2025-11-10,270.89,paid,USD
in_000013293,cus_000000501111,2025-12-07,304.70,paid,USD
in_000013294,cus_000000501111,2026-01-06,324.14,paid,USD
in_000013295,cus_000000501111,2026-02-08,291.57,paid,USD
in_000013296,cus_000000501111,2026-03-11,295.45,paid,USD
in_000013297,cus_000000501111,2026-04-09,327.93,paid,USD
in_000013298,cus_000000501111,2026-05-12,319.76,paid,USD
in_000013299,cus_000000501111,2026-06-09,319.60,paid,USD
in_000013300,cus_000000501111,2026-07-11,299.62,paid,USD
in_000013301,cus_000000501111,2026-08-13,302.70,paid,USD
in_000013302,cus_000000501112,2024-06-07,672.21,paid,USD
in_000013303,cus_000000501112,2024-07-08,702.15,paid,USD
in_000013304,cus_000000501112,2024-08-07,813.99,paid,USD
in_000013305,cus_000000501112,2024-09-07,713.79,paid,USD
in_000013306,cus_000000501112,2024-10-06,813.52,paid,USD
in_000013307,cus_000000501112,2024-11-08,803.49,paid,USD
in_000013308,cus_000000501112,2024-12-08,712.59,paid,USD
in_000013309,cus_000000501112,2025-01-06,811.76,paid,USD
in_000013310,cus_000000501112,2025-02-08,815.60,paid,USD
in_000013311,cus_000000501112,2025-03-09,734.83,paid,USD
in_000013312,cus_000000501112,2025-04-06,781.38,paid,USD
in_000013313,cus_000000501113,2025-09-06,196.37,paid,USD
in_000013314,cus_000000501113,2025-10-05,225.96,paid,USD
in_000013315,cus_000000501113,2025-11-05,229.88,paid,USD
in_000013316,cus_000000501113,2025-12-03,224.39,paid,USD
in_000013317,cus_000000501113,2026-01-01,231.76,paid,USD
in_000013318,cus_000000501113,2026-01-29,224.26,refunded,USD
in_000013319,cus_000000501113,2026-02-25,227.74,paid,USD
in_000013320,cus_000000501113,2026-03-25,214.62,paid,USD
in_000013321,cus_000000501113,2026-04-25,214.13,void,USD
in_000013322,cus_000000501114,2023-08-02,1050.47,paid,USD
in_000013323,cus_000000501114,2023-09-01,1054.07,paid,USD
in_000013324,cus_000000501114,2023-09-29,1196.77,refunded,USD
in_000013325,cus_000000501114,2023-11-01,1164.33,paid,USD
in_000013326,cus_000000501114,2023-12-04,1039.91,paid,USD
in_000013327,cus_000000501114,2024-01-03,1158.05,paid,USD
in_000013328,cus_000000501114,2024-01-31,1127.83,paid,USD
in_000013329,cus_000000501114,2024-02-27,1010.96,paid,USD
in_000013330,cus_000000501114,2024-03-25,1040.93,paid,USD
in_000013331,cus_000000501114,2024-04-21,1118.81,paid,USD
in_000013332,cus_000000501114,2024-05-18,1159.70,paid,USD
in_000013333,cus_000000501114,2024-06-18,1177.41,paid,USD
in_000013334,cus_000000501114,2024-07-19,1183.54,paid,USD
in_000013335,cus_000000501114,2024-08-17,1175.85,refunded,USD
in_000013336,cus_000000501114,2024-09-17,1018.28,paid,USD
in_000013337,cus_000000501114,2024-10-20,1154.92,paid,USD
in_000013338,cus_000000501114,2024-11-22,1033.33,paid,USD
in_000013339,cus_000000501114,2024-12-25,1038.19,paid,USD
in_000013340,cus_000000501114,2025-01-21,1031.69,paid,USD
in_000013341,cus_000000501114,2025-02-17,1024.45,paid,USD
in_000013342,cus_000000501114,2025-03-17,1099.13,paid,USD
in_000013343,cus_000000501114,2025-04-14,1075.59,paid,USD
in_000013344,cus_000000501114,2025-05-14,1164.36,paid,USD
in_000013345,cus_000000501114,2025-06-10,1093.61,paid,USD
in_000013346,cus_000000501114,2025-07-07,1049.19,paid,USD
in_000013347,cus_000000501114,2025-08-09,1075.62,paid,USD
in_000013348,cus_000000501114,2025-09-11,1182.92,paid,USD
in_000013349,cus_000000501114,2025-10-13,1108.11,paid,USD
in_000013350,cus_000000501114,2025-11-15,1080.74,paid,USD
in_000013351,cus_000000501114,2025-12-17,998.95,paid,USD
in_000013352,cus_000000501114,2026-01-14,1037.72,paid,USD
in_000013353,cus_000000501114,2026-02-15,1153.90,paid,USD
in_000013354,cus_000000501114,2026-03-14,1015.18,paid,USD
in_000013355,cus_000000501114,2026-04-13,990.75,paid,USD
in_000013356,cus_000000501114,2026-05-11,1037.65,paid,USD
in_000013357,cus_000000501114,2026-06-07,1078.43,paid,USD
in_000013358,cus_000000501114,2026-07-04,1115.63,paid,USD
in_000013359,cus_000000501114,2026-08-01,1008.59,paid,USD
in_000013360,cus_000000501115,2024-08-29,8538.56,paid,USD
in_000013361,cus_000000501116,2024-07-31,303.69,paid,USD
in_000013362,cus_000000501116,2024-08-27,273.42,paid,USD
in_000013363,cus_000000501116,2024-09-26,289.13,paid,USD
in_000013364,cus_000000501116,2024-10-27,312.59,paid,USD
in_000013365,cus_000000501116,2024-11-26,270.95,paid,USD
in_000013366,cus_000000501116,2024-12-28,317.86,paid,USD
in_000013367,cus_000000501116,2025-01-25,296.38,paid,USD
in_000013368,cus_000000501116,2025-02-21,295.45,paid,USD
in_000013369,cus_000000501116,2025-03-22,270.67,paid,USD
in_000013370,cus_000000501116,2025-04-24,314.93,refunded,USD
in_000013371,cus_000000501116,2025-05-27,292.59,paid,USD
in_000013372,cus_000000501116,2025-06-26,289.63,paid,USD
in_000013373,cus_000000501116,2025-07-26,327.61,paid,USD
in_000013374,cus_000000501116,2025-08-28,275.51,paid,USD
in_000013375,cus_000000501116,2025-09-25,328.38,paid,USD
in_000013376,cus_000000501116,2025-10-28,326.18,paid,USD
in_000013377,cus_000000501116,2025-11-25,278.77,paid,USD
in_000013378,cus_000000501116,2025-12-24,314.74,paid,USD
in_000013379,cus_000000501116,2026-01-20,311.72,paid,USD
in_000013380,cus_000000501116,2026-02-19,317.94,paid,USD
in_000013381,cus_000000501116,2026-03-20,295.87,paid,USD
in_000013382,cus_000000501116,2026-04-21,290.18,paid,USD
in_000013383,cus_000000501116,2026-05-19,315.28,paid,USD
in_000013384,cus_000000501116,2026-06-20,310.11,paid,USD
in_000013385,cus_000000501116,2026-07-19,313.64,paid,USD
in_000013386,cus_000000501116,2026-08-17,284.58,paid,USD
in_000013387,cus_000000501117,2024-08-13,443.10,paid,USD
in_000013388,cus_000000501117,2024-09-09,424.75,paid,USD
in_000013389,cus_000000501117,2024-10-07,430.18,paid,USD
in_000013390,cus_000000501117,2024-11-06,380.66,failed,USD
in_000013391,cus_000000501117,2024-12-04,430.49,paid,USD
in_000013392,cus_000000501117,2025-01-03,395.06,paid,USD
in_000013393,cus_000000501117,2025-01-31,420.66,paid,USD
in_000013394,cus_000000501117,2025-03-02,407.72,paid,USD
in_000013395,cus_000000501117,2025-03-29,422.46,paid,USD
in_000013396,cus_000000501117,2025-04-25,373.70,paid,USD
in_000013397,cus_000000501117,2025-05-28,372.33,paid,USD
in_000013398,cus_000000501117,2025-06-27,420.27,paid,USD
in_000013399,cus_000000501117,2025-07-26,369.76,paid,USD
in_000013400,cus_000000501117,2025-08-26,448.53,paid,USD
in_000013401,cus_000000501117,2025-09-23,391.28,paid,USD
in_000013402,cus_000000501117,2025-10-25,431.44,paid,USD
in_000013403,cus_000000501117,2025-11-27,440.98,paid,USD
in_000013404,cus_000000501117,2025-12-30,369.48,paid,USD
in_000013405,cus_000000501117,2026-01-27,378.15,paid,USD
in_000013406,cus_000000501117,2026-02-28,443.49,paid,USD
in_000013407,cus_000000501117,2026-04-01,422.49,refunded,USD
in_000013408,cus_000000501117,2026-04-30,418.66,paid,USD
in_000013409,cus_000000501117,2026-05-30,383.99,paid,USD
in_000013410,cus_000000501117,2026-06-26,376.42,paid,USD
in_000013411,cus_000000501117,2026-07-25,384.03,paid,USD
in_000013412,cus_000000501118,2023-03-24,116306.09,paid,USD
in_000013413,cus_000000501118,2024-03-25,123904.94,paid,USD
in_000013414,cus_000000501118,2025-03-28,121840.86,paid,USD
in_000013415,cus_000000501118,2026-03-26,122369.82,paid,USD
in_000013416,cus_000000501119,2023-04-16,265.62,paid,USD
in_000013417,cus_000000501119,2023-05-18,223.14,paid,USD
in_000013418,cus_000000501119,2023-06-19,248.40,paid,USD
in_000013419,cus_000000501119,2023-07-18,220.12,paid,USD
in_000013420,cus_000000501119,2023-08-17,260.85,paid,USD
in_000013421,cus_000000501119,2023-09-13,260.33,paid,USD
in_000013422,cus_000000501119,2023-10-11,248.18,paid,USD
in_000013423,cus_000000501119,2023-11-11,255.24,paid,USD
in_000013424,cus_000000501119,2023-12-11,243.54,paid,USD
in_000013425,cus_000000501119,2024-01-12,250.25,paid,USD
in_000013426,cus_000000501119,2024-02-10,256.04,paid,USD
in_000013427,cus_000000501119,2024-03-12,230.62,paid,USD
in_000013428,cus_000000501119,2024-04-10,219.21,paid,USD
in_000013429,cus_000000501119,2024-05-09,261.08,paid,USD
in_000013430,cus_000000501119,2024-06-08,255.85,paid,USD
in_000013431,cus_000000501119,2024-07-07,254.58,paid,USD
in_000013432,cus_000000501119,2024-08-05,257.14,paid,USD
in_000013433,cus_000000501119,2024-09-04,249.40,paid,USD
in_000013434,cus_000000501119,2024-10-06,253.32,paid,USD
in_000013435,cus_000000501119,2024-11-03,251.02,paid,USD
in_000013436,cus_000000501119,2024-12-03,236.34,paid,USD
in_000013437,cus_000000501119,2025-01-05,222.46,paid,USD
in_000013438,cus_000000501120,2023-09-16,4815.23,paid,USD
in_000013439,cus_000000501120,2024-09-16,5295.64,paid,USD
in_000013440,cus_000000501120,2025-09-15,5425.30,paid,USD
in_000013441,cus_000000501121,2024-09-20,713.59,paid,USD
in_000013442,cus_000000501121,2024-10-20,619.50,paid,USD
in_000013443,cus_000000501121,2024-11-17,653.44,paid,USD
in_000013444,cus_000000501121,2024-12-19,646.89,paid,USD
in_000013445,cus_000000501121,2025-01-15,653.56,paid,USD
in_000013446,cus_000000501121,2025-02-14,621.10,paid,USD
in_000013447,cus_000000501121,2025-03-13,720.84,paid,USD
in_000013448,cus_000000501121,2025-04-14,730.18,paid,USD
in_000013449,cus_000000501121,2025-05-13,716.75,paid,USD
in_000013450,cus_000000501121,2025-06-09,645.30,paid,USD
in_000013451,cus_000000501121,2025-07-08,722.01,paid,USD
in_000013452,cus_000000501121,2025-08-08,650.58,paid,USD
in_000013453,cus_000000501121,2025-09-07,740.14,paid,USD
in_000013454,cus_000000501121,2025-10-06,642.03,void,USD
in_000013455,cus_000000501121,2025-11-07,626.93,paid,USD
in_000013456,cus_000000501121,2025-12-09,608.19,paid,USD
in_000013457,cus_000000501121,2026-01-10,625.72,paid,USD
in_000013458,cus_000000501121,2026-02-12,662.41,paid,USD
in_000013459,cus_000000501121,2026-03-15,695.63,paid,USD
in_000013460,cus_000000501121,2026-04-15,715.73,refunded,USD
in_000013461,cus_000000501121,2026-05-12,726.07,paid,USD
in_000013462,cus_000000501121,2026-06-13,628.35,paid,USD
in_000013463,cus_000000501121,2026-07-14,625.38,paid,USD
in_000013464,cus_000000501121,2026-08-12,726.81,paid,USD
in_000013465,cus_000000501122,2024-10-11,288.66,paid,USD
in_000013466,cus_000000501122,2024-11-07,294.52,paid,USD
in_000013467,cus_000000501122,2024-12-09,278.16,paid,USD
in_000013468,cus_000000501122,2025-01-08,326.53,paid,USD
in_000013469,cus_000000501122,2025-02-07,294.00,paid,USD
in_000013470,cus_000000501122,2025-03-08,322.52,paid,USD
in_000013471,cus_000000501122,2025-04-05,294.39,paid,USD
in_000013472,cus_000000501122,2025-05-02,326.34,paid,USD
in_000013473,cus_000000501122,2025-05-31,284.07,paid,USD
in_000013474,cus_000000501122,2025-06-27,322.96,paid,USD
in_000013475,cus_000000501122,2025-07-26,311.26,paid,USD
in_000013476,cus_000000501122,2025-08-25,272.25,paid,USD
in_000013477,cus_000000501122,2025-09-26,312.71,paid,USD
in_000013478,cus_000000501122,2025-10-29,291.84,paid,USD
in_000013479,cus_000000501122,2025-11-27,309.05,paid,USD
in_000013480,cus_000000501122,2025-12-28,320.66,paid,USD
in_000013481,cus_000000501122,2026-01-28,329.50,paid,USD
in_000013482,cus_000000501122,2026-03-01,281.72,paid,USD
in_000013483,cus_000000501122,2026-04-03,270.88,paid,USD
in_000013484,cus_000000501122,2026-05-06,279.39,paid,USD
in_000013485,cus_000000501122,2026-06-07,274.42,paid,USD
in_000013486,cus_000000501122,2026-07-09,322.59,paid,USD
in_000013487,cus_000000501122,2026-08-11,312.06,paid,USD
in_000013488,cus_000000501123,2023-04-16,2480.39,paid,USD
in_000013489,cus_000000501123,2024-04-12,2437.85,paid,USD
in_000013490,cus_000000501123,2025-04-11,2311.05,paid,USD
in_000013491,cus_000000501123,2026-04-11,2350.94,paid,USD
in_000013492,cus_000000501124,2023-04-09,2107.02,paid,USD
in_000013493,cus_000000501124,2024-04-11,2485.51,paid,USD
in_000013494,cus_000000501124,2025-04-08,2191.41,paid,USD
in_000013495,cus_000000501124,2026-04-07,2202.15,paid,USD
in_000013496,cus_000000501125,2025-01-06,3877.60,failed,USD
in_000013497,cus_000000501125,2026-01-03,3658.87,paid,USD
in_000013498,cus_000000501126,2025-07-26,1136.91,paid,USD
in_000013499,cus_000000501126,2025-08-27,1208.55,paid,USD
in_000013500,cus_000000501126,2025-09-25,1255.15,paid,USD
in_000013501,cus_000000501126,2025-10-26,1076.62,paid,USD
in_000013502,cus_000000501126,2025-11-27,1135.47,paid,USD
in_000013503,cus_000000501126,2025-12-30,1115.99,paid,USD
in_000013504,cus_000000501126,2026-01-31,1274.33,paid,USD
in_000013505,cus_000000501126,2026-03-04,1276.83,paid,USD
in_000013506,cus_000000501126,2026-04-02,1136.17,paid,USD
in_000013507,cus_000000501126,2026-05-04,1303.41,paid,USD
in_000013508,cus_000000501126,2026-06-06,1271.48,paid,USD
in_000013509,cus_000000501126,2026-07-03,1224.43,failed,USD
in_000013510,cus_000000501126,2026-08-04,1115.65,refunded,USD
in_000013511,cus_000000501128,2023-09-19,4518.60,paid,USD
in_000013512,cus_000000501128,2024-09-17,4576.59,paid,USD
in_000013513,cus_000000501128,2025-09-15,4250.77,paid,USD
in_000013514,cus_000000501129,2024-05-13,2243.57,paid,USD
in_000013515,cus_000000501129,2024-06-09,2100.36,paid,USD
in_000013516,cus_000000501129,2024-07-06,2290.45,paid,USD
in_000013517,cus_000000501129,2024-08-03,2380.86,paid,USD
in_000013518,cus_000000501129,2024-08-31,2112.79,paid,USD
in_000013519,cus_000000501129,2024-10-02,2163.98,paid,USD
in_000013520,cus_000000501129,2024-10-30,2122.35,paid,USD
in_000013521,cus_000000501129,2024-12-01,2408.61,paid,USD
in_000013522,cus_000000501129,2024-12-28,2067.90,paid,USD
in_000013523,cus_000000501129,2025-01-25,2241.40,paid,USD
in_000013524,cus_000000501129,2025-02-25,2319.42,paid,USD
in_000013525,cus_000000501129,2025-03-24,2044.28,paid,USD
in_000013526,cus_000000501129,2025-04-26,2362.08,paid,USD
in_000013527,cus_000000501129,2025-05-26,2179.80,paid,USD
in_000013528,cus_000000501129,2025-06-28,2323.16,paid,USD
in_000013529,cus_000000501129,2025-07-29,2265.33,paid,USD
in_000013530,cus_000000501129,2025-08-29,2195.94,paid,USD
in_000013531,cus_000000501129,2025-09-28,2195.30,failed,USD
in_000013532,cus_000000501129,2025-10-30,2464.75,void,USD
in_000013533,cus_000000501129,2025-12-02,2048.37,paid,USD
in_000013534,cus_000000501129,2025-12-31,2186.73,paid,USD
in_000013535,cus_000000501129,2026-01-31,2245.57,paid,USD
in_000013536,cus_000000501129,2026-03-02,2385.06,paid,USD
in_000013537,cus_000000501129,2026-04-04,2255.22,paid,USD
in_000013538,cus_000000501129,2026-05-07,2042.78,paid,USD
in_000013539,cus_000000501129,2026-06-07,2413.26,paid,USD
in_000013540,cus_000000501129,2026-07-06,2135.82,paid,USD
in_000013541,cus_000000501129,2026-08-03,2060.87,paid,USD
in_000013542,cus_000000501130,2024-02-12,323.46,paid,USD
in_000013543,cus_000000501130,2024-03-10,323.12,paid,USD
in_000013544,cus_000000501130,2024-04-10,305.23,paid,USD
in_000013545,cus_000000501130,2024-05-13,322.44,paid,USD
in_000013546,cus_000000501130,2024-06-12,309.37,paid,USD
in_000013547,cus_000000501130,2024-07-10,317.30,paid,USD
in_000013548,cus_000000501130,2024-08-12,287.80,paid,USD
in_000013549,cus_000000501130,2024-09-14,277.55,paid,USD
in_000013550,cus_000000501130,2024-10-12,317.34,paid,USD
in_000013551,cus_000000501130,2024-11-08,275.30,paid,USD
in_000013552,cus_000000501130,2024-12-07,309.36,paid,USD
in_000013553,cus_000000501130,2025-01-06,314.72,paid,USD
in_000013554,cus_000000501131,2025-08-02,7782.07,paid,USD
in_000013555,cus_000000501131,2025-08-30,7853.24,paid,USD
in_000013556,cus_000000501131,2025-10-01,9264.03,paid,USD
in_000013557,cus_000000501131,2025-10-29,8386.04,paid,USD
in_000013558,cus_000000501131,2025-12-01,8307.45,paid,USD
in_000013559,cus_000000501131,2025-12-29,8669.46,paid,USD
in_000013560,cus_000000501132,2025-01-17,1038.17,paid,USD
in_000013561,cus_000000501132,2025-02-15,1067.44,paid,USD
in_000013562,cus_000000501132,2025-03-14,1082.43,paid,USD
in_000013563,cus_000000501132,2025-04-12,1043.70,paid,USD
in_000013564,cus_000000501132,2025-05-10,1062.81,paid,USD
in_000013565,cus_000000501132,2025-06-06,980.21,paid,USD
in_000013566,cus_000000501132,2025-07-06,1124.11,paid,USD
in_000013567,cus_000000501132,2025-08-02,1084.92,paid,USD
in_000013568,cus_000000501132,2025-08-31,986.65,paid,USD
in_000013569,cus_000000501132,2025-10-02,1062.87,paid,USD
in_000013570,cus_000000501132,2025-11-01,1161.09,paid,USD
in_000013571,cus_000000501132,2025-11-30,1068.60,paid,USD
in_000013572,cus_000000501132,2025-12-27,1155.18,paid,USD
in_000013573,cus_000000501132,2026-01-24,1016.94,paid,USD
in_000013574,cus_000000501133,2026-07-01,2974.48,paid,USD
in_000013575,cus_000000501134,2023-06-30,2713.89,paid,USD
in_000013576,cus_000000501134,2024-06-30,2584.13,paid,USD
in_000013577,cus_000000501134,2025-06-27,2582.87,paid,USD
in_000013578,cus_000000501134,2026-06-25,2634.40,paid,USD
in_000013579,cus_000000501135,2023-01-02,4627.77,paid,USD
in_000013580,cus_000000501135,2023-02-03,5044.30,paid,USD
in_000013581,cus_000000501135,2023-03-07,4420.78,paid,USD
in_000013582,cus_000000501135,2023-04-09,4240.05,paid,USD
in_000013583,cus_000000501135,2023-05-06,4525.24,paid,USD
in_000013584,cus_000000501135,2023-06-07,4985.10,paid,USD
in_000013585,cus_000000501135,2023-07-06,4731.82,paid,USD
in_000013586,cus_000000501135,2023-08-05,4847.85,paid,USD
in_000013587,cus_000000501135,2023-09-07,4830.46,paid,USD
in_000013588,cus_000000501135,2023-10-05,4785.92,void,USD
in_000013589,cus_000000501135,2023-11-07,4901.07,paid,USD
in_000013590,cus_000000501135,2023-12-09,4675.70,paid,USD
in_000013591,cus_000000501135,2024-01-11,4998.16,paid,USD
in_000013592,cus_000000501135,2024-02-08,4896.45,paid,USD
in_000013593,cus_000000501135,2024-03-07,4501.87,paid,USD
in_000013594,cus_000000501135,2024-04-07,5045.30,paid,USD
in_000013595,cus_000000501135,2024-05-07,4165.34,paid,USD
in_000013596,cus_000000501135,2024-06-07,4779.30,paid,USD
in_000013597,cus_000000501135,2024-07-06,4362.86,failed,USD
in_000013598,cus_000000501135,2024-08-07,4524.21,paid,USD
in_000013599,cus_000000501135,2024-09-03,4787.27,paid,USD
in_000013600,cus_000000501135,2024-10-03,4352.59,paid,USD
in_000013601,cus_000000501135,2024-11-04,4716.72,paid,USD
in_000013602,cus_000000501135,2024-12-05,4806.09,paid,USD
in_000013603,cus_000000501135,2025-01-04,5000.88,paid,USD
in_000013604,cus_000000501135,2025-01-31,4473.07,paid,USD
in_000013605,cus_000000501135,2025-03-02,5003.42,paid,USD
in_000013606,cus_000000501135,2025-03-30,4496.62,paid,USD
in_000013607,cus_000000501135,2025-04-29,4753.18,paid,USD
in_000013608,cus_000000501135,2025-05-29,4851.81,refunded,USD
in_000013609,cus_000000501135,2025-07-01,4826.81,paid,USD
in_000013610,cus_000000501135,2025-07-31,4476.69,paid,USD
in_000013611,cus_000000501135,2025-09-01,4504.17,paid,USD
in_000013612,cus_000000501135,2025-09-29,4740.85,paid,USD
in_000013613,cus_000000501135,2025-10-29,4441.24,paid,USD
in_000013614,cus_000000501135,2025-11-28,4788.50,paid,USD
in_000013615,cus_000000501135,2025-12-29,4516.74,failed,USD
in_000013616,cus_000000501135,2026-01-28,4744.11,paid,USD
in_000013617,cus_000000501136,2024-05-10,3882.79,paid,USD
in_000013618,cus_000000501136,2025-05-13,3669.66,paid,USD
in_000013619,cus_000000501137,2025-12-02,298.80,paid,USD
in_000013620,cus_000000501137,2026-01-01,273.59,paid,USD
in_000013621,cus_000000501137,2026-02-01,314.33,paid,USD
in_000013622,cus_000000501137,2026-03-02,294.62,paid,USD
in_000013623,cus_000000501137,2026-03-31,322.74,paid,USD
in_000013624,cus_000000501137,2026-04-29,272.22,paid,USD
in_000013625,cus_000000501137,2026-05-29,327.06,paid,USD
in_000013626,cus_000000501137,2026-06-29,294.63,void,USD
in_000013627,cus_000000501137,2026-07-29,290.57,paid,USD
in_000013628,cus_000000501138,2023-04-16,3738.49,paid,USD
in_000013629,cus_000000501138,2024-04-18,3330.83,paid,USD
in_000013630,cus_000000501138,2025-04-15,3382.95,paid,USD
in_000013631,cus_000000501138,2026-04-17,3674.89,paid,USD
in_000013632,cus_000000501139,2024-11-12,1216.28,paid,USD
in_000013633,cus_000000501139,2024-12-11,1141.38,paid,USD
in_000013634,cus_000000501139,2025-01-07,1325.89,paid,USD
in_000013635,cus_000000501139,2025-02-08,1322.52,paid,USD
in_000013636,cus_000000501139,2025-03-10,1147.09,refunded,USD
in_000013637,cus_000000501139,2025-04-08,1107.08,paid,USD
in_000013638,cus_000000501139,2025-05-10,1104.07,paid,USD
in_000013639,cus_000000501139,2025-06-10,1153.53,paid,USD
in_000013640,cus_000000501139,2025-07-10,1271.22,paid,USD
in_000013641,cus_000000501139,2025-08-08,1294.93,paid,USD
in_000013642,cus_000000501139,2025-09-06,1229.48,paid,USD
in_000013643,cus_000000501139,2025-10-08,1128.99,paid,USD
in_000013644,cus_000000501139,2025-11-08,1116.71,paid,USD
in_000013645,cus_000000501139,2025-12-11,1295.33,paid,USD
in_000013646,cus_000000501139,2026-01-07,1325.75,paid,USD
in_000013647,cus_000000501139,2026-02-04,1147.51,paid,USD
in_000013648,cus_000000501139,2026-03-09,1295.06,paid,USD
in_000013649,cus_000000501139,2026-04-06,1172.31,paid,USD
in_000013650,cus_000000501139,2026-05-08,1285.27,paid,USD
in_000013651,cus_000000501139,2026-06-04,1126.13,paid,USD
in_000013652,cus_000000501139,2026-07-02,1177.25,paid,USD
in_000013653,cus_000000501139,2026-07-29,1291.29,paid,USD
in_000013654,cus_000000501140,2024-02-26,1204.09,paid,USD
in_000013655,cus_000000501140,2024-03-28,1407.14,paid,USD
in_000013656,cus_000000501140,2024-04-27,1269.76,paid,USD
in_000013657,cus_000000501140,2024-05-29,1332.29,paid,USD
in_000013658,cus_000000501140,2024-06-25,1309.28,paid,USD
in_000013659,cus_000000501140,2024-07-27,1183.74,paid,USD
in_000013660,cus_000000501140,2024-08-27,1301.08,paid,USD
in_000013661,cus_000000501140,2024-09-26,1266.80,paid,USD
in_000013662,cus_000000501140,2024-10-24,1218.36,paid,USD
in_000013663,cus_000000501140,2024-11-23,1246.16,paid,USD
in_000013664,cus_000000501140,2024-12-26,1241.69,paid,USD
in_000013665,cus_000000501140,2025-01-23,1404.06,paid,USD
in_000013666,cus_000000501140,2025-02-23,1289.52,paid,USD
in_000013667,cus_000000501140,2025-03-24,1294.31,paid,USD
in_000013668,cus_000000501140,2025-04-24,1187.12,paid,USD
in_000013669,cus_000000501140,2025-05-24,1379.38,paid,USD
in_000013670,cus_000000501140,2025-06-23,1342.50,paid,USD
in_000013671,cus_000000501140,2025-07-24,1283.34,paid,USD
in_000013672,cus_000000501140,2025-08-25,1276.08,paid,USD
in_000013673,cus_000000501140,2025-09-24,1404.58,paid,USD
in_000013674,cus_000000501140,2025-10-25,1408.20,paid,USD
in_000013675,cus_000000501140,2025-11-21,1344.87,paid,USD
in_000013676,cus_000000501140,2025-12-18,1252.84,paid,USD
in_000013677,cus_000000501140,2026-01-15,1354.75,paid,USD
in_000013678,cus_000000501140,2026-02-15,1339.58,paid,USD
in_000013679,cus_000000501140,2026-03-20,1368.48,paid,USD
in_000013680,cus_000000501140,2026-04-21,1168.55,paid,USD
in_000013681,cus_000000501140,2026-05-23,1216.01,paid,USD
in_000013682,cus_000000501140,2026-06-21,1294.67,paid,USD
in_000013683,cus_000000501140,2026-07-23,1264.75,paid,USD
in_000013684,cus_000000501141,2023-04-17,5307.63,paid,USD
in_000013685,cus_000000501141,2023-05-14,4844.42,paid,USD
in_000013686,cus_000000501141,2023-06-14,5489.96,paid,USD
in_000013687,cus_000000501141,2023-07-16,5476.20,paid,USD
in_000013688,cus_000000501141,2023-08-13,5366.34,paid,USD
in_000013689,cus_000000501141,2023-09-13,5014.69,paid,USD
in_000013690,cus_000000501141,2023-10-11,5497.73,paid,USD
in_000013691,cus_000000501141,2023-11-08,5413.67,refunded,USD
in_000013692,cus_000000501141,2023-12-05,5784.86,paid,USD
in_000013693,cus_000000501141,2024-01-05,5312.57,paid,USD
in_000013694,cus_000000501141,2024-02-02,5310.85,paid,USD
in_000013695,cus_000000501141,2024-03-04,5831.71,paid,USD
in_000013696,cus_000000501141,2024-04-05,5405.40,paid,USD
in_000013697,cus_000000501141,2024-05-04,5176.66,paid,USD
in_000013698,cus_000000501141,2024-06-06,5205.39,paid,USD
in_000013699,cus_000000501141,2024-07-03,5235.13,paid,USD
in_000013700,cus_000000501141,2024-08-03,5778.42,paid,USD
in_000013701,cus_000000501141,2024-09-04,5220.86,paid,USD
in_000013702,cus_000000501141,2024-10-05,5395.84,paid,USD
in_000013703,cus_000000501141,2024-11-03,5207.64,paid,USD
in_000013704,cus_000000501141,2024-12-05,5543.96,paid,USD
in_000013705,cus_000000501141,2025-01-07,5239.99,paid,USD
in_000013706,cus_000000501141,2025-02-08,5198.63,paid,USD
in_000013707,cus_000000501141,2025-03-07,5450.07,paid,USD
in_000013708,cus_000000501141,2025-04-06,5130.08,void,USD
in_000013709,cus_000000501141,2025-05-06,5639.12,paid,USD
in_000013710,cus_000000501141,2025-06-07,5554.59,paid,USD
in_000013711,cus_000000501141,2025-07-09,5641.86,paid,USD
in_000013712,cus_000000501141,2025-08-09,5149.91,paid,USD
in_000013713,cus_000000501141,2025-09-05,5518.01,paid,USD
in_000013714,cus_000000501141,2025-10-06,5687.89,paid,USD
in_000013715,cus_000000501141,2025-11-06,4940.09,paid,USD
in_000013716,cus_000000501141,2025-12-04,5215.90,paid,USD
in_000013717,cus_000000501141,2026-01-03,5619.44,paid,USD
in_000013718,cus_000000501141,2026-02-01,5355.09,paid,USD
in_000013719,cus_000000501141,2026-02-28,4867.94,paid,USD
in_000013720,cus_000000501141,2026-03-31,5773.81,paid,USD
in_000013721,cus_000000501141,2026-05-03,5076.72,paid,USD
in_000013722,cus_000000501141,2026-06-04,5411.91,paid,USD
in_000013723,cus_000000501141,2026-07-06,5507.76,paid,USD
in_000013724,cus_000000501141,2026-08-07,5075.45,paid,USD
in_000013725,cus_000000501142,2026-04-01,432.17,paid,USD
in_000013726,cus_000000501142,2026-04-30,431.45,paid,USD
in_000013727,cus_000000501142,2026-05-31,461.86,paid,USD
in_000013728,cus_000000501142,2026-07-02,415.79,paid,USD
in_000013729,cus_000000501142,2026-08-01,437.33,paid,USD
in_000013730,cus_000000501143,2023-06-28,319.68,paid,USD
in_000013731,cus_000000501143,2023-07-31,320.95,paid,USD
in_000013732,cus_000000501143,2023-08-31,315.09,paid,USD
in_000013733,cus_000000501143,2023-10-02,311.05,paid,USD
in_000013734,cus_000000501143,2023-11-04,327.72,paid,USD
in_000013735,cus_000000501143,2023-12-01,280.52,paid,USD
in_000013736,cus_000000501143,2023-12-29,315.98,paid,USD
in_000013737,cus_000000501143,2024-01-27,299.43,paid,USD
in_000013738,cus_000000501143,2024-02-29,310.30,paid,USD
in_000013739,cus_000000501143,2024-03-27,315.92,paid,USD
in_000013740,cus_000000501143,2024-04-24,298.24,paid,USD
in_000013741,cus_000000501143,2024-05-24,323.54,paid,USD
in_000013742,cus_000000501143,2024-06-22,282.42,paid,USD
in_000013743,cus_000000501143,2024-07-22,272.22,paid,USD
in_000013744,cus_000000501143,2024-08-18,316.89,paid,USD
in_000013745,cus_000000501143,2024-09-17,321.99,paid,USD
in_000013746,cus_000000501143,2024-10-18,281.28,paid,USD
in_000013747,cus_000000501143,2024-11-19,291.59,paid,USD
in_000013748,cus_000000501143,2024-12-20,297.30,paid,USD
in_000013749,cus_000000501143,2025-01-20,285.47,paid,USD
in_000013750,cus_000000501143,2025-02-16,291.92,paid,USD
in_000013751,cus_000000501143,2025-03-15,283.13,paid,USD
in_000013752,cus_000000501143,2025-04-15,312.73,paid,USD
in_000013753,cus_000000501143,2025-05-14,277.74,paid,USD
in_000013754,cus_000000501143,2025-06-14,329.36,paid,USD
in_000013755,cus_000000501143,2025-07-15,305.92,paid,USD
in_000013756,cus_000000501143,2025-08-17,272.43,paid,USD
in_000013757,cus_000000501143,2025-09-16,286.77,paid,USD
in_000013758,cus_000000501143,2025-10-15,302.82,paid,USD
in_000013759,cus_000000501144,2024-12-04,2612.87,paid,USD
in_000013760,cus_000000501144,2025-01-03,2394.99,paid,USD
in_000013761,cus_000000501144,2025-02-03,2616.83,paid,USD
in_000013762,cus_000000501144,2025-03-03,2268.61,paid,USD
in_000013763,cus_000000501144,2025-03-30,2429.64,paid,USD
in_000013764,cus_000000501144,2025-04-29,2373.50,paid,USD
in_000013765,cus_000000501144,2025-05-28,2578.88,paid,USD
in_000013766,cus_000000501144,2025-06-24,2396.10,paid,USD
in_000013767,cus_000000501144,2025-07-25,2727.07,paid,USD
in_000013768,cus_000000501144,2025-08-27,2443.34,paid,USD
in_000013769,cus_000000501144,2025-09-24,2295.58,paid,USD
in_000013770,cus_000000501144,2025-10-21,2514.47,paid,USD
in_000013771,cus_000000501144,2025-11-22,2362.61,paid,USD
in_000013772,cus_000000501144,2025-12-19,2714.39,paid,USD
in_000013773,cus_000000501144,2026-01-20,2485.12,paid,USD
in_000013774,cus_000000501144,2026-02-19,2473.86,paid,USD
in_000013775,cus_000000501144,2026-03-24,2400.10,paid,USD
in_000013776,cus_000000501144,2026-04-21,2565.85,paid,USD
in_000013777,cus_000000501144,2026-05-20,2675.99,paid,USD
in_000013778,cus_000000501144,2026-06-21,2407.19,paid,USD
in_000013779,cus_000000501144,2026-07-19,2401.82,paid,USD
in_000013780,cus_000000501144,2026-08-19,2734.82,paid,USD
