account_id,account_name,email_domain,sector,created_date,account_status,plan_tier,mrr_usd,owner
001Qy00000100628,Harborview Supply Labs,harborview.com,Logistics,2023-11-07,Churned,Growth,5745.96,j.whitfield
001Qy00000100677,Kestrel Clinical Holdings,kestrel.com,Education,2026-03-02,Active,Growth,830.37,p.lindqvist
001Qy00000100024,Ashcombe Keystone Corp,ashcombe.com,Logistics,2024-02-20,Active,Enterprise,0.00,p.lindqvist
001Qy00000100153,Nightingale Anchor Labs,nightingale.com,Construction,2024-09-04,Churned,Enterprise,0.00,m.tan
001Qy00000101189,Cerulean Pioneer LLC,cerulean.com,Media,2023-08-07,Inactive,Growth,104.98,j.whitfield
001Qy00000100471,Ravenswood Summit Corp,ravenswood.com,Retail,2024-08-01,Active,Growth,260.86,d.castellanos
001Qy00000101049,Harborview Sterling LLC,harborview.com,Education,2026-03-28,Active,Growth,0.00,s.okoro
001Qy00000100391,Whitmore Sable Inc,whitmore.com,Logistics,2023-09-20,Active,Growth,5135.04,s.okoro
001Qy00000100313,Blackthorn Freight Partners,blackthorn.com,Logistics,2024-03-28,Churned,Starter,419.30,d.castellanos
001Qy00000100106,Guimarães Log Onyx,guimaraes.com,Hospitality,2022-11-23,Active,Starter,1367.44,d.castellanos
001Qy00000100412,Fairmount Lumen Holdings,fairmount.com,Manufacturing,2024-06-18,Churned,Growth,0.00,m.tan
001Qy00000101168,Harborview Sterling Inc.,harborview.com,Construction,2023-03-21,Inactive,Growth,388.93,p.lindqvist
001Qy00000100535,Inglewood Vector Group,inglewood.com,Healthcare,2025-03-31,Active,Starter,853.59,d.castellanos
001Qy00000100282,Umbra Anchor Labs,umbra.com,Energy,2026-04-06,Inactive,Growth,1246.94,m.tan
001Qy00000100479,Tanglewood Atlas Labs,tanglewood.com,Healthcare,2024-04-09,Active,Starter,0.00,j.whitfield
001Qy00000100132,Silverline Digital Group,silverline.com,Healthcare,2023-04-17,Inactive,Growth,452.09,j.whitfield
001Qy00000101161,Dunmore Trading Partners,dunmore.com,Healthcare,2023-07-19,Active,Growth,397.10,a.reyes
001Qy00000100342,Thornbury Cascade Corp,thornbury.com,Healthcare,2024-05-07,Churned,Growth,1298.71,a.reyes
001Qy00000100414,Inglewood Vector,inglewood.com,Logistics,2022-12-24,Inactive,Growth,443.00,s.okoro
001Qy00000101191,Orchard Nimbus Partners,orchard.com,Manufacturing,2023-12-19,Inactive,Starter,0.00,j.whitfield
001Qy00000100057,Brightwater Precision LLC,brightwater.com,Hospitality,2025-03-30,Active,Starter,1120.41,j.whitfield
001Qy00000100147,Westbrook Quantum Holdings,westbrook.com,Fintech,2025-11-17,Churned,Growth,455.81,a.reyes
001Qy00000101074,Redstone Summit Corp,redstone.com,Media,2026-05-29,Active,Starter,187.05,p.lindqvist
001Qy00000101173,Thornbury Vector Partners,thornbury.com,Healthcare,2024-07-07,Churned,Starter,778.49,p.lindqvist
001Qy00000100888,Quillfeather Keystone Systems,quillfeather.com,Education,2025-10-14,Active,Enterprise,1250.37,d.castellanos
001Qy00000101060,Quarry Beacon Group,quarry.com,Energy,2025-03-11,Inactive,Growth,1064.67,m.tan
001Qy00000100811,Marbury Lumen Partners,marbury.com,Retail,2022-12-24,Active,Growth,8923.50,s.okoro
001Qy00000100246,Tanglewood Clinical Systems,tanglewood.com,Construction,2025-10-23,Active,Starter,832.65,j.whitfield
001Qy00000100509,Kestrel Analytics Labs,kestrel.com,Fintech,2024-02-11,Active,Growth,785.95,j.whitfield
001Qy00000100664,Underhill Trading Partners,underhill.com,Retail,2023-10-05,Active,Starter,9969.63,j.whitfield
001Qy00000100109,Quillfeather Supply Holdings,quillfeather.com,Healthcare,2023-06-06,Active,Growth,0.00,s.okoro
001Qy00000100879,Redstone Compass Holdings,redstone.com,Fintech,2026-03-03,Inactive,Growth,0.00,d.castellanos
001Qy00000100152,Eastvale Quantum Holdings,eastvale.com,Logistics,2025-09-18,Churned,Enterprise,2342.30,d.castellanos
001Qy00000100201,Grupo Peña Analytics,grupo.com,Logistics,2023-08-07,Inactive,Enterprise,1225.96,j.whitfield
001Qy00000100584,Nightingale Clinical Labs,nightingale.com,Healthcare,2025-02-19,Active,Growth,425.44,d.castellanos
001Qy00000100852,Ashcombe Trading Inc,ashcombe.com,Healthcare,2022-10-26,Active,Growth,2112.49,m.tan
001Qy00000100660,Pemberton Onyx Systems,pemberton.com,Energy,2026-04-23,Active,Starter,0.00,s.okoro
001Qy00000100784,Meridian Summit Holdings,meridian.com,Retail,2025-02-26,Active,Growth,0.00,m.tan
001Qy00000100058,Zenith Trading Corp,zenith.com,Fintech,2023-04-26,Active,Growth,389.51,j.whitfield
001Qy00000100397,Larkspur Keystone Group,larkspur.com,Hospitality,2024-10-06,Inactive,Starter,362.11,p.lindqvist
001Qy00000100846,Eastvale Pioneer Systems,eastvale.com,Construction,2026-03-03,Inactive,Enterprise,0.00,m.tan
001Qy00000100289,Hollowway Compass Holdings,hollowway.com,Logistics,2026-04-23,Active,Growth,723.04,p.lindqvist
001Qy00000100422,Ashcombe Anchor Corp,ashcombe.com,Education,2024-01-08,Active,Enterprise,780.80,a.reyes
001Qy00000100575,Eastvale Lumen Inc,eastvale.com,Retail,2025-10-01,Churned,Growth,2168.70,p.lindqvist
001Qy00000101068,Tanglewood Vector Systems,tanglewood.com,Fintech,2025-07-22,Churned,Starter,5237.90,j.whitfield
001Qy00000100942,Larkspur Freight Labs,larkspur.com,Hospitality,2024-05-03,Active,Starter,349.71,j.whitfield
001Qy00000100976,Cerulean Freight Corp,cerulean.com,Construction,2024-07-12,Active,Growth,0.00,s.okoro
001Qy00000100690,Dunmore Trading Inc,dunmore.com,Hospitality,2023-04-23,Active,Enterprise,0.00,d.castellanos
001Qy00000100618,Pinnacle Compass Inc,pinnacle.com,Construction,2025-03-06,Churned,Growth,0.00,j.whitfield
001Qy00000101043,Harborview Atlas Corp,harborview.com,Retail,2023-12-10,Active,Growth,7966.08,m.tan
001Qy00000100935,Fairmount Digital Group,fairmount.com,Media,2023-10-04,Active,Growth,1213.68,s.okoro
001Qy00000100444,Ashcombe Onyx Labs,ashcombe.com,Manufacturing,2022-12-02,Active,Enterprise,391.82,m.tan
001Qy00000100971,Whitmore Precision Inc,whitmore.com,Construction,2025-02-04,Active,Growth,861.98,j.whitfield
001Qy00000100054,Cranfield Atlas Labs,cranfield.com,Retail,2026-03-10,Inactive,Enterprise,0.00,m.tan
001Qy00000100116,Cranfield Compass Corp,cranfield.com,Energy,2023-10-27,Active,Starter,5320.17,s.okoro
001Qy00000101166,Ironwood Foundry LLC,ironwood.com,Manufacturing,2026-01-04,Active,Enterprise,2298.72,d.castellanos
001Qy00000100937,Dovetail Pioneer Labs,dovetail.com,Healthcare,2024-11-29,Active,Growth,249.08,a.reyes
001Qy00000100844,Northwind Foundry Systems,northwind.com,Construction,2024-08-08,Active,Growth,0.00,a.reyes
001Qy00000100124,Kestrel Foundry Group,kestrel.com,Fintech,2023-05-22,Churned,Growth,16.51,m.tan
001Qy00000100044,Tanglewood Cascade Group,tanglewood.com,Healthcare,2025-03-27,Inactive,Growth,0.00,s.okoro
001Qy00000100245,Quillfeather Trading Holdings,quillfeather.com,Media,2024-04-23,Churned,Growth,828.81,s.okoro
001Qy00000100037,Harborview Supply Group,harborview.com,Construction,2023-08-08,Active,Enterprise,2157.86,d.castellanos
001Qy00000100615,Underhill Nimbus Systems,underhill.com,Education,2023-07-25,Active,Growth,1344.28,p.lindqvist
001Qy00000100489,Glenrock Quantum Corp,glenrock.com,Education,2023-11-18,,Growth,9443.84,a.reyes
001Qy00000101202,Dunmore Coastal Group,dunmore.com,Logistics,2025-11-14,Inactive,Starter,0.00,m.tan
001Qy00000100774,Quarry Nimbus Holdings,quarry.com,Hospitality,2024-01-05,Active,Enterprise,0.00,m.tan
001Qy00000100428,Hollowway Summit Corp,hollowway.com,Manufacturing,2025-11-03,,Enterprise,5445.65,s.okoro
001Qy00000100583,Copperfield Precision Labs,copperfield.com,Healthcare,2024-08-06,Active,Growth,4610.12,s.okoro
001Qy00000101129,Quarry Onyx Corp,quarry.com,Media,2024-03-16,Active,Starter,1030.95,a.reyes
001Qy00000101111,Verdigris Freight Corp,verdigris.com,Healthcare,2024-02-03,Active,Starter,0.00,a.reyes
001Qy00000100367,Larkspur Coastal Holdings,larkspur.com,Fintech,2023-07-17,Active,Growth,2518.14,s.okoro
001Qy00000100885,Quillfeather Atlas Holdings,quillfeather.com,Construction,2024-02-22,Active,Growth,4855.47,m.tan
001Qy00000101204,Blackthorn Beacon Partners,blackthorn.com,Hospitality,2024-10-14,Active,Enterprise,1222.72,p.lindqvist
001Qy00000100801,García Sistemas Keystone,garcia.com,Retail,2024-10-15,Active,Starter,2485.03,s.okoro
001Qy00000100353,Fairmount Onyx Systems,fairmount.com,Retail,2025-07-28,,Growth,2718.58,m.tan
001Qy00000100157,Nightingale Digital Inc,nightingale.com,Manufacturing,2025-12-13,Active,Growth,2668.28,m.tan
001Qy00000100064,Quarry Foundry LLC,quarry.com,Retail,2023-11-02,Active,Growth,8388.52,j.whitfield
001Qy00000100922,Redstone Onyx Group,redstone.com,Media,2026-04-05,Active,Growth,5544.23,j.whitfield
001Qy00000100326,Yellowfin Sable Inc,yellowfin.com,Manufacturing,2023-09-23,Active,Starter,9298.62,s.okoro
001Qy00000101091,Blackthorn Analytics Partners,blackthorn.com,Construction,2025-07-18,Active,Starter,0.00,a.reyes
001Qy00000100055,Cranfield Digital Systems,cranfield.com,Manufacturing,2024-06-19,Active,Growth,4937.00,p.lindqvist
001Qy00000100250,Glenrock Atlas Partners,glenrock.com,Fintech,2026-03-13,Active,Enterprise,10275.69,j.whitfield
001Qy00000100688,Northwind Keystone Holdings,northwind.com,Media,2023-10-25,Active,Starter,0.00,m.tan
001Qy00000100958,Eastvale Digital Inc,eastvale.com,Healthcare,2025-01-18,Active,Starter,0.00,d.castellanos
001Qy00000100306,Núñez Capital Sterling,nunez.com,Energy,2022-12-22,,Growth,4711.70,j.whitfield
001Qy00000101088,Northgate Trading Systems,northgate.com,Retail,2023-12-31,,Growth,347.56,a.reyes
001Qy00000100017,Lakeshore Keystone Inc,lakeshore.com,Fintech,2023-10-02,Inactive,Growth,157.91,j.whitfield
001Qy00000100484,Quarry Coastal Partners,quarry.com,Logistics,2026-02-20,Active,Starter,4863.89,a.reyes
001Qy00000100265,Thornbury Sterling Systems,thornbury.com,Education,2025-06-02,Active,Growth,2524.05,d.castellanos
001Qy00000100417,Hollowway Compass Group,hollowway.com,Fintech,2023-12-23,Inactive,Growth,0.00,s.okoro
001Qy00000100872,Glenrock Keystone LLC,glenrock.com,Healthcare,2024-09-17,Active,Growth,5460.85,m.tan
001Qy00000100612,Cranfield Beacon Labs,cranfield.com,Construction,2025-02-04,Active,Enterprise,4605.80,m.tan
001Qy00000100160,Harborview Pioneer Group,harborview.com,Logistics,2023-02-18,Active,Enterprise,2260.50,d.castellanos
001Qy00000100217,Whitmore Coastal Labs,whitmore.com,Fintech,2023-09-02,Inactive,Enterprise,0.00,s.okoro
001Qy00000100587,Redstone Compass Partners,redstone.com,Manufacturing,2025-07-26,Active,Enterprise,8048.10,p.lindqvist
001Qy00000100932,Eastvale Cascade Labs,eastvale.com,Logistics,2024-01-02,Churned,Growth,817.81,j.whitfield
001Qy00000100893,Copperfield Precision Corp,copperfield.com,Energy,2024-11-23,Active,Growth,0.00,s.okoro
001Qy00000101024,Alder Analytics Inc,alder.com,Hospitality,2025-10-24,Active,Starter,7736.20,a.reyes
001Qy00000101077,Glenrock Onyx Corp,glenrock.com,Media,2023-03-28,Active,Growth,8670.22,a.reyes
001Qy00000101187,Redstone Keystone Labs,redstone.com,Manufacturing,2026-05-29,Inactive,Growth,0.00,a.reyes
001Qy00000100399,Fairmount Supply Corp,fairmount.com,Media,2024-05-23,Churned,Growth,0.00,s.okoro
001Qy00000100034,Dovetail Cascade Corp,dovetail.com,Education,2025-10-06,Active,Growth,0.00,d.castellanos
001Qy00000100410,Dovetail Compass LLC,dovetail.com,Hospitality,2025-08-31,Active,Growth,2695.89,d.castellanos
001Qy00000101019,Quillfeather Precision Systems,quillfeather.com,Logistics,2026-05-13,Inactive,Enterprise,4412.74,d.castellanos
001Qy00000100610,Quarry Summit LLC,quarry.com,Logistics,2025-09-29,Active,Enterprise,260.34,a.reyes
001Qy00000100930,Westbrook Supply LLC,westbrook.com,Education,2024-03-24,,Starter,316.69,j.whitfield
001Qy00000100653,Orchard Clinical Group,orchard.com,Energy,2024-04-18,Active,Growth,388.12,j.whitfield
001Qy00000101157,Larkspur Keystone LLC,larkspur.com,Retail,2025-04-19,,Enterprise,5711.63,d.castellanos
001Qy00000100302,García Sistemas Beacon,garcia.com,Education,2024-10-30,Active,Growth,9439.19,s.okoro
001Qy00000101052,Underhill Supply Partners,underhill.com,Healthcare,2025-08-03,Active,Growth,410.79,m.tan
001Qy00000100453,Acme Compass Inc,acme.com,Media,2023-07-03,Active,Growth,729.72,j.whitfield
001Qy00000100002,Muñoz Holdings Foundry,munoz.com,Retail,2022-12-08,Active,Growth,0.00,m.tan
001Qy00000100620,Fairmount Digital LLC,fairmount.com,Logistics,2025-11-24,Churned,Starter,1033.28,d.castellanos
001Qy00000100769,Northgate Precision Systems,northgate.com,Construction,2024-08-18,Churned,Growth,4844.67,p.lindqvist
001Qy00000100045,Acme Digital Holdings,acme.com,Media,2026-01-20,Active,Growth,0.00,p.lindqvist
001Qy00000100551,Alder Pioneer LLC,alder.com,Energy,2024-09-08,Active,Growth,780.84,d.castellanos
001Qy00000101176,Nightingale Freight Systems,nightingale.com,Healthcare,2023-03-10,Active,Growth,9999.18,m.tan
001Qy00000100171,Marbury Cascade LLC,marbury.com,Manufacturing,2024-07-07,Active,Growth,5642.70,m.tan
001Qy00000100267,Fairmount Sterling LLC,fairmount.com,Energy,2025-09-19,Active,Growth,0.00,p.lindqvist
001Qy00000100923,Ashcombe Beacon Group,ashcombe.com,Fintech,2024-05-26,Churned,Enterprise,403.02,d.castellanos
001Qy00000100340,Nightingale Cascade LLC,nightingale.com,Energy,2023-09-02,Churned,Starter,0.00,d.castellanos
001Qy00000100520,Glenrock Cascade Group,glenrock.com,Manufacturing,2024-08-17,Active,Starter,0.00,m.tan
001Qy00000100114,Quarry Vector Corp,quarry.com,Energy,2024-07-18,Active,Enterprise,8961.32,d.castellanos
001Qy00000100089,Redstone Precision Systems,redstone.com,Hospitality,2023-06-10,Active,Growth,2545.16,d.castellanos
001Qy00000100081,Marbury Trading Group,marbury.com,Manufacturing,2023-01-03,Churned,Growth,0.00,p.lindqvist
001Qy00000100476,Pinnacle Digital Labs,pinnacle.com,Manufacturing,2023-06-03,Active,Enterprise,0.00,j.whitfield
001Qy00000100254,Zenith Precision Systems,zenith.com,Logistics,2022-09-14,Active,Enterprise,0.00,m.tan
001Qy00000100094,Acme Keystone Partners,acme.com,Manufacturing,2024-08-04,Active,Growth,2522.79,p.lindqvist
001Qy00000100388,Larkspur Trading Systems,larkspur.com,Education,2025-11-10,Churned,Enterprise,0.00,m.tan
001Qy00000101044,Westbrook Coastal Systems,westbrook.com,Manufacturing,2024-07-13,Active,Growth,0.00,s.okoro
001Qy00000100636,Kestrel Pioneer Holdings,kestrel.com,Retail,2025-05-05,Active,Growth,0.00,p.lindqvist
001Qy00000101053,Oakfield Clinical Labs,oakfield.com,Retail,2023-04-23,Churned,Growth,9031.34,j.whitfield
001Qy00000100355,Oakfield Anchor Holdings,oakfield.com,Manufacturing,2023-04-26,Inactive,Growth,840.43,a.reyes
001Qy00000100839,Oakfield Nimbus Systems,oakfield.com,Manufacturing,2025-05-22,Active,Starter,212.94,m.tan
001Qy00000100772,Fairmount Nimbus Holdings,fairmount.com,Retail,2026-02-10,Active,Growth,698.22,p.lindqvist
001Qy00000100710,Pinnacle Freight Labs,pinnacle.com,Fintech,2024-01-16,Active,Enterprise,8766.94,m.tan
001Qy00000100188,Acme Keystone Holdings,acme.com,Education,2025-04-03,Active,Enterprise,702.73,j.whitfield
001Qy00000100401,São Bento Compass,sao.com,Retail,2025-07-27,Active,Starter,0.00,s.okoro
001Qy00000100744,Quillfeather Sterling Systems,quillfeather.com,Retail,2025-07-27,Active,Starter,1093.01,d.castellanos
001Qy00000100833,Fairmount Quantum Systems,fairmount.com,Media,2024-10-24,Inactive,Growth,8793.02,s.okoro
001Qy00000101107,García Sistemas Summit,garcia.com,Education,2026-04-07,Churned,Enterprise,433.75,m.tan
001Qy00000101149,Stonebridge Nimbus Corp,stonebridge.com,Construction,2023-02-12,Inactive,Growth,454.64,m.tan
001Qy00000100415,Glenrock Sable Group,glenrock.com,Healthcare,2025-11-10,Churned,Starter,395.43,a.reyes
001Qy00000100698,Hernández Retail Sterling,hernandez.com,Construction,2025-05-04,Inactive,Enterprise,0.00,d.castellanos
001Qy00000100585,Verdigris Beacon Holdings,verdigris.com,Media,2023-11-26,,Enterprise,1276.93,j.whitfield
001Qy00000101200,Dunmore Sable Group,dunmore.com,Healthcare,2024-03-28,Inactive,Growth,0.00,p.lindqvist
001Qy00000100440,Thornbury Compass Corp,thornbury.com,Energy,2025-01-29,Churned,Starter,0.00,j.whitfield
001Qy00000100941,Northwind Precision Partners,northwind.com,Retail,2025-12-31,Churned,Starter,19.67,p.lindqvist
001Qy00000100080,Copperfield Analytics Holdings,copperfield.com,Education,2025-05-01,,Starter,214.19,p.lindqvist
001Qy00000100325,Cerulean Vector Systems,cerulean.com,Hospitality,2024-07-18,,Enterprise,786.20,j.whitfield
001Qy00000100418,Hollowway Compass Group,hollowway.com,Fintech,2023-12-11,Inactive,Growth,0.00,j.whitfield
001Qy00000100345,Verdigris Foundry Corp,verdigris.com,Retail,2024-05-31,Churned,Starter,0.00,a.reyes
001Qy00000101039,Underhill Beacon Holdings,underhill.com,Hospitality,2026-03-06,Churned,Growth,432.92,j.whitfield
001Qy00000100494,Zenith Coastal LLC,zenith.com,Energy,2025-02-03,Churned,Growth,2505.56,p.lindqvist
001Qy00000100676,Vantage Foundry Labs,vantage.com,Fintech,2026-05-28,Churned,Growth,1049.65,s.okoro
001Qy00000101054,Oakfield Sable Holdings,oakfield.com,Energy,2026-04-28,Churned,Growth,709.99,s.okoro
001Qy00000100681,Lakeshore Anchor Holdings,lakeshore.com,Media,2023-08-27,Inactive,Growth,1052.18,m.tan
001Qy00000100600,López y Asociados Vector,lopez.com,Retail,2024-01-01,,Starter,1131.14,d.castellanos
001Qy00000100379,Westbrook Pioneer Holdings,westbrook.com,Media,2025-06-19,Active,Starter,1093.61,a.reyes
001Qy00000100854,Harborview Sable Systems,harborview.com,Hospitality,2025-06-14,Active,Growth,5630.19,m.tan
001Qy00000100018,Yarrow Anchor Labs,yarrow.com,Healthcare,2023-05-20,Active,Enterprise,4632.44,p.lindqvist
001Qy00000100692,Glenrock Nimbus Systems,glenrock.com,Education,2023-07-19,Active,Growth,0.00,s.okoro
001Qy00000100786,Silverline Cascade Inc,silverline.com,Construction,2024-08-26,Inactive,Enterprise,2748.96,m.tan
001Qy00000100269,Larkspur Compass Holdings,larkspur.com,Construction,2023-02-20,Active,Growth,742.31,m.tan
001Qy00000100802,André Frères Lumen,andre.com,Retail,2024-03-04,Active,Growth,4825.18,a.reyes
001Qy00000100424,Acme Summit LLC,acme.com,Manufacturing,2024-02-29,Active,Starter,0.00,m.tan
001Qy00000100329,Whitmore Pioneer Systems,whitmore.com,Education,2023-02-28,Active,Growth,2678.02,m.tan
001Qy00000100928,Alder Pioneer Partners,alder.com,Fintech,2023-07-08,Active,Starter,849.52,m.tan
001Qy00000100678,Pemberton Lumen Systems,pemberton.com,Hospitality,2023-02-15,Active,Enterprise,0.00,a.reyes
001Qy00000101180,Harborview Summit Systems,harborview.com,Retail,2022-10-26,Inactive,Growth,0.00,j.whitfield
001Qy00000101000,Núñez Capital Atlas,nunez.com,Energy,2024-12-12,Active,Growth,1329.85,m.tan
001Qy00000100050,Ironwood Lumen Partners,ironwood.com,Manufacturing,2022-12-06,Active,Growth,1116.79,s.okoro
001Qy00000100041,Northwind Foundry LLC,northwind.com,Education,2023-09-30,,Enterprise,5484.01,p.lindqvist
001Qy00000100771,Marbury Sterling Labs,marbury.com,Manufacturing,2026-03-08,Active,Growth,268.92,p.lindqvist
001Qy00000100861,Underhill Lumen Systems,underhill.com,Energy,2024-05-30,Active,Growth,1027.64,p.lindqvist
001Qy00000101015,Pemberton Atlas Holdings,pemberton.com,Hospitality,2025-05-23,Active,Enterprise,261.36,s.okoro
001Qy00000100212,Harborview Clinical Group,harborview.com,Healthcare,2025-10-01,,Enterprise,2361.05,a.reyes
001Qy00000100172,Underhill Clinical Corp,underhill.com,Media,2023-09-11,Active,Growth,1027.49,p.lindqvist
001Qy00000101133,Verdigris Supply Labs,verdigris.com,Media,2024-04-10,Active,Starter,0.00,a.reyes
001Qy00000100164,Meridian Sterling Labs,meridian.com,Fintech,2023-08-03,Active,Growth,383.59,j.whitfield
001Qy00000100789,Inglewood Analytics Group,inglewood.com,Logistics,2023-06-07,Churned,Enterprise,2066.94,d.castellanos
001Qy00000100949,Stonebridge Keystone LLC,stonebridge.com,Healthcare,2024-11-18,Churned,Growth,839.98,p.lindqvist
001Qy00000101120,Northgate Keystone Corp,northgate.com,Retail,2024-06-02,Active,Growth,245.37,a.reyes
001Qy00000100148,Nightingale Keystone Labs,nightingale.com,Healthcare,2025-10-20,Active,Starter,4962.36,d.castellanos
001Qy00000100276,Kestrel Analytics Systems,kestrel.com,Retail,2022-11-05,Active,Enterprise,9317.90,j.whitfield
001Qy00000100881,Stonebridge Summit Inc,stonebridge.com,Education,2024-06-06,Active,Growth,5007.53,j.whitfield
001Qy00000100834,Acme Keystone Systems,acme.com,Education,2024-07-24,,Growth,444.36,j.whitfield
001Qy00000100956,Quillfeather Vector Corp,quillfeather.com,Hospitality,2024-10-11,Active,Growth,781.89,a.reyes
001Qy00000100903,Pérez Group Sable,perez.com,Construction,2025-12-23,Active,Growth,1185.36,s.okoro
001Qy00000100449,Larkspur Coastal Partners,larkspur.com,Hospitality,2024-12-18,Churned,Growth,1206.80,p.lindqvist
001Qy00000100961,Alder Quantum LLC,alder.com,Fintech,2023-03-31,Inactive,Enterprise,0.00,d.castellanos
001Qy00000100431,Quillfeather Trading LLC,quillfeather.com,Logistics,2023-10-19,Active,Growth,5606.36,p.lindqvist
001Qy00000100485,Silverline Compass Labs,silverline.com,Logistics,2026-01-18,Active,Starter,1370.63,p.lindqvist
001Qy00000100307,Pérez Group Onyx,perez.com,Hospitality,2025-12-25,Active,Starter,0.00,m.tan
001Qy00000100530,Dunmore Keystone Systems,dunmore.com,Manufacturing,2022-11-16,Active,Growth,0.00,d.castellanos
001Qy00000100385,Umbra Clinical Systems,umbra.com,Media,2024-10-03,Churned,Enterprise,0.00,p.lindqvist
001Qy00000100832,Copperfield Nimbus Corp,copperfield.com,Fintech,2024-01-11,Churned,Starter,1323.31,j.whitfield
001Qy00000100059,Vantage Cascade Systems,vantage.com,Hospitality,2022-11-03,Active,Growth,0.00,m.tan
001Qy00000100743,Hollowway Onyx Holdings,hollowway.com,Manufacturing,2022-09-09,Inactive,Growth,0.00,a.reyes
001Qy00000100046,Brightwater Vector LLC,brightwater.com,Logistics,2023-12-13,Active,Enterprise,432.00,a.reyes
001Qy00000100149,Ashcombe Quantum Labs,ashcombe.com,Manufacturing,2025-07-06,Active,Enterprise,0.00,a.reyes
001Qy00000100554,Juniper Lumen Corp,juniper.com,Manufacturing,2024-04-28,Active,Enterprise,0.00,d.castellanos
001Qy00000100063,Blackthorn Nimbus LLC,blackthorn.com,Education,2023-11-07,Active,Enterprise,9282.01,m.tan
001Qy00000100521,Silverline Beacon Systems,silverline.com,Hospitality,2024-06-13,Churned,Growth,2071.51,j.whitfield
001Qy00000100940,Northwind Precision Partners,northwind.com,Retail,2025-12-23,Active,Growth,821.41,s.okoro
001Qy00000100655,Acme Clinical LLC,acme.com,Retail,2025-09-26,Churned,Growth,2227.25,j.whitfield
001Qy00000100189,Eastvale Precision Holdings,eastvale.com,Education,2025-04-09,Active,Starter,378.50,j.whitfield
001Qy00000100890,Lakeshore Atlas Systems,lakeshore.com,Fintech,2024-08-02,Active,Enterprise,421.98,d.castellanos
001Qy00000100295,Harborview Cascade Corp,harborview.com,Logistics,2023-12-09,Inactive,Starter,220.97,m.tan
001Qy00000100452,Underhill Sable Partners,underhill.com,Education,2026-05-22,Active,Growth,1243.72,j.whitfield
001Qy00000100641,Whitmore Cascade Holdings,whitmore.com,Hospitality,2024-09-09,Active,Growth,4798.14,m.tan
001Qy00000100945,Oakfield Foundry Partners,oakfield.com,Education,2025-11-16,Active,Enterprise,397.51,s.okoro
001Qy00000100570,Kestrel Nimbus Holdings,kestrel.com,Media,2025-01-03,,Growth,232.13,j.whitfield
001Qy00000100845,Dunmore Trading Systems,dunmore.com,Manufacturing,2026-03-21,Active,Enterprise,421.64,d.castellanos
001Qy00000100748,Ironwood Trading Systems,ironwood.com,Retail,2023-12-24,Active,Growth,686.35,d.castellanos
001Qy00000100270,Nightingale Coastal Group,nightingale.com,Energy,2023-12-10,Churned,Growth,415.78,s.okoro
001Qy00000100285,Northwind Analytics Group,northwind.com,Fintech,2023-08-30,Churned,Growth,651.06,a.reyes
001Qy00000100619,Zenith Nimbus Systems,zenith.com,Hospitality,2025-03-31,Active,Growth,225.87,p.lindqvist
001Qy00000100075,Zenith Supply Group,zenith.com,Logistics,2023-04-11,Active,Starter,7767.43,p.lindqvist
001Qy00000100362,Orchard Keystone Holdings,orchard.com,Construction,2023-06-19,Inactive,Enterprise,5497.47,p.lindqvist
001Qy00000100704,Acme Vector Systems,acme.com,Manufacturing,2024-10-19,,Growth,2087.11,j.whitfield
001Qy00000100951,Stonebridge Lumen Partners,stonebridge.com,Logistics,2025-12-28,Active,Starter,1159.52,m.tan
001Qy00000100079,Lakeshore Supply Labs,lakeshore.com,Healthcare,2023-09-24,Churned,Growth,0.00,p.lindqvist
001Qy00000100847,Pinnacle Coastal Inc,pinnacle.com,Healthcare,2025-07-21,Active,Growth,420.53,a.reyes
001Qy00000100487,Harborview Freight Systems,harborview.com,Fintech,2024-07-20,Active,Enterprise,234.75,s.okoro
001Qy00000101051,Hollowway Atlas LLC,hollowway.com,Hospitality,2022-12-07,Churned,Enterprise,0.00,p.lindqvist
001Qy00000100112,Pemberton Foundry Group,pemberton.com,Healthcare,2024-08-13,Inactive,Enterprise,4660.81,s.okoro
001Qy00000101192,Glenrock Cascade Labs,glenrock.com,Construction,2025-07-08,Active,Growth,8641.53,s.okoro
001Qy00000100154,Zenith Cascade Systems,zenith.com,Energy,2025-09-15,Active,Growth,4899.24,a.reyes
001Qy00000100506,Alder Atlas Labs,alder.com,Logistics,2024-03-20,Active,Growth,274.28,m.tan
001Qy00000100568,Dovetail Keystone Labs,dovetail.com,Construction,2024-06-18,Churned,Starter,5718.95,d.castellanos
001Qy00000101090,Yarrow Freight Group,yarrow.com,Construction,2024-12-09,,Enterprise,9644.95,s.okoro
001Qy00000100357,Meridian Cascade Group,meridian.com,Logistics,2026-05-25,Active,Enterprise,0.00,m.tan
001Qy00000101002,Pérez Group Cascade II,perez.com,Retail,2024-07-30,Inactive,Enterprise,1261.43,m.tan
001Qy00000100416,Harborview Beacon Inc,harborview.com,Hospitality,2025-05-06,Active,Starter,2074.09,j.whitfield
001Qy00000100754,Harborview Supply LLC,harborview.com,Media,2026-02-16,Active,Growth,1373.01,p.lindqvist
001Qy00000100053,Dovetail Vector LLC,dovetail.com,Fintech,2023-10-28,Active,Starter,703.44,m.tan
001Qy00000100633,Acme Cascade Labs,acme.com,Energy,2025-12-26,Inactive,Starter,7793.78,m.tan
001Qy00000101159,Vantage Pioneer Partners,vantage.com,Education,2023-05-28,Churned,Starter,0.00,d.castellanos
001Qy00000100277,Brightwater Clinical LLC,brightwater.com,Hospitality,2025-03-01,Active,Starter,248.19,d.castellanos
001Qy00000100639,Cerulean Foundry Partners,cerulean.com,Energy,2023-05-31,Churned,Growth,1079.44,p.lindqvist
001Qy00000100407,Glenrock Vector Group,glenrock.com,Construction,2024-03-13,Churned,Growth,0.00,j.whitfield
001Qy00000100066,Ravenswood Freight Partners,ravenswood.com,Construction,2024-10-10,Active,Starter,771.33,a.reyes
001Qy00000100588,Oakfield Coastal Labs,oakfield.com,Manufacturing,2023-11-01,Active,Growth,0.00,m.tan
001Qy00000100237,Alder Freight Systems,alder.com,Retail,2024-05-23,Active,Enterprise,843.30,m.tan
001Qy00000100917,Redstone Sable LLC,redstone.com,Retail,2024-12-15,,Enterprise,1102.34,s.okoro
001Qy00000100816,Yarrow Analytics Inc,yarrow.com,Manufacturing,2022-12-12,Inactive,Growth,0.00,p.lindqvist
001Qy00000100505,André Frères Precision,andre.com,Construction,2025-01-26,Active,Starter,2152.29,j.whitfield
001Qy00000101012,Eastvale Pioneer LLC,eastvale.com,Construction,2026-01-13,Churned,Growth,363.82,p.lindqvist
001Qy00000100455,Nightingale Nimbus Labs,nightingale.com,Fintech,2023-07-07,Active,Growth,8519.33,s.okoro
001Qy00000100052,Quarry Atlas LLC,quarry.com,Logistics,2026-05-15,Active,Enterprise,215.52,p.lindqvist
001Qy00000100394,Oakfield Pioneer Holdings,oakfield.com,Education,2024-04-08,Inactive,Enterprise,1098.47,j.whitfield
001Qy00000100883,Blackthorn Quantum Holdings,blackthorn.com,Energy,2023-07-02,Active,Growth,807.01,p.lindqvist
001Qy00000101179,Pinnacle Summit Inc,pinnacle.com,Hospitality,2023-08-10,Active,Growth,414.14,d.castellanos
001Qy00000100191,Yarrow Quantum Partners,yarrow.com,Retail,2025-03-13,Active,Enterprise,392.47,s.okoro
001Qy00000100546,Yellowfin Lumen Partners,yellowfin.com,Logistics,2023-04-24,Active,Growth,9228.62,j.whitfield
001Qy00000101009,Redstone Cascade Corp,redstone.com,Construction,2023-11-09,,Starter,261.14,j.whitfield
001Qy00000101118,Underhill Supply LLC,underhill.com,Manufacturing,2024-04-25,Active,Enterprise,9607.71,a.reyes
001Qy00000100047,Blackthorn Anchor Partners,blackthorn.com,Hospitality,2025-08-22,,Growth,743.81,j.whitfield
001Qy00000100659,Orchard Onyx Inc,orchard.com,Construction,2022-12-12,Active,Growth,0.00,d.castellanos
001Qy00000101125,Yarrow Keystone Corp,yarrow.com,Healthcare,2023-03-03,Active,Starter,770.30,d.castellanos
001Qy00000100803,Glenrock Foundry Systems,glenrock.com,Fintech,2025-05-08,Active,Growth,8711.36,a.reyes
001Qy00000100445,Cranfield Clinical Inc,cranfield.com,Hospitality,2024-07-10,Churned,Starter,406.24,a.reyes
001Qy00000101137,Kestrel Cascade LLC,kestrel.com,Media,2023-01-15,Active,Enterprise,0.00,s.okoro
001Qy00000100091,Pinnacle Lumen Partners,pinnacle.com,Energy,2024-09-03,Active,Starter,9457.31,p.lindqvist
001Qy00000100722,Copperfield Freight Systems,copperfield.com,Retail,2026-01-30,Churned,Growth,448.02,d.castellanos
001Qy00000100344,Pemberton Sable Group,pemberton.com,Media,2024-03-08,Active,Enterprise,0.00,j.whitfield
001Qy00000100973,Inglewood Analytics LLC,inglewood.com,Education,2024-11-04,Active,Growth,4928.35,j.whitfield
001Qy00000100096,Dunmore Cascade LLC,dunmore.com,Fintech,2025-06-06,Active,Growth,223.11,p.lindqvist
001Qy00000100965,Marbury Atlas Holdings,marbury.com,Fintech,2026-01-22,,Starter,805.80,j.whitfield
001Qy00000100447,Copperfield Quantum Holdings,copperfield.com,Education,2024-08-19,Active,Growth,1316.16,m.tan
001Qy00000100257,Ironwood Quantum LLC,ironwood.com,Media,2026-02-04,Active,Growth,728.10,a.reyes
001Qy00000100446,Yellowfin Summit LLC,yellowfin.com,Healthcare,2025-08-13,Active,Growth,281.61,j.whitfield
001Qy00000100334,Eastvale Compass Corp,eastvale.com,Construction,2024-11-15,Active,Growth,270.57,a.reyes
001Qy00000100599,André Frères Summit,andre.com,Healthcare,2022-09-16,Churned,Starter,198.57,s.okoro
001Qy00000100263,Lakeshore Compass Labs,lakeshore.com,Healthcare,2023-05-30,Active,Starter,0.00,d.castellanos
001Qy00000101110,Northgate Precision Holdings,northgate.com,Healthcare,2024-02-11,Inactive,Enterprise,2677.79,d.castellanos
001Qy00000100105,Hernández Retail Digital,hernandez.com,Hospitality,2026-05-04,Active,Starter,446.68,p.lindqvist
001Qy00000101071,Northgate Digital Group,northgate.com,Healthcare,2024-02-11,Active,Growth,2672.61,p.lindqvist
001Qy00000100304,López y Asociados Keystone,lopez.com,Logistics,2023-05-17,Active,Enterprise,8292.40,j.whitfield
001Qy00000100166,Alder Compass Systems,alder.com,Construction,2022-12-25,Active,Enterprise,5602.76,j.whitfield
001Qy00000101063,Yarrow Nimbus Group,yarrow.com,Healthcare,2024-06-28,Active,Enterprise,407.97,j.whitfield
001Qy00000100601,São Bento Coastal,sao.com,Education,2025-09-07,Active,Growth,2346.19,j.whitfield
001Qy00000100155,Vantage Sable Group,vantage.com,Education,2023-08-28,Active,Enterprise,1339.24,d.castellanos
001Qy00000100757,Glenrock Analytics Systems,glenrock.com,Retail,2025-05-12,Active,Enterprise,1146.40,s.okoro
001Qy00000100205,Blackthorn Analytics Corp,blackthorn.com,Fintech,2023-07-14,Active,Growth,0.00,d.castellanos
001Qy00000100266,Blackthorn Clinical Group,blackthorn.com,Logistics,2024-08-02,,Growth,1082.69,p.lindqvist
001Qy00000100143,Eastvale Trading Corp,eastvale.com,Fintech,2023-11-07,Inactive,Growth,0.00,d.castellanos
001Qy00000100582,Nightingale Supply Labs,nightingale.com,Energy,2023-05-14,Active,Growth,405.60,d.castellanos
001Qy00000100525,Marbury Coastal LLC,marbury.com,Hospitality,2026-01-02,Active,Starter,221.13,m.tan
001Qy00000101122,Orchard Digital Partners II,orchard.com,Energy,2025-07-28,Active,Growth,439.19,p.lindqvist
001Qy00000100286,Vantage Onyx LLC,vantage.com,Energy,2025-05-11,Churned,Growth,672.14,s.okoro
001Qy00000100110,Dunmore Trading Group,dunmore.com,Fintech,2023-01-12,Active,Growth,424.37,s.okoro
001Qy00000100878,Acme Coastal LLC,acme.com,Construction,2025-07-17,Active,Growth,425.73,d.castellanos
001Qy00000101134,Marbury Atlas Inc,marbury.com,Education,2025-02-18,Active,Starter,219.84,s.okoro
001Qy00000100853,Redstone Lumen Inc,redstone.com,Healthcare,2025-04-04,,Starter,0.00,m.tan
001Qy00000100135,Northwind Pioneer Partners,northwind.com,Logistics,2024-08-26,Churned,Growth,53.13,p.lindqvist
001Qy00000100858,Pemberton Coastal Systems,pemberton.com,Hospitality,2025-06-17,Active,Starter,4594.66,s.okoro
001Qy00000100819,Pinnacle Supply Systems,pinnacle.com,Logistics,2025-12-04,Active,Growth,242.64,s.okoro
001Qy00000100814,Alder Atlas Inc,alder.com,Manufacturing,2024-02-28,Churned,Starter,427.58,j.whitfield
001Qy00000100751,Vantage Freight Corp,vantage.com,Hospitality,2025-02-16,,Enterprise,218.44,m.tan
001Qy00000100092,Zenith Pioneer Labs,zenith.com,Hospitality,2022-10-05,Active,Growth,1132.54,p.lindqvist
001Qy00000100645,Umbra Pioneer LLC,umbra.com,Hospitality,2026-04-26,Churned,Starter,410.26,j.whitfield
001Qy00000100887,Larkspur Pioneer Partners,larkspur.com,Logistics,2024-11-10,Active,Enterprise,0.00,m.tan
001Qy00000100565,Glenrock Anchor Inc,glenrock.com,Retail,2023-12-14,Churned,Growth,411.15,d.castellanos
001Qy00000100462,Vantage Precision Inc,vantage.com,Fintech,2024-09-24,Active,Growth,0.00,s.okoro
001Qy00000100822,Northgate Pioneer Partners,northgate.com,Media,2026-03-25,Active,Growth,246.74,m.tan
001Qy00000100999,São Bento Beacon,sao.com,Retail,2025-06-01,Churned,Starter,5382.41,d.castellanos
001Qy00000100682,Ravenswood Sable LLC,ravenswood.com,Media,2025-03-11,Inactive,Growth,9606.30,s.okoro
001Qy00000100869,Marbury Nimbus Partners,marbury.com,Fintech,2026-01-30,Inactive,Enterprise,449.88,m.tan
001Qy00000101140,Harborview Beacon Corp,harborview.com,Media,2024-02-10,Active,Enterprise,8618.15,j.whitfield
001Qy00000100596,Muñoz Holdings Quantum,munoz.com,Healthcare,2023-09-13,Active,Growth,1228.48,j.whitfield
001Qy00000100687,Northgate Foundry Systems,northgate.com,Energy,2025-03-15,Active,Starter,0.00,d.castellanos
001Qy00000100876,Kestrel Cascade Holdings,kestrel.com,Energy,2024-01-09,Active,Starter,0.00,j.whitfield
001Qy00000100974,Inglewood Coastal Systems,inglewood.com,Education,2024-11-23,Active,Starter,240.59,p.lindqvist
001Qy00000100169,Northgate Clinical Partners,northgate.com,Hospitality,2023-05-15,Active,Growth,425.85,a.reyes
001Qy00000100987,Hollowway Keystone Partners,hollowway.com,Healthcare,2024-11-02,Active,Growth,4411.53,m.tan
001Qy00000100499,Vásquez Media Trading,vasquez.com,Healthcare,2024-10-09,Churned,Starter,458.80,s.okoro
001Qy00000100480,Umbra Foundry Partners,umbra.com,Energy,2026-06-03,Churned,Starter,4631.49,a.reyes
001Qy00000100860,Zenith Supply LLC,zenith.com,Energy,2024-03-14,Active,Growth,4854.06,m.tan
001Qy00000100069,Copperfield Nimbus Partners,copperfield.com,Hospitality,2025-06-01,Active,Enterprise,0.00,s.okoro
001Qy00000100493,Copperfield Sterling LLC,copperfield.com,Education,2026-02-08,Active,Starter,5745.52,j.whitfield
001Qy00000100234,Vantage Supply Holdings,vantage.com,Energy,2025-03-01,Churned,Starter,0.00,s.okoro
001Qy00000100122,Kestrel Sterling Partners,kestrel.com,Hospitality,2025-09-13,Churned,Starter,0.00,s.okoro
001Qy00000101151,Glenrock Keystone Labs,glenrock.com,Energy,2023-03-30,Active,Growth,9198.70,j.whitfield
001Qy00000100549,Nightingale Beacon LLC,nightingale.com,Energy,2023-04-05,Active,Growth,406.63,m.tan
001Qy00000100113,Northgate Summit Holdings,northgate.com,Retail,2025-07-04,Active,Growth,0.00,j.whitfield
001Qy00000101138,Cranfield Pioneer Group,cranfield.com,Logistics,2025-09-21,Active,Enterprise,285.73,a.reyes
001Qy00000100016,Lakeshore Keystone Inc,lakeshore.com,Fintech,2023-09-22,Churned,Enterprise,827.89,d.castellanos
001Qy00000101069,Blackthorn Summit Group,blackthorn.com,Manufacturing,2024-08-07,,Starter,0.00,m.tan
001Qy00000100141,Inglewood Digital Holdings,inglewood.com,Logistics,2023-05-15,,Enterprise,2704.91,a.reyes
001Qy00000100056,Nightingale Onyx Inc,nightingale.com,Energy,2023-07-01,Active,Growth,2657.59,p.lindqvist
001Qy00000100423,Verdigris Precision Corp,verdigris.com,Healthcare,2026-06-10,Active,Starter,0.00,a.reyes
001Qy00000100203,García Sistemas Atlas,garcia.com,Retail,2024-06-21,,Growth,758.04,p.lindqvist
001Qy00000100542,Hollowway Foundry Partners,hollowway.com,Fintech,2023-05-27,Churned,Enterprise,447.29,p.lindqvist
001Qy00000100502,Grupo Peña Clinical,grupo.com,Logistics,2025-09-07,Active,Starter,1079.90,p.lindqvist
001Qy00000100477,Stonebridge Trading Labs,stonebridge.com,Fintech,2025-10-28,,Starter,1148.22,d.castellanos
001Qy00000100968,Umbra Anchor LLC,umbra.com,Education,2023-08-15,Churned,Starter,0.00,m.tan
001Qy00000100934,Umbra Keystone LLC,umbra.com,Energy,2025-01-07,Active,Enterprise,254.49,s.okoro
001Qy00000101152,Verdigris Sterling Corp,verdigris.com,Fintech,2023-07-07,Active,Growth,410.55,d.castellanos
001Qy00000100632,Lakeshore Summit Holdings,lakeshore.com,Construction,2023-05-09,Active,Growth,8402.67,j.whitfield
001Qy00000100322,Westbrook Pioneer Labs,westbrook.com,Media,2025-03-21,Active,Starter,2533.96,s.okoro
001Qy00000100386,Ravenswood Atlas Group,ravenswood.com,Hospitality,2026-03-25,Churned,Growth,266.22,j.whitfield
001Qy00000100256,Ravenswood Atlas Inc,ravenswood.com,Construction,2024-04-17,Inactive,Growth,1301.56,d.castellanos
001Qy00000100474,Larkspur Clinical LLC,larkspur.com,Logistics,2023-05-23,Churned,Growth,2599.55,p.lindqvist
001Qy00000100767,Pemberton Summit Group,pemberton.com,Energy,2025-05-30,Active,Enterprise,775.31,a.reyes
001Qy00000100908,Dovetail Summit Holdings,dovetail.com,Retail,2026-01-20,Active,Growth,0.00,s.okoro
001Qy00000100252,Whitmore Atlas LLC,whitmore.com,Healthcare,2025-05-31,Active,Growth,8967.05,d.castellanos
001Qy00000100108,Verdigris Quantum Inc,verdigris.com,Manufacturing,2024-02-24,Churned,Growth,0.00,j.whitfield
001Qy00000100656,Ashcombe Pioneer Inc,ashcombe.com,Hospitality,2023-12-07,Inactive,Enterprise,0.00,s.okoro
001Qy00000100770,Tanglewood Vector Corp,tanglewood.com,Media,2025-07-01,Active,Growth,277.83,d.castellanos
001Qy00000100758,Whitmore Atlas Labs,whitmore.com,Construction,2024-01-21,Active,Growth,7684.39,j.whitfield
001Qy00000100043,Nightingale Supply Inc,nightingale.com,Construction,2024-06-19,,Enterprise,350.45,s.okoro
001Qy00000100187,Verdigris Sterling Group,verdigris.com,Retail,2025-09-08,Churned,Enterprise,2589.35,p.lindqvist
001Qy00000100556,Juniper Coastal Partners,juniper.com,Manufacturing,2026-01-24,,Enterprise,0.00,a.reyes
001Qy00000100213,Northwind Lumen Group,northwind.com,Energy,2023-04-21,Inactive,Starter,439.54,m.tan
001Qy00000100782,Northgate Compass Labs,northgate.com,Energy,2024-10-10,Active,Enterprise,745.93,s.okoro
001Qy00000100159,Oakfield Lumen Partners,oakfield.com,Hospitality,2025-04-04,Churned,Growth,4350.58,s.okoro
001Qy00000100838,Cerulean Sable Labs,cerulean.com,Education,2025-09-03,Active,Enterprise,783.32,j.whitfield
001Qy00000100293,Meridian Summit Inc,meridian.com,Construction,2024-12-07,Churned,Growth,10056.37,d.castellanos
001Qy00000100873,Dovetail Nimbus Labs,dovetail.com,Manufacturing,2025-02-14,Active,Growth,373.43,j.whitfield
001Qy00000100167,Vantage Precision Labs,vantage.com,Construction,2025-11-15,Churned,Enterprise,726.21,p.lindqvist
001Qy00000100497,Pinnacle Cascade Labs,pinnacle.com,Fintech,2024-12-25,Active,Enterprise,1372.63,m.tan
001Qy00000100099,Redstone Sable Labs,redstone.com,Fintech,2026-04-02,Active,Starter,2291.01,m.tan
001Qy00000100695,São Bento Atlas,sao.com,Manufacturing,2025-08-08,Active,Growth,1201.26,m.tan
001Qy00000100010,Hollowway Sable Labs,hollowway.com,Fintech,2025-01-25,Active,Growth,242.77,j.whitfield
001Qy00000100913,Dunmore Onyx Labs,dunmore.com,Construction,2023-03-14,Active,Growth,2066.01,a.reyes
001Qy00000100902,Núñez Capital Cascade,nunez.com,Media,2024-01-14,Churned,Growth,2565.41,d.castellanos
001Qy00000100963,Harborview Supply Holdings,harborview.com,Hospitality,2025-02-06,Active,Starter,0.00,j.whitfield
001Qy00000101144,CERULEAN DIGITAL HOLDINGS,cerulean.com,Media,2023-01-18,Inactive,Enterprise,147.17,p.lindqvist
001Qy00000100093,Umbra Coastal Inc,umbra.com,Manufacturing,2023-05-02,Active,Growth,1239.06,s.okoro
001Qy00000100994,Underhill Keystone Labs,underhill.com,Fintech,2023-02-08,Active,Growth,239.16,m.tan
001Qy00000100547,Hollowway Atlas Holdings,hollowway.com,Construction,2025-06-17,Churned,Enterprise,426.79,j.whitfield
001Qy00000100635,Dovetail Sterling Corp,dovetail.com,Construction,2023-08-09,Churned,Enterprise,62.78,p.lindqvist
001Qy00000101064,Marbury Precision Inc,marbury.com,Retail,2024-04-09,Active,Starter,7819.26,j.whitfield
001Qy00000100335,Hollowway Nimbus Inc,hollowway.com,Fintech,2022-11-18,Churned,Starter,9317.41,p.lindqvist
001Qy00000100927,Quillfeather Quantum Corp,quillfeather.com,Fintech,2022-09-15,Active,Starter,8705.73,d.castellanos
001Qy00000101065,Vantage Pioneer Group,vantage.com,Construction,2023-08-15,Active,Growth,2708.35,s.okoro
001Qy00000100389,Yarrow Summit LLC,yarrow.com,Logistics,2024-03-18,Active,Starter,0.00,s.okoro
001Qy00000100305,São Bento Precision,sao.com,Education,2025-10-11,Active,Starter,2154.09,p.lindqvist
001Qy00000100466,Whitmore Keystone Group,whitmore.com,Energy,2026-06-09,,Growth,266.69,j.whitfield
001Qy00000100225,Silverline Sterling Systems,silverline.com,Fintech,2026-02-11,Active,Enterprise,271.99,j.whitfield
001Qy00000100475,Ashcombe Sterling Inc,ashcombe.com,Retail,2022-12-22,,Growth,1136.45,p.lindqvist
001Qy00000101136,Blackthorn Anchor Labs,blackthorn.com,Hospitality,2026-02-24,Active,Starter,0.00,j.whitfield
001Qy00000100303,André Frères Pioneer,andre.com,Energy,2025-11-09,Inactive,Growth,428.68,a.reyes
001Qy00000100977,Whitmore Summit Holdings,whitmore.com,Manufacturing,2026-04-10,Active,Starter,384.78,s.okoro
001Qy00000100273,Larkspur Anchor Systems,larkspur.com,Energy,2022-09-22,Active,Growth,4796.76,m.tan
001Qy00000100777,Tanglewood Anchor Corp,tanglewood.com,Hospitality,2023-01-01,Churned,Growth,2231.32,s.okoro
001Qy00000100979,Ravenswood Foundry Partners,ravenswood.com,Fintech,2026-04-16,Active,Growth,5522.83,m.tan
001Qy00000100699,Vásquez Media Trading II,vasquez.com,Energy,2025-03-02,Churned,Growth,0.00,m.tan
001Qy00000100464,Fairmount Lumen Labs,fairmount.com,Retail,2023-10-22,Active,Growth,377.90,m.tan
001Qy00000100557,Verdigris Analytics Partners,verdigris.com,Manufacturing,2024-02-13,Churned,Starter,244.63,p.lindqvist
001Qy00000100943,Harborview Summit Labs,harborview.com,Retail,2026-02-04,Churned,Growth,8881.11,m.tan
001Qy00000100591,Yarrow Foundry Holdings,yarrow.com,Fintech,2023-06-07,Active,Growth,224.88,s.okoro
001Qy00000101007,Verdigris Coastal Inc,verdigris.com,Construction,2024-01-23,Active,Growth,0.00,a.reyes
001Qy00000100640,Brightwater Trading Group,brightwater.com,Energy,2024-06-01,Active,Starter,391.73,j.whitfield
001Qy00000101070,Verdigris Sable Systems,verdigris.com,Fintech,2023-03-23,Active,Enterprise,220.96,a.reyes
001Qy00000100435,Quillfeather Pioneer Partners,quillfeather.com,Hospitality,2024-03-03,Inactive,Growth,16.17,a.reyes
001Qy00000100528,Ashcombe Sable Group,ashcombe.com,Fintech,2024-01-26,Active,Enterprise,10007.07,m.tan
001Qy00000100115,Lakeshore Nimbus Partners,lakeshore.com,Logistics,2025-05-29,Active,Enterprise,4568.61,p.lindqvist
001Qy00000100651,Yarrow Anchor Systems,yarrow.com,Media,2024-06-08,Active,Growth,0.00,j.whitfield
001Qy00000100049,Quarry Beacon Systems,quarry.com,Retail,2023-11-10,Active,Growth,9126.95,d.castellanos
001Qy00000100076,Underhill Nimbus Corp,underhill.com,Logistics,2026-06-17,Active,Growth,5094.46,m.tan
001Qy00000100125,Dunmore Atlas Partners,dunmore.com,Media,2025-08-09,Inactive,Starter,257.18,d.castellanos
001Qy00000101198,Alder Precision Inc,alder.com,Education,2022-11-05,Churned,Starter,4598.25,m.tan
001Qy00000100642,Westbrook Trading Holdings,westbrook.com,Manufacturing,2024-01-13,Active,Enterprise,0.00,s.okoro
001Qy00000100309,Quarry Anchor Labs,quarry.com,Manufacturing,2022-12-30,Churned,Growth,10064.77,s.okoro
001Qy00000100623,Juniper Sable Inc,juniper.com,Logistics,2025-07-12,Churned,Growth,644.02,j.whitfield
001Qy00000100654,Northgate Supply Corp,northgate.com,Manufacturing,2026-06-03,Active,Growth,2434.55,p.lindqvist
001Qy00000100310,Juniper Beacon LLC,juniper.com,Media,2023-06-20,Churned,Growth,2122.06,p.lindqvist
001Qy00000100666,Copperfield Freight Inc,copperfield.com,Media,2024-07-05,Churned,Growth,0.00,a.reyes
001Qy00000101021,Pemberton Onyx Corp,pemberton.com,Fintech,2023-03-05,Active,Growth,0.00,d.castellanos
001Qy00000101112,Quarry Digital LLC,quarry.com,Media,2026-05-06,Churned,Growth,2754.02,m.tan
001Qy00000100756,Dovetail Beacon LLC,dovetail.com,Construction,2025-01-02,Active,Starter,2256.37,a.reyes
001Qy00000100223,Orchard Coastal Labs,orchard.com,Education,2025-01-01,Active,Starter,386.00,a.reyes
001Qy00000100797,Guimarães Log Trading,guimaraes.com,Construction,2023-04-15,Churned,Enterprise,0.00,j.whitfield
001Qy00000100836,Verdigris Digital Partners,verdigris.com,Energy,2024-08-22,Active,Growth,275.18,d.castellanos
001Qy00000100133,Alder Foundry LLC,alder.com,Fintech,2023-07-24,Active,Growth,676.73,s.okoro
001Qy00000100061,Ravenswood Vector Labs,ravenswood.com,Construction,2024-12-16,Active,Starter,1332.90,s.okoro
001Qy00000100848,Brightwater Supply Group,brightwater.com,Hospitality,2025-04-28,Churned,Growth,1297.15,m.tan
001Qy00000100665,Underhill Trading Partners,underhill.com,Retail,2023-09-18,Active,Growth,3649.74,j.whitfield
001Qy00000101057,Hollowway Foundry Holdings,hollowway.com,Logistics,2023-02-18,Active,Growth,4902.47,s.okoro
001Qy00000100909,Cerulean Precision Labs,cerulean.com,Energy,2022-12-21,Active,Enterprise,1196.36,s.okoro
001Qy00000100563,Pinnacle Analytics Corp,pinnacle.com,Hospitality,2025-07-06,Churned,Enterprise,1980.43,m.tan
001Qy00000100944,Glenrock Onyx Inc,glenrock.com,Fintech,2025-01-13,Active,Growth,1238.94,m.tan
001Qy00000100420,Whitmore Analytics Holdings,whitmore.com,Education,2026-03-08,Churned,Enterprise,255.98,m.tan
001Qy00000100962,Alder Pioneer Corp,alder.com,Media,2023-04-09,Churned,Enterprise,0.00,a.reyes
001Qy00000100798,Ferreira Serviços Compass,ferreira.com,Fintech,2025-05-21,Churned,Enterprise,0.00,a.reyes
001Qy00000100429,Westbrook Digital Corp,westbrook.com,Fintech,2024-07-23,Active,Enterprise,1279.22,d.castellanos
001Qy00000100448,Thornbury Anchor Group,thornbury.com,Education,2026-02-13,Inactive,Growth,1166.14,p.lindqvist
001Qy00000101023,Dunmore Cascade Partners,dunmore.com,Retail,2023-08-20,Active,Starter,2651.01,j.whitfield
001Qy00000100707,Quillfeather Coastal Inc,quillfeather.com,Energy,2023-12-31,Active,Enterprise,0.00,d.castellanos
001Qy00000100378,Inglewood Cascade Corp,inglewood.com,Hospitality,2024-09-19,Churned,Growth,1136.15,a.reyes
001Qy00000100518,Cranfield Precision LLC,cranfield.com,Logistics,2023-04-08,Active,Growth,1156.40,d.castellanos
001Qy00000100614,Hollowway Vector Group,hollowway.com,Construction,2025-04-09,Active,Starter,2678.59,j.whitfield
001Qy00000100294,Brightwater Summit Corp,brightwater.com,Energy,2025-01-10,Active,Starter,359.81,m.tan
001Qy00000100910,Underhill Freight Systems,underhill.com,Energy,2023-02-22,Inactive,Enterprise,2108.86,a.reyes
001Qy00000100512,Underhill Lumen Labs,underhill.com,Education,2023-11-15,,Enterprise,391.14,s.okoro
001Qy00000100561,Lakeshore Digital Group,lakeshore.com,Energy,2025-07-29,Churned,Enterprise,285.14,j.whitfield
001Qy00000100365,Ravenswood Trading Partners,ravenswood.com,Logistics,2023-08-14,Active,Enterprise,7682.01,d.castellanos
001Qy00000101124,Kestrel Onyx Corp,kestrel.com,Media,2024-11-16,Active,Starter,2626.04,a.reyes
001Qy00000101203,Dovetail Sterling Group,dovetail.com,Media,2023-04-04,Active,Growth,0.00,m.tan
001Qy00000100244,Ashcombe Analytics Labs,ashcombe.com,Media,2025-06-02,,Enterprise,240.53,j.whitfield
001Qy00000100850,Vantage Foundry Partners,vantage.com,Energy,2026-04-14,Active,Enterprise,1268.29,d.castellanos
001Qy00000100538,Pinnacle Cascade Corp,pinnacle.com,Education,2023-06-15,Active,Enterprise,0.00,p.lindqvist
001Qy00000100146,Blackthorn Trading Partners,blackthorn.com,Media,2023-11-06,Inactive,Growth,0.00,j.whitfield
001Qy00000100003,García Sistemas Foundry,garcia.com,Manufacturing,2023-01-31,Inactive,Growth,2173.67,a.reyes
001Qy00000100181,Northwind Foundry Labs,northwind.com,Logistics,2024-07-09,,Starter,5433.60,p.lindqvist
001Qy00000100826,Ironwood Pioneer Corp,ironwood.com,Hospitality,2025-10-11,Churned,Growth,4629.79,p.lindqvist
001Qy00000101142,Brightwater Clinical Group,brightwater.com,Manufacturing,2024-03-04,Active,Starter,0.00,d.castellanos
001Qy00000100366,Dovetail Summit Group,dovetail.com,Manufacturing,2023-05-13,Churned,Growth,7828.31,j.whitfield
001Qy00000100735,Whitmore Sterling Labs,whitmore.com,Manufacturing,2023-07-08,Churned,Growth,2346.29,j.whitfield
001Qy00000100465,Quarry Freight Group,quarry.com,Media,2024-11-17,Active,Starter,0.00,p.lindqvist
001Qy00000100522,Larkspur Nimbus LLC,larkspur.com,Media,2022-12-09,Churned,Growth,2097.34,p.lindqvist
001Qy00000100511,Eastvale Sterling LLC,eastvale.com,Hospitality,2023-07-08,Active,Starter,2251.35,m.tan
001Qy00000100658,Marbury Sterling Systems,marbury.com,Hospitality,2025-11-18,Active,Starter,0.00,d.castellanos
001Qy00000100662,Thornbury Digital Group,thornbury.com,Retail,2024-08-31,Active,Growth,0.00,j.whitfield
001Qy00000100337,Fairmount Supply Inc,fairmount.com,Construction,2023-12-18,Active,Growth,1233.36,a.reyes
001Qy00000101146,Westbrook Vector Holdings,westbrook.com,Fintech,2023-08-19,Active,Starter,237.53,p.lindqvist
001Qy00000100400,López y Asociados Digital,lopez.com,Retail,2023-09-12,Active,Growth,0.00,m.tan
001Qy00000100442,Yellowfin Keystone Systems,yellowfin.com,Retail,2024-02-07,Active,Starter,2352.33,d.castellanos
001Qy00000100749,Oakfield Nimbus Inc,oakfield.com,Hospitality,2023-11-04,Active,Starter,0.00,s.okoro
001Qy00000101156,Whitmore Anchor Inc,whitmore.com,Retail,2025-11-06,Active,Starter,5171.71,j.whitfield
001Qy00000100647,Northgate Atlas Inc,northgate.com,Media,2025-12-09,Active,Growth,5181.61,p.lindqvist
001Qy00000100436,Quillfeather Pioneer Systems,quillfeather.com,Education,2023-03-24,Active,Growth,0.00,p.lindqvist
001Qy00000100865,Cranfield Compass LLC,cranfield.com,Fintech,2025-10-20,Active,Starter,1357.11,p.lindqvist
001Qy00000100204,André Frères Analytics,andre.com,Hospitality,2023-11-21,,Enterprise,4483.66,p.lindqvist
001Qy00000100712,Eastvale Quantum Systems,eastvale.com,Manufacturing,2024-11-16,Active,Growth,344.30,a.reyes
001Qy00000100495,Verdigris Compass Systems,verdigris.com,Education,2024-06-14,Churned,Enterprise,5181.55,m.tan
001Qy00000100524,Cranfield Keystone Group,cranfield.com,Fintech,2024-08-03,Active,Starter,8031.13,a.reyes
001Qy00000100060,Tanglewood Compass LLC,tanglewood.com,Hospitality,2025-06-27,,Starter,1070.84,j.whitfield
001Qy00000100644,Tanglewood Freight Inc,tanglewood.com,Energy,2025-05-24,Active,Growth,5338.18,a.reyes
001Qy00000100198,Hernández Retail Keystone,hernandez.com,Education,2023-04-29,,Growth,641.91,m.tan
001Qy00000100463,Juniper Quantum LLC,juniper.com,Manufacturing,2025-10-28,Active,Growth,392.61,s.okoro
001Qy00000100459,Underhill Pioneer Holdings,underhill.com,Logistics,2025-10-29,,Growth,404.85,m.tan
001Qy00000100939,Dunmore Foundry Holdings,dunmore.com,Education,2025-03-22,Churned,Growth,433.36,d.castellanos
001Qy00000101174,Dovetail Anchor LLC,dovetail.com,Hospitality,2024-07-03,Active,Starter,0.00,p.lindqvist
001Qy00000100127,Silverline Compass Inc,silverline.com,Fintech,2023-06-26,Churned,Enterprise,10036.68,j.whitfield
001Qy00000100319,Silverline Compass Corp,silverline.com,Fintech,2026-01-25,Active,Starter,0.00,p.lindqvist
001Qy00000100074,Inglewood Compass Labs,inglewood.com,Manufacturing,2026-04-10,Churned,Enterprise,0.00,a.reyes
001Qy00000100450,Alder Freight Labs,alder.com,Education,2026-03-10,Churned,Growth,9973.86,p.lindqvist
001Qy00000100827,Ironwood Pioneer Labs,ironwood.com,Media,2025-03-25,,Starter,0.00,s.okoro
001Qy00000100241,Umbra Supply Corp,umbra.com,Fintech,2025-08-18,Active,Enterprise,0.00,j.whitfield
001Qy00000100272,Silverline Anchor Group,silverline.com,Hospitality,2026-01-18,Active,Growth,0.00,j.whitfield
001Qy00000100550,Nightingale Beacon LLC,nightingale.com,Energy,2023-04-14,Active,Growth,154.90,p.lindqvist
001Qy00000100975,Larkspur Digital Inc,larkspur.com,Fintech,2025-03-05,Active,Growth,269.31,p.lindqvist
001Qy00000100347,Northwind Pioneer Systems,northwind.com,Manufacturing,2025-04-21,Active,Growth,0.00,s.okoro
001Qy00000100946,Yarrow Pioneer Labs,yarrow.com,Healthcare,2025-05-30,,Growth,0.00,j.whitfield
001Qy00000100857,Pinnacle (DBA),pinnacle.com,Energy,2024-10-14,Active,Growth,0.00,a.reyes
001Qy00000100145,Blackthorn Trading Partners,blackthorn.com,Media,2023-11-05,Active,Enterprise,0.00,p.lindqvist
001Qy00000100523,Northwind Digital LLC,northwind.com,Healthcare,2025-01-23,Active,Starter,4363.67,m.tan
001Qy00000100516,Eastvale Precision Systems,eastvale.com,Fintech,2023-12-03,Churned,Enterprise,732.30,p.lindqvist
001Qy00000100215,Cerulean Lumen Corp,cerulean.com,Healthcare,2022-09-24,Active,Growth,0.00,s.okoro
001Qy00000100229,Underhill Coastal Inc,underhill.com,Energy,2023-08-25,Active,Starter,232.68,a.reyes
001Qy00000101109,Orchard Quantum Corp,orchard.com,Retail,2025-04-25,Active,Growth,9010.11,a.reyes
001Qy00000100513,Quarry Pioneer Corp,quarry.com,Logistics,2026-04-28,Active,Starter,2444.04,d.castellanos
001Qy00000101184,Glenrock Lumen Inc,glenrock.com,Energy,2024-11-28,Active,Growth,0.00,s.okoro
001Qy00000100427,Lakeshore Anchor Partners,lakeshore.com,Fintech,2024-06-30,Active,Growth,705.29,s.okoro
001Qy00000100185,Copperfield Summit Inc,copperfield.com,Logistics,2024-03-27,Active,Enterprise,8336.82,p.lindqvist
001Qy00000100131,Dunmore Quantum Labs,dunmore.com,Manufacturing,2022-11-24,Active,Starter,800.45,j.whitfield
001Qy00000101056,Ironwood Precision Systems,ironwood.com,Construction,2024-03-16,Active,Growth,9013.98,s.okoro
001Qy00000100068,Eastvale Compass Holdings,eastvale.com,Hospitality,2023-06-22,Active,Growth,217.40,j.whitfield
001Qy00000100616,Copperfield Vector Labs,copperfield.com,Manufacturing,2022-12-22,Active,Growth,0.00,d.castellanos
001Qy00000100597,García Sistemas Freight,garcia.com,Hospitality,2026-05-22,Active,Growth,2655.48,d.castellanos
001Qy00000100025,Larkspur Quantum LLC,larkspur.com,Construction,2025-04-24,Churned,Growth,375.72,a.reyes
001Qy00000100038,Verdigris Analytics Inc,verdigris.com,Energy,2024-12-31,Active,Enterprise,0.00,j.whitfield
001Qy00000100884,Blackthorn Quantum Group,blackthorn.com,Healthcare,2025-01-28,Active,Growth,8293.02,j.whitfield
001Qy00000101181,Fairmount Lumen Inc,fairmount.com,Media,2024-08-10,Active,Enterprise,674.35,p.lindqvist
001Qy00000100439,Thornbury Compass Corp,thornbury.com,Energy,2025-01-28,Active,Enterprise,0.00,m.tan
001Qy00000100085,Tanglewood Analytics Corp,tanglewood.com,Retail,2025-11-25,Active,Starter,0.00,a.reyes
001Qy00000100177,Fairmount Freight Group,fairmount.com,Fintech,2023-05-15,Active,Growth,278.02,s.okoro
001Qy00000101183,Dovetail Trading Systems,dovetail.com,Healthcare,2023-03-30,Active,Growth,389.89,s.okoro
001Qy00000100595,Grupo Peña Foundry,grupo.com,Construction,2023-12-27,Active,Enterprise,1276.49,d.castellanos
001Qy00000100916,Redstone Sable Partners,redstone.com,Fintech,2023-06-25,Active,Starter,441.58,a.reyes
001Qy00000101116,Ironwood Sable Labs,ironwood.com,Hospitality,2025-12-17,Active,Growth,378.36,p.lindqvist
001Qy00000100259,Larkspur Cascade Inc,larkspur.com,Healthcare,2025-11-22,Churned,Starter,4565.99,m.tan
001Qy00000100192,Yarrow Keystone Labs,yarrow.com,Healthcare,2025-12-04,Churned,Growth,1276.03,a.reyes
001Qy00000100514,Copperfield Cascade Labs,copperfield.com,Retail,2022-11-28,Active,Growth,450.22,j.whitfield
001Qy00000100791,Quarry Atlas Holdings,quarry.com,Retail,2024-03-29,Active,Enterprise,217.82,a.reyes
001Qy00000100425,Harborview Sable Partners,harborview.com,Logistics,2024-03-06,Active,Growth,5460.81,d.castellanos
001Qy00000100602,Núñez Capital Precision,nunez.com,Healthcare,2025-07-14,Active,Growth,789.03,m.tan
001Qy00000100165,Underhill Precision Holdings,underhill.com,Energy,2023-10-05,Active,Growth,1205.71,m.tan
001Qy00000100404,Hernández Retail Atlas,hernandez.com,Retail,2025-09-02,Active,Starter,2390.06,m.tan
001Qy00000100151,Yarrow Beacon Partners,yarrow.com,Construction,2022-11-07,Churned,Growth,766.53,p.lindqvist
001Qy00000101177,Underhill Anchor Inc,underhill.com,Construction,2023-02-23,Inactive,Growth,241.79,d.castellanos
001Qy00000100929,Westbrook Supply LLC,westbrook.com,Education,2024-04-09,Churned,Growth,1064.35,m.tan
001Qy00000100760,Zenith Onyx Holdings,zenith.com,Logistics,2026-02-04,Active,Starter,0.00,s.okoro
001Qy00000100648,Inglewood Quantum Inc,inglewood.com,Construction,2025-06-11,,Starter,0.00,d.castellanos
001Qy00000100828,Oakfield Compass Systems,oakfield.com,Healthcare,2025-10-19,Churned,Starter,455.48,j.whitfield
001Qy00000100120,Pinnacle Sterling Holdings,pinnacle.com,Construction,2023-03-23,Active,Growth,5159.63,d.castellanos
001Qy00000100249,Pinnacle Cascade Group,pinnacle.com,Media,2025-09-27,Active,Growth,0.00,p.lindqvist
001Qy00000101199,Alder Precision Inc,alder.com,Education,2022-12-02,Inactive,Growth,141.31,d.castellanos
001Qy00000101102,Vásquez Media Anchor,vasquez.com,Healthcare,2024-05-30,Inactive,Growth,232.65,a.reyes
001Qy00000101078,Yellowfin Lumen Labs,yellowfin.com,Manufacturing,2023-11-28,Inactive,Enterprise,9088.61,m.tan
001Qy00000101004,Vásquez Media Coastal,vasquez.com,Logistics,2024-02-27,Inactive,Growth,218.38,j.whitfield
001Qy00000100693,Dovetail Anchor Corp,dovetail.com,Construction,2023-07-07,Active,Enterprise,753.68,j.whitfield
001Qy00000100683,Whitmore Vector Corp,whitmore.com,Retail,2023-12-28,Active,Enterprise,216.41,p.lindqvist
001Qy00000100548,Alder Beacon Group,alder.com,Retail,2026-05-13,Active,Growth,2476.03,d.castellanos
001Qy00000100718,Westbrook Sterling Holdings,westbrook.com,Education,2023-06-16,Active,Starter,276.24,a.reyes
001Qy00000100320,Dovetail Freight Partners,dovetail.com,Energy,2026-04-17,Active,Enterprise,781.60,s.okoro
001Qy00000100915,Pinnacle Digital Group,pinnacle.com,Construction,2024-05-31,Churned,Growth,2389.24,s.okoro
001Qy00000100818,Whitmore Pioneer Group,whitmore.com,Hospitality,2024-12-13,Active,Starter,2717.16,d.castellanos
001Qy00000100856,Pinnacle Coastal Corp,pinnacle.com,Energy,2024-10-13,,Growth,0.00,j.whitfield
001Qy00000100921,Vantage Pioneer Labs,vantage.com,Fintech,2024-06-06,Active,Starter,9344.06,p.lindqvist
001Qy00000100197,Oakfield Quantum LLC,oakfield.com,Energy,2023-02-21,Active,Growth,4707.60,p.lindqvist
001Qy00000100711,Underhill Cascade Group,underhill.com,Hospitality,2023-11-09,Active,Growth,251.72,j.whitfield
001Qy00000100419,Verdigris Freight LLC,verdigris.com,Education,2024-07-29,,Growth,0.00,d.castellanos
001Qy00000100299,Lakeshore Onyx Holdings,lakeshore.com,Retail,2024-12-13,Churned,Enterprise,3096.49,s.okoro
001Qy00000100970,Pinnacle Coastal Partners,pinnacle.com,Retail,2023-07-25,Churned,Growth,1111.41,s.okoro
001Qy00000101148,Zenith Supply Labs,zenith.com,Retail,2023-03-26,Active,Enterprise,416.10,a.reyes
001Qy00000100925,Alder Atlas Partners,alder.com,Logistics,2023-12-18,Active,Growth,0.00,a.reyes
001Qy00000101022,Copperfield Sterling Corp,copperfield.com,Logistics,2024-10-15,Active,Growth,0.00,p.lindqvist
001Qy00000100541,Westbrook Lumen Corp,westbrook.com,Fintech,2026-02-09,Churned,Starter,4264.04,m.tan
001Qy00000100174,Oakfield Sable Partners,oakfield.com,Hospitality,2023-07-29,Active,Growth,0.00,m.tan
001Qy00000100216,Whitmore Coastal Labs,whitmore.com,Fintech,2023-08-03,Active,Growth,0.00,d.castellanos
001Qy00000100898,García Sistemas Sterling,garcia.com,Construction,2026-04-14,Active,Growth,8095.44,s.okoro
001Qy00000100352,Yarrow Atlas Labs,yarrow.com,Retail,2025-06-13,Active,Enterprise,260.83,p.lindqvist
001Qy00000100186,Vantage Atlas Inc,vantage.com,Hospitality,2023-07-26,Active,Enterprise,0.00,s.okoro
001Qy00000100372,Orchard Sterling Systems,orchard.com,Healthcare,2023-11-01,Active,Growth,721.88,p.lindqvist
001Qy00000100740,Eastvale Vector LLC,eastvale.com,Education,2024-05-26,Active,Starter,4489.36,s.okoro
001Qy00000100065,Verdigris Onyx Inc,verdigris.com,Education,2024-03-07,Churned,Starter,0.00,d.castellanos
001Qy00000100752,Acme Lumen Partners,acme.com,Logistics,2023-04-03,,Growth,0.00,d.castellanos
001Qy00000100778,Westbrook Sterling Labs,westbrook.com,Media,2024-11-22,Active,Growth,2342.93,a.reyes
001Qy00000100697,Pérez Group Anchor,perez.com,Hospitality,2024-03-15,Active,Starter,0.00,j.whitfield
001Qy00000100022,Umbra Coastal Labs,umbra.com,Education,2024-08-19,Active,Enterprise,5633.83,j.whitfield
001Qy00000100625,Thornbury Coastal Holdings,thornbury.com,Logistics,2025-05-02,Active,Growth,249.65,p.lindqvist
001Qy00000100457,Meridian Compass Partners,meridian.com,Construction,2024-01-24,Active,Growth,425.56,s.okoro
001Qy00000100823,Larkspur Precision Corp,larkspur.com,Manufacturing,2023-10-08,Active,Starter,458.95,j.whitfield
001Qy00000100136,Marbury Quantum Partners,marbury.com,Media,2025-11-21,Churned,Starter,822.78,p.lindqvist
001Qy00000100381,Juniper Anchor Partners,juniper.com,Hospitality,2023-02-15,Active,Growth,368.16,a.reyes
001Qy00000101089,Meridian Analytics Inc,meridian.com,Fintech,2023-09-07,Inactive,Starter,4865.50,p.lindqvist
001Qy00000100328,Larkspur Freight Group,larkspur.com,Retail,2025-04-28,Active,Growth,1030.36,a.reyes
001Qy00000100792,Cerulean Clinical LLC,cerulean.com,Construction,2024-09-27,Active,Starter,9243.19,s.okoro
001Qy00000100408,Tanglewood Keystone Corp,tanglewood.com,Hospitality,2025-10-19,Churned,Enterprise,1175.36,j.whitfield
001Qy00000100248,Northwind Nimbus LLC,northwind.com,Manufacturing,2026-02-26,Active,Starter,269.62,m.tan
001Qy00000100624,Redstone Sterling Group,redstone.com,Healthcare,2025-06-28,,Enterprise,360.16,s.okoro
001Qy00000100904,Ravenswood Summit Holdings,ravenswood.com,Manufacturing,2025-10-05,Active,Growth,0.00,s.okoro
001Qy00000100297,Whitmore Coastal Corp,whitmore.com,Media,2025-08-23,Active,Growth,256.73,s.okoro
001Qy00000100863,Underhill Atlas Partners,underhill.com,Logistics,2023-08-27,Active,Enterprise,0.00,p.lindqvist
001Qy00000100891,Lakeshore Anchor Systems,lakeshore.com,Energy,2025-12-26,Churned,Enterprise,430.68,p.lindqvist
001Qy00000100491,Eastvale Analytics Corp,eastvale.com,Hospitality,2024-09-20,,Growth,2690.96,d.castellanos
001Qy00000100912,Orchard Supply Group,orchard.com,Construction,2023-01-16,Active,Growth,5745.21,p.lindqvist
001Qy00000101038,Stonebridge Freight LLC,stonebridge.com,Energy,2023-09-17,Active,Growth,0.00,m.tan
001Qy00000100103,Núñez Capital Supply,nunez.com,Education,2025-10-20,Active,Growth,0.00,p.lindqvist
001Qy00000101206,Quarry Lumen Partners,quarry.com,Retail,2023-03-12,Active,Growth,5356.05,p.lindqvist
001Qy00000100004,André Frères Digital,andre.com,Manufacturing,2024-11-30,Active,Growth,440.14,d.castellanos
001Qy00000100685,Copperfield Precision Inc,copperfield.com,Media,2026-06-03,Churned,Enterprise,0.00,s.okoro
001Qy00000100992,Blackthorn Trading Inc,blackthorn.com,Media,2024-06-24,Inactive,Starter,2473.97,a.reyes
001Qy00000100617,Harborview Sable Holdings,harborview.com,Manufacturing,2023-05-02,,Growth,2376.80,p.lindqvist
001Qy00000100953,Northgate Nimbus Systems,northgate.com,Logistics,2023-08-22,Active,Growth,0.00,d.castellanos
001Qy00000100067,Westbrook Atlas Group,westbrook.com,Energy,2025-07-04,Active,Growth,4933.97,m.tan
001Qy00000100137,Whitmore Cascade Corp,whitmore.com,Retail,2025-09-22,Active,Growth,8205.89,a.reyes
001Qy00000100232,Oakfield Pioneer Partners,oakfield.com,Education,2024-06-09,Active,Growth,792.19,s.okoro
001Qy00000100240,Glenrock Cascade Corp,glenrock.com,Fintech,2022-10-24,Inactive,Growth,368.92,d.castellanos
001Qy00000100843,Westbrook Digital Inc,westbrook.com,Education,2024-10-17,Active,Enterprise,1207.78,a.reyes
001Qy00000100179,Ashcombe Clinical Labs,ashcombe.com,Construction,2024-06-28,Active,Growth,236.09,d.castellanos
001Qy00000100806,Ironwood Beacon LLC,ironwood.com,Logistics,2023-01-22,Active,Starter,4558.25,p.lindqvist
001Qy00000100959,Ravenswood Pioneer Systems,ravenswood.com,Energy,2024-09-08,Active,Starter,1221.81,j.whitfield
001Qy00000100991,Glenrock Digital Partners,glenrock.com,Construction,2024-01-02,Active,Growth,825.72,j.whitfield
001Qy00000100173,Brightwater Clinical Holdings,brightwater.com,Energy,2026-07-16,Active,Starter,0.00,s.okoro
001Qy00000100646,Cerulean Trading Corp,cerulean.com,Retail,2025-09-11,Active,Enterprise,7810.22,d.castellanos
001Qy00000101047,Verdigris Foundry Holdings,verdigris.com,Fintech,2026-02-22,Active,Starter,8287.82,p.lindqvist
001Qy00000100255,Marbury Compass Corp,marbury.com,Education,2025-08-25,,Growth,0.00,d.castellanos
001Qy00000100200,Ferreira Serviços Coastal,ferreira.com,Fintech,2026-03-16,Active,Enterprise,260.06,j.whitfield
001Qy00000101098,Orchard Supply Inc,orchard.com,Logistics,2024-11-03,Active,Starter,230.56,a.reyes
001Qy00000100209,Vantage Quantum Group,vantage.com,Education,2024-07-11,Inactive,Enterprise,405.67,d.castellanos
001Qy00000100138,Hollowway Anchor Systems,hollowway.com,Retail,2022-10-01,Active,Enterprise,723.31,p.lindqvist
001Qy00000100368,Cerulean Foundry Holdings,cerulean.com,Healthcare,2025-01-28,Active,Growth,4629.74,a.reyes
001Qy00000100346,Nightingale Foundry Group,nightingale.com,Fintech,2025-12-13,Churned,Growth,2115.25,j.whitfield
001Qy00000100298,Lakeshore Onyx Holdings,lakeshore.com,Retail,2024-12-01,Inactive,Growth,8899.93,s.okoro
001Qy00000100443,Harborview Digital Partners,harborview.com,Healthcare,2022-09-27,Active,Enterprise,5465.96,m.tan
001Qy00000101108,André Frères Trading,andre.com,Manufacturing,2024-03-07,Active,Growth,10196.17,m.tan
001Qy00000100709,Redstone Atlas Corp,redstone.com,Education,2025-07-25,Inactive,Growth,1175.57,s.okoro
001Qy00000101150,Cerulean Vector LLC,cerulean.com,Education,2025-10-25,Churned,Starter,224.24,m.tan
001Qy00000101201,Dunmore Coastal Group,dunmore.com,Logistics,2025-10-12,Active,Starter,0.00,a.reyes
001Qy00000100009,Inglewood Atlas Labs,inglewood.com,Media,2026-04-19,Active,Growth,0.00,d.castellanos
001Qy00000100705,Acme Vector Systems,acme.com,Manufacturing,2024-09-22,Churned,Enterprise,518.59,j.whitfield
001Qy00000100501,Ferreira Serviços Vector II,ferreira.com,Media,2024-08-01,Churned,Growth,5586.86,a.reyes
001Qy00000100180,Kestrel Summit Systems,kestrel.com,Media,2023-12-23,Churned,Growth,1279.29,a.reyes
001Qy00000100098,Copperfield Analytics Corp,copperfield.com,Logistics,2022-10-02,Active,Enterprise,4981.62,d.castellanos
001Qy00000100761,Pinnacle Onyx Holdings,pinnacle.com,Education,2023-03-01,Active,Growth,833.21,a.reyes
001Qy00000100382,Brightwater Summit Systems,brightwater.com,Construction,2026-04-30,Active,Growth,700.81,j.whitfield
001Qy00000100163,Dunmore Onyx LLC,dunmore.com,Retail,2023-02-17,Active,Growth,0.00,j.whitfield
001Qy00000100350,Pinnacle Vector Partners,pinnacle.com,Energy,2025-04-11,Active,Starter,2214.44,a.reyes
001Qy00000101101,Hernández Retail Beacon,hernandez.com,Retail,2024-08-28,Active,Starter,1137.03,j.whitfield
001Qy00000100768,Redstone Pioneer Inc,redstone.com,Logistics,2025-02-19,Active,Starter,697.76,p.lindqvist
001Qy00000100957,Tanglewood Summit Inc,tanglewood.com,Fintech,2024-11-12,Active,Enterprise,366.78,j.whitfield
001Qy00000101033,Acme Supply Incorporated,acme.com,Energy,2025-06-23,Inactive,Growth,513.55,m.tan
001Qy00000100652,Pinnacle Supply Corp,pinnacle.com,Manufacturing,2026-01-19,Active,Growth,262.50,j.whitfield
001Qy00000101066,Dovetail Freight Corp,dovetail.com,Education,2025-07-22,Active,Growth,0.00,s.okoro
001Qy00000100280,Ironwood Quantum Group,ironwood.com,Retail,2024-07-16,,Enterprise,0.00,m.tan
001Qy00000100176,Verdigris Atlas Holdings,verdigris.com,Energy,2026-02-10,Active,Starter,0.00,p.lindqvist
001Qy00000100679,Cerulean Sterling Systems,cerulean.com,Construction,2025-04-02,Active,Growth,0.00,s.okoro
001Qy00000100886,Oakfield Trading Partners,oakfield.com,Energy,2026-02-19,Active,Enterprise,0.00,d.castellanos
001Qy00000100598,André Frères Summit,andre.com,Healthcare,2022-09-14,Churned,Starter,696.05,d.castellanos
001Qy00000101029,Thornbury Lumen Group,thornbury.com,Manufacturing,2026-05-14,Active,Growth,4607.06,d.castellanos
001Qy00000100314,Juniper Keystone Inc,juniper.com,Hospitality,2023-10-20,Active,Growth,649.82,p.lindqvist
001Qy00000100036,Glenrock Clinical Systems,glenrock.com,Retail,2024-08-08,Active,Growth,0.00,s.okoro
001Qy00000100842,Cranfield Freight Inc,cranfield.com,Logistics,2025-11-20,,Growth,284.13,m.tan
001Qy00000100235,Marbury Supply Systems,marbury.com,Media,2023-05-14,,Enterprise,692.39,a.reyes
001Qy00000101113,Acme Foundry Labs,acme.com,Media,2023-01-24,Active,Growth,10344.78,p.lindqvist
001Qy00000100317,Ironwood Clinical Corp,ironwood.com,Logistics,2023-05-05,Inactive,Growth,0.00,d.castellanos
001Qy00000100324,Stonebridge Cascade Labs,stonebridge.com,Healthcare,2024-06-26,Active,Growth,700.37,s.okoro
001Qy00000100086,Yarrow Sable Inc,yarrow.com,Education,2025-06-05,Active,Growth,0.00,j.whitfield
001Qy00000100101,López y Asociados Analytics II,lopez.com,Hospitality,2023-06-11,Active,Growth,666.28,p.lindqvist
001Qy00000100090,Harborview Freight Labs,harborview.com,Retail,2022-12-13,Active,Growth,249.28,p.lindqvist
001Qy00000100637,Marbury Quantum Corp,marbury.com,Energy,2023-04-02,Churned,Growth,2152.28,p.lindqvist
001Qy00000100395,Larkspur Sterling Group,larkspur.com,Fintech,2023-03-01,Active,Enterprise,677.48,p.lindqvist
001Qy00000100578,Ravenswood Anchor Labs,ravenswood.com,Retail,2023-08-07,Active,Enterprise,236.15,m.tan
001Qy00000100013,Whitmore Cascade Partners,whitmore.com,Fintech,2025-03-04,Inactive,Growth,1287.18,d.castellanos
001Qy00000100211,Redstone Anchor Systems,redstone.com,Hospitality,2025-12-31,Churned,Growth,0.00,s.okoro
001Qy00000100207,Cranfield Coastal Partners,cranfield.com,Media,2026-04-19,Active,Enterprise,689.84,m.tan
001Qy00000100661,Cerulean Keystone Partners,cerulean.com,Logistics,2025-09-29,Active,Starter,5252.74,p.lindqvist
001Qy00000100104,Pérez Group Foundry,perez.com,Hospitality,2023-01-05,Churned,Enterprise,380.78,j.whitfield
001Qy00000100128,Quillfeather Clinical Systems,quillfeather.com,Logistics,2025-05-30,Active,Growth,235.81,a.reyes
001Qy00000100895,Cranfield Sable Holdings,cranfield.com,Healthcare,2023-02-10,Inactive,Growth,0.00,a.reyes
001Qy00000100689,Yellowfin Pioneer Corp,yellowfin.com,Healthcare,2026-02-06,Churned,Enterprise,0.00,a.reyes
001Qy00000100972,Meridian Anchor Systems,meridian.com,Healthcare,2026-06-17,Churned,Growth,0.00,s.okoro
001Qy00000100539,Whitmore Quantum Corp,whitmore.com,Fintech,2024-08-25,Active,Starter,243.64,d.castellanos
001Qy00000100193,Quarry Precision Systems,quarry.com,Media,2023-08-27,Active,Starter,394.00,p.lindqvist
001Qy00000100199,Vásquez Media Summit,vasquez.com,Hospitality,2023-04-12,Active,Growth,1247.89,p.lindqvist
001Qy00000100383,Harborview Analytics Labs,harborview.com,Education,2024-02-03,Active,Enterprise,0.00,m.tan
001Qy00000100969,Lakeshore Clinical Partners,lakeshore.com,Logistics,2025-04-23,Active,Enterprise,2725.16,d.castellanos
001Qy00000100988,Yarrow Clinical Holdings,yarrow.com,Manufacturing,2026-01-30,Active,Growth,224.27,s.okoro
001Qy00000100082,Meridian Onyx Holdings,meridian.com,Manufacturing,2025-03-15,Active,Growth,10059.35,d.castellanos
001Qy00000100533,Quillfeather Pioneer Corp,quillfeather.com,Healthcare,2024-05-13,Active,Starter,4578.37,s.okoro
001Qy00000100738,Glenrock Foundry Holdings,glenrock.com,Fintech,2022-11-15,Churned,Starter,5468.46,a.reyes
001Qy00000100504,García Sistemas Pioneer,garcia.com,Healthcare,2023-06-23,Active,Growth,410.15,p.lindqvist
001Qy00000100638,Verdigris Keystone Partners,verdigris.com,Fintech,2026-06-17,Churned,Growth,0.00,p.lindqvist
001Qy00000100579,Ironwood Lumen Holdings,ironwood.com,Logistics,2023-09-28,Churned,Enterprise,278.05,j.whitfield
001Qy00000100592,Yellowfin Cascade LLC,yellowfin.com,Media,2023-06-18,Inactive,Growth,8825.20,s.okoro
001Qy00000100739,Quillfeather Foundry Group,quillfeather.com,Media,2025-09-16,Active,Enterprise,2450.24,a.reyes
001Qy00000100478,Oakfield Keystone Systems,oakfield.com,Media,2023-10-15,Churned,Starter,0.00,d.castellanos
001Qy00000101082,Kestrel Vector Labs,kestrel.com,Manufacturing,2024-03-03,Active,Growth,364.48,a.reyes
001Qy00000100966,Redstone Compass Systems,redstone.com,Media,2026-01-28,Active,Enterprise,258.30,p.lindqvist
001Qy00000101087,Yarrow Quantum Corp,yarrow.com,Hospitality,2025-03-30,Active,Starter,0.00,m.tan
001Qy00000100841,Whitmore Trading Corp,whitmore.com,Healthcare,2023-11-15,Active,Growth,663.72,m.tan
001Qy00000100194,Yellowfin Analytics LLC,yellowfin.com,Media,2024-10-13,,Growth,693.26,p.lindqvist
001Qy00000101079,Yellowfin Lumen Labs,yellowfin.com,Manufacturing,2023-11-26,Inactive,Growth,3150.23,p.lindqvist
001Qy00000101143,Cerulean Digital Holdings,cerulean.com,Media,2023-02-03,Active,Growth,459.66,s.okoro
001Qy00000100035,Westbrook Keystone LLC,westbrook.com,Retail,2025-12-06,Active,Growth,216.77,d.castellanos
001Qy00000100629,Blackthorn Cascade Group,blackthorn.com,Hospitality,2025-03-01,Active,Growth,716.09,a.reyes
001Qy00000100380,Tanglewood Atlas Holdings,tanglewood.com,Hospitality,2025-06-02,Active,Starter,2450.76,s.okoro
001Qy00000100392,Blackthorn Precision Corp,blackthorn.com,Healthcare,2025-04-11,Active,Enterprise,651.81,m.tan
001Qy00000100997,Juniper Nimbus Partners,juniper.com,Retail,2025-06-19,,Starter,0.00,m.tan
001Qy00000101147,Quarry Analytics Systems,quarry.com,Fintech,2025-06-04,Active,Enterprise,0.00,j.whitfield
001Qy00000100437,Alder Precision Systems,alder.com,Hospitality,2023-07-31,Active,Enterprise,1198.95,s.okoro
001Qy00000101169,Nightingale Precision Holdings,nightingale.com,Education,2024-08-08,Active,Enterprise,0.00,m.tan
001Qy00000100807,Westbrook Foundry Labs,westbrook.com,Education,2025-01-15,Inactive,Enterprise,1102.56,s.okoro
001Qy00000100737,Zenith Anchor Holdings,zenith.com,Education,2023-05-18,Churned,Growth,284.78,j.whitfield
001Qy00000101084,Pemberton Supply Systems,pemberton.com,Education,2023-05-28,Active,Starter,0.00,d.castellanos
001Qy00000100955,Cranfield Trading Inc,cranfield.com,Hospitality,2026-02-17,Active,Enterprise,5739.51,m.tan
001Qy00000100880,Redstone Compass Holdings,redstone.com,Fintech,2026-03-11,Churned,Enterprise,0.00,j.whitfield
001Qy00000100033,Whitmore Analytics Corp,whitmore.com,Energy,2025-01-19,Churned,Growth,4673.43,a.reyes
001Qy00000100473,Pinnacle Clinical Corp,pinnacle.com,Fintech,2023-01-13,Active,Growth,0.00,m.tan
001Qy00000100406,Ferreira Serviços Supply,ferreira.com,Manufacturing,2024-04-12,Active,Growth,235.69,d.castellanos
001Qy00000100032,Thornbury Nimbus Systems,thornbury.com,Retail,2025-11-13,Active,Growth,2551.70,d.castellanos
001Qy00000101195,Silverline Trading Group,silverline.com,Construction,2026-06-03,Inactive,Growth,11.00,a.reyes
001Qy00000101045,Dovetail Atlas Inc,dovetail.com,Media,2024-02-10,Active,Growth,1302.09,a.reyes
001Qy00000100247,Whitmore Lumen Group,whitmore.com,Logistics,2025-08-23,Active,Growth,4508.85,a.reyes
001Qy00000100837,Verdigris Digital Partners,verdigris.com,Energy,2024-07-18,Active,Growth,38.88,m.tan
001Qy00000100714,Orchard Compass Inc,orchard.com,Energy,2025-05-20,Active,Starter,253.30,p.lindqvist
001Qy00000100986,Copperfield Summit LLC,copperfield.com,Construction,2024-11-23,Inactive,Starter,0.00,s.okoro
001Qy00000101155,Eastvale Compass,eastvale.com,Fintech,2023-04-05,Churned,Growth,0.00,j.whitfield
001Qy00000100996,Yarrow Freight Inc,yarrow.com,Construction,2023-09-11,Active,Growth,215.61,s.okoro
001Qy00000100785,Blackthorn Clinical Labs,blackthorn.com,Logistics,2025-12-29,Active,Enterprise,5230.74,m.tan
001Qy00000101072,Underhill Pioneer Labs,underhill.com,Construction,2024-12-16,Churned,Growth,0.00,m.tan
001Qy00000100719,Whitmore Clinical Corp,whitmore.com,Hospitality,2024-10-22,Active,Starter,811.71,m.tan
001Qy00000100840,Blackthorn Summit Systems,blackthorn.com,Energy,2024-12-04,Active,Growth,8778.33,m.tan
001Qy00000100643,Yarrow Precision Corp,yarrow.com,Media,2025-07-12,Inactive,Starter,1308.97,m.tan
001Qy00000100361,Orchard Atlas LLC,orchard.com,Media,2024-08-20,,Growth,1071.77,j.whitfield
001Qy00000101132,Alder Supply Labs,alder.com,Media,2025-08-11,Active,Growth,1337.11,p.lindqvist
001Qy00000100028,Westbrook Trading Partners,westbrook.com,Healthcare,2024-12-29,Churned,Growth,1160.00,m.tan
001Qy00000101036,Quarry Pioneer Labs,quarry.com,Energy,2026-03-13,Active,Growth,424.67,a.reyes
001Qy00000100027,Nightingale Compass Inc,nightingale.com,Education,2026-03-15,Active,Starter,0.00,m.tan
001Qy00000100519,Kestrel Cascade Labs,kestrel.com,Retail,2024-05-31,Active,Enterprise,9132.31,a.reyes
001Qy00000100468,Verdigris Coastal Corp,verdigris.com,Manufacturing,2025-03-14,Active,Starter,0.00,d.castellanos
001Qy00000100729,Meridian Supply Holdings,meridian.com,Hospitality,2024-08-27,Active,Starter,0.00,m.tan
001Qy00000100918,Redstone Sable Corp,redstone.com,Healthcare,2025-12-13,Inactive,Enterprise,0.00,m.tan
001Qy00000100062,Umbra Summit Group,umbra.com,Media,2024-05-14,Active,Growth,0.00,p.lindqvist
001Qy00000101075,Inglewood Vector Partners,inglewood.com,Retail,2025-02-06,Churned,Enterprise,1192.80,d.castellanos
001Qy00000100142,Glenrock Nimbus Holdings,glenrock.com,Hospitality,2023-02-15,Active,Starter,788.67,s.okoro
001Qy00000100283,Zenith Summit LLC,zenith.com,Education,2023-03-04,Active,Growth,5536.77,d.castellanos
001Qy00000100571,Marbury Keystone Inc,marbury.com,Media,2022-10-09,Churned,Growth,5378.94,d.castellanos
001Qy00000100243,Hollowway Vector Inc,hollowway.com,Retail,2023-01-10,Active,Enterprise,0.00,d.castellanos
001Qy00000100331,Hollowway Quantum Systems,hollowway.com,Education,2023-04-12,,Growth,1101.21,p.lindqvist
001Qy00000100576,Juniper Compass Systems,juniper.com,Fintech,2023-02-21,Active,Enterprise,0.00,p.lindqvist
001Qy00000100441,Yarrow Nimbus Labs,yarrow.com,Healthcare,2023-03-01,Active,Starter,388.67,j.whitfield
001Qy00000100781,Dunmore Analytics Group,dunmore.com,Education,2024-07-07,Active,Growth,5302.82,d.castellanos
001Qy00000101205,Yellowfin Nimbus Partners,yellowfin.com,Energy,2024-01-30,Active,Enterprise,1285.39,d.castellanos
001Qy00000101162,Eastvale Quantum Group,eastvale.com,Hospitality,2024-03-27,Churned,Starter,0.00,s.okoro
001Qy00000100727,Umbra Precision Holdings,umbra.com,Media,2023-10-23,Active,Enterprise,8023.52,p.lindqvist
001Qy00000101017,Vantage Cascade LLC,vantage.com,Healthcare,2023-11-01,Active,Growth,4250.62,j.whitfield
001Qy00000100482,Underhill Anchor Systems,underhill.com,Fintech,2023-04-08,Active,Growth,1137.47,d.castellanos
001Qy00000100279,Alder Nimbus Systems,alder.com,Fintech,2026-03-12,Active,Enterprise,255.99,m.tan
001Qy00000100402,Núñez Capital Coastal,nunez.com,Healthcare,2026-01-10,Churned,Starter,4510.38,d.castellanos
001Qy00000100139,Hollowway Pioneer Holdings,hollowway.com,Education,2026-01-16,Active,Enterprise,2438.48,a.reyes
001Qy00000100073,Kestrel Clinical Systems,kestrel.com,Logistics,2025-02-15,Inactive,Growth,650.13,a.reyes
001Qy00000100670,Verdigris Keystone Group,verdigris.com,Education,2023-07-16,,Enterprise,687.22,a.reyes
001Qy00000100311,Juniper Beacon LLC,juniper.com,Media,2023-07-07,Inactive,Starter,346.67,s.okoro
001Qy00000100071,Ironwood Sterling Labs,ironwood.com,Education,2025-03-14,Active,Starter,1330.32,p.lindqvist
001Qy00000100820,Larkspur Vector Labs,larkspur.com,Media,2025-12-28,Active,Growth,739.75,j.whitfield
001Qy00000100351,Pinnacle Vector Partners,pinnacle.com,Energy,2025-04-10,Inactive,Growth,50.17,m.tan
001Qy00000100348,Ashcombe Summit Inc,ashcombe.com,Construction,2023-11-01,,Starter,0.00,j.whitfield
001Qy00000100649,Verdigris Sterling Labs,verdigris.com,Fintech,2025-07-12,,Growth,9279.96,a.reyes
001Qy00000100868,Westbrook Beacon Holdings,westbrook.com,Education,2025-10-03,Active,Starter,8241.19,p.lindqvist
001Qy00000100630,Marbury Beacon Holdings,marbury.com,Media,2025-02-23,Active,Growth,7948.25,j.whitfield
001Qy00000100371,Cerulean Trading LLC,cerulean.com,Media,2026-06-21,Active,Starter,0.00,m.tan
001Qy00000100438,Juniper Beacon Labs,juniper.com,Education,2024-07-10,Active,Enterprise,5140.75,p.lindqvist
001Qy00000100374,Glenrock Trading LLC,glenrock.com,Retail,2024-04-29,Active,Starter,346.36,m.tan
001Qy00000101208,Northgate Sable Partners,northgate.com,Media,2023-05-12,Churned,Growth,0.00,m.tan
001Qy00000100708,Quarry Pioneer Group,quarry.com,Retail,2025-01-08,Active,Starter,2407.52,p.lindqvist
001Qy00000100461,Yellowfin Sterling Group,yellowfin.com,Retail,2025-02-13,Churned,Growth,270.24,d.castellanos
001Qy00000100301,Muñoz Holdings Freight,munoz.com,Education,2023-12-06,Active,Growth,1128.82,d.castellanos
001Qy00000100375,Ashcombe Atlas Group,ashcombe.com,Healthcare,2026-07-20,Active,Growth,2293.34,p.lindqvist
001Qy00000100544,Zenith Beacon Inc,zenith.com,Healthcare,2026-05-19,Churned,Starter,9618.72,s.okoro
001Qy00000100123,Kestrel Foundry Group,kestrel.com,Fintech,2023-06-02,Churned,Enterprise,2076.18,j.whitfield
001Qy00000100316,Redstone Coastal Partners,redstone.com,Education,2024-12-05,Active,Starter,1293.90,s.okoro
001Qy00000101209,Harborview Coastal Systems,harborview.com,Hospitality,2024-11-01,Active,Growth,2516.12,d.castellanos
001Qy00000100899,André Frères Cascade,andre.com,Retail,2025-11-22,Active,Growth,1075.37,j.whitfield
001Qy00000100384,Alder Lumen Systems,alder.com,Construction,2024-04-01,Churned,Starter,5576.14,s.okoro
001Qy00000100810,Thornbury Clinical Corp,thornbury.com,Manufacturing,2026-05-16,Active,Starter,1336.33,s.okoro
001Qy00000100766,Orchard Digital Partners,orchard.com,Retail,2025-06-18,Churned,Growth,788.13,d.castellanos
001Qy00000100260,Juniper Foundry Corp,juniper.com,Logistics,2023-08-26,Active,Starter,1324.27,m.tan
001Qy00000101081,Northgate Sterling LLC,northgate.com,Energy,2023-11-24,Churned,Enterprise,2461.35,s.okoro
001Qy00000100210,Vantage Quantum Group,vantage.com,Education,2024-06-09,Churned,Enterprise,137.87,j.whitfield
001Qy00000100650,Tanglewood Sable Holdings,tanglewood.com,Logistics,2025-09-02,Active,Enterprise,860.53,a.reyes
001Qy00000100083,Marbury Supply Partners,marbury.com,Energy,2024-01-31,Active,Growth,0.00,a.reyes
001Qy00000100545,Ironwood Foundry Group,ironwood.com,Energy,2024-03-31,Active,Growth,355.78,p.lindqvist
001Qy00000100333,Whitmore Analytics Labs,whitmore.com,Logistics,2022-12-21,Active,Growth,2611.17,m.tan
001Qy00000100569,Whitmore Onyx Group,whitmore.com,Logistics,2023-02-07,Active,Growth,1047.85,p.lindqvist
001Qy00000100012,Dovetail Onyx Labs,dovetail.com,Retail,2026-03-27,Churned,Growth,2177.72,s.okoro
001Qy00000100218,Brightwater Summit LLC,brightwater.com,Fintech,2024-07-05,Churned,Enterprise,425.87,a.reyes
001Qy00000101130,Westbrook Summit Labs,westbrook.com,Healthcare,2022-11-12,Active,Growth,0.00,m.tan
001Qy00000101095,Eastvale Coastal Inc,eastvale.com,Logistics,2023-02-03,Active,Growth,2402.98,d.castellanos
001Qy00000100696,Núñez Capital Keystone,nunez.com,Energy,2024-12-22,Active,Growth,0.00,j.whitfield
001Qy00000100590,Tanglewood Atlas Systems,tanglewood.com,Fintech,2024-06-20,Active,Growth,2266.25,s.okoro
001Qy00000100242,Redstone Anchor Corp,redstone.com,Manufacturing,2025-06-23,Inactive,Starter,750.91,j.whitfield
001Qy00000100515,Juniper Coastal Labs,juniper.com,Manufacturing,2024-06-03,Active,Growth,5169.15,d.castellanos
001Qy00000100573,Ironwood Compass Partners,ironwood.com,Logistics,2025-07-14,Churned,Starter,0.00,j.whitfield
001Qy00000101025,Meridian Precision LLC,meridian.com,Construction,2026-06-09,Churned,Starter,723.19,j.whitfield
001Qy00000101123,Cranfield Quantum Corp,cranfield.com,Hospitality,2023-12-25,Active,Starter,2459.90,p.lindqvist
001Qy00000100261,Dunmore Precision Inc,dunmore.com,Media,2024-10-18,Churned,Starter,0.00,s.okoro
001Qy00000100118,Ravenswood Sable Holdings,ravenswood.com,Retail,2026-03-07,Churned,Enterprise,0.00,m.tan
001Qy00000100706,Dunmore Summit LLC,dunmore.com,Hospitality,2022-11-19,Active,Starter,0.00,p.lindqvist
001Qy00000100318,Ironwood Digital Group,ironwood.com,Hospitality,2023-03-03,Inactive,Enterprise,453.55,m.tan
001Qy00000100824,Copperfield Nimbus Systems,copperfield.com,Manufacturing,2023-06-01,Churned,Enterprise,0.00,a.reyes
001Qy00000101145,Inglewood Sterling Systems,inglewood.com,Hospitality,2023-12-19,Active,Starter,857.80,p.lindqvist
001Qy00000100603,Pérez Group Lumen,perez.com,Logistics,2025-09-09,Churned,Starter,5456.52,p.lindqvist
001Qy00000100669,Pemberton Atlas Inc,pemberton.com,Construction,2023-11-11,Active,Enterprise,4294.62,d.castellanos
001Qy00000100336,Hollowway Nimbus Inc,hollowway.com,Fintech,2022-11-14,Churned,Growth,2285.69,j.whitfield
001Qy00000100808,Northwind Supply Labs,northwind.com,Hospitality,2024-08-18,,Growth,823.96,d.castellanos
001Qy00000100312,Kestrel Summit LLC,kestrel.com,Manufacturing,2025-09-30,Inactive,Starter,4606.79,m.tan
001Qy00000100675,Westbrook Analytics Inc.,westbrook.com,Hospitality,2024-09-25,Churned,Growth,0.00,j.whitfield
001Qy00000100667,Yellowfin Vector Corp,yellowfin.com,Healthcare,2025-07-29,Active,Growth,365.32,j.whitfield
001Qy00000100117,Brightwater Nimbus Labs,brightwater.com,Construction,2025-02-27,Churned,Growth,273.45,p.lindqvist
001Qy00000100430,Ironwood Pioneer Holdings,ironwood.com,Fintech,2023-05-20,Active,Starter,770.95,p.lindqvist
001Qy00000100954,Northgate Nimbus Systems,northgate.com,Logistics,2023-08-21,Active,Starter,0.00,j.whitfield
001Qy00000101175,Kestrel Anchor Inc,kestrel.com,Media,2024-07-03,Inactive,Growth,408.56,j.whitfield
001Qy00000101135,Ravenswood Trading Group,ravenswood.com,Construction,2024-05-16,Active,Starter,0.00,d.castellanos
001Qy00000100251,Verdigris Digital Systems,verdigris.com,Construction,2025-04-08,Active,Growth,0.00,j.whitfield
001Qy00000100691,Nightingale Foundry Holdings,nightingale.com,Energy,2022-12-18,Churned,Growth,4948.69,m.tan
001Qy00000100736,Ravenswood Beacon LLC,ravenswood.com,Energy,2026-02-21,Churned,Growth,223.92,p.lindqvist
001Qy00000100498,Hernández Retail Nimbus,hernandez.com,Manufacturing,2023-08-15,Active,Growth,423.70,d.castellanos
001Qy00000100717,Westbrook Nimbus Systems,westbrook.com,Media,2026-01-15,Inactive,Enterprise,5716.68,a.reyes
001Qy00000100228,Quarry Onyx Holdings,quarry.com,Education,2025-05-02,Active,Growth,1166.11,s.okoro
001Qy00000100725,Silverline Digital Corp,silverline.com,Media,2026-01-29,Active,Enterprise,5061.57,d.castellanos
001Qy00000100622,Underhill Keystone Group,underhill.com,Education,2024-05-01,Active,Enterprise,9094.99,m.tan
001Qy00000100892,Pemberton Compass Inc,pemberton.com,Logistics,2023-09-06,Churned,Growth,8712.20,p.lindqvist
001Qy00000101115,Alder Trading Group,alder.com,Healthcare,2023-12-26,Active,Growth,1191.76,a.reyes
001Qy00000100531,Verdigris Foundry Systems,verdigris.com,Education,2023-01-23,Active,Growth,0.00,d.castellanos
001Qy00000100990,Umbra Sable Partners,umbra.com,Retail,2024-12-14,Active,Growth,9960.91,m.tan
001Qy00000100409,Nightingale Pioneer Labs,nightingale.com,Retail,2022-11-20,,Enterprise,229.61,j.whitfield
001Qy00000100703,Glenrock Clinical Holdings,glenrock.com,Media,2025-09-19,Active,Starter,1261.25,s.okoro
001Qy00000100332,Hollowway Quantum Systems,hollowway.com,Education,2023-04-07,Active,Growth,267.78,p.lindqvist
001Qy00000100206,Blackthorn Sable Holdings,blackthorn.com,Hospitality,2024-10-11,Active,Growth,2473.94,s.okoro
001Qy00000100728,Alder Vector LLC,alder.com,Media,2024-10-18,Active,Starter,836.28,d.castellanos
001Qy00000100783,Zenith Summit Systems,zenith.com,Hospitality,2024-07-23,Active,Starter,662.67,m.tan
001Qy00000100764,Westbrook Atlas Partners,westbrook.com,Construction,2024-02-23,,Starter,5703.84,d.castellanos
001Qy00000100809,Northwind Supply Labs,northwind.com,Hospitality,2024-08-28,Inactive,Enterprise,202.06,d.castellanos
001Qy00000100182,Whitmore Analytics LLC,whitmore.com,Retail,2025-07-01,Active,Growth,4470.17,a.reyes
001Qy00000100793,Fairmount Vector Labs,fairmount.com,Media,2023-04-07,Churned,Growth,8125.22,j.whitfield
001Qy00000100214,Northwind Lumen Group,northwind.com,Energy,2023-05-12,Churned,Starter,146.42,d.castellanos
001Qy00000100421,Meridian Summit Systems,meridian.com,Hospitality,2023-12-27,Active,Growth,1208.51,s.okoro
001Qy00000100779,Verdigris Vector Labs,verdigris.com,Hospitality,2025-11-12,Churned,Starter,2668.55,p.lindqvist
001Qy00000101005,Guimarães Log Digital,guimaraes.com,Healthcare,2025-08-19,Active,Growth,0.00,d.castellanos
001Qy00000101055,Silverline Summit Partners,silverline.com,Manufacturing,2024-01-20,Inactive,Growth,4456.89,p.lindqvist
001Qy00000100330,Thornbury Coastal Partners,thornbury.com,Logistics,2024-09-07,Active,Growth,4336.15,j.whitfield
001Qy00000100503,Muñoz Holdings Sable,munoz.com,Hospitality,2024-04-26,Active,Starter,4690.92,s.okoro
001Qy00000100702,Alder Analytics Partners,alder.com,Education,2024-02-15,Active,Starter,1096.20,j.whitfield
001Qy00000100830,Ironwood Quantum Partners,ironwood.com,Healthcare,2025-12-29,Active,Growth,839.00,j.whitfield
001Qy00000100621,Juniper Analytics Inc,juniper.com,Logistics,2026-03-15,Active,Growth,0.00,j.whitfield
001Qy00000100264,Thornbury Trading Holdings,thornbury.com,Healthcare,2024-09-28,Active,Growth,263.19,m.tan
001Qy00000100327,Pemberton Lumen Corp,pemberton.com,Hospitality,2022-12-04,Churned,Growth,4940.25,d.castellanos
001Qy00000100126,Underhill Freight Corp,underhill.com,Hospitality,2025-08-10,Churned,Growth,237.24,j.whitfield
001Qy00000101018,Vantage Cascade LLC,vantage.com,Healthcare,2023-10-23,Inactive,Starter,29.81,j.whitfield
001Qy00000100001,Grupo Peña Lumen,grupo.com,Education,2023-08-07,Active,Growth,2072.39,a.reyes
001Qy00000100862,Cranfield Sable Systems,cranfield.com,Hospitality,2024-09-08,Churned,Growth,672.53,d.castellanos
001Qy00000100321,Cerulean Pioneer Holdings,cerulean.com,Retail,2024-11-06,Churned,Growth,669.63,a.reyes
001Qy00000100750,Cranfield Trading LLC,cranfield.com,Manufacturing,2024-06-30,Churned,Growth,5722.44,a.reyes
001Qy00000100526,Marbury Coastal,marbury.com,Hospitality,2025-11-25,Active,Growth,37.19,m.tan
001Qy00000101083,Ironwood Sable Group,ironwood.com,Retail,2024-12-24,Churned,Growth,0.00,p.lindqvist
001Qy00000100258,Whitmore Vector Inc,whitmore.com,Logistics,2025-08-14,Churned,Starter,9873.45,d.castellanos
001Qy00000100031,Yarrow Sable Systems,yarrow.com,Construction,2025-04-12,Active,Growth,0.00,p.lindqvist
001Qy00000100156,Dunmore Cascade Holdings,dunmore.com,Manufacturing,2023-11-10,Active,Starter,245.70,m.tan
001Qy00000101106,Muñoz Holdings Trading,munoz.com,Hospitality,2024-01-02,Active,Growth,5744.76,a.reyes
001Qy00000100825,Zenith Coastal Holdings,zenith.com,Education,2025-11-10,Inactive,Enterprise,5044.78,m.tan
001Qy00000100308,Dunmore Pioneer Corp,dunmore.com,Media,2026-07-01,Active,Growth,0.00,m.tan
001Qy00000100507,Glenrock Atlas Inc,glenrock.com,Healthcare,2024-07-14,Active,Growth,2051.21,j.whitfield
001Qy00000100070,Meridian Quantum Labs,meridian.com,Fintech,2024-06-21,Active,Starter,4561.00,d.castellanos
001Qy00000101103,Guimarães Log Sterling II,guimaraes.com,Construction,2025-04-29,Active,Growth,653.12,p.lindqvist
001Qy00000100492,Underhill Sterling Partners,underhill.com,Education,2023-12-16,Active,Enterprise,0.00,a.reyes
001Qy00000100663,Cranfield Cascade LLC,cranfield.com,Media,2023-03-02,Active,Starter,0.00,m.tan
001Qy00000100150,Silverline Vector Inc,silverline.com,Media,2025-10-11,Active,Growth,7770.21,d.castellanos
001Qy00000100253,Copperfield Onyx Partners,copperfield.com,Media,2023-11-09,Active,Growth,833.54,s.okoro
001Qy00000100674,Westbrook Analytics Inc,westbrook.com,Hospitality,2024-08-31,Churned,Growth,0.00,p.lindqvist
001Qy00000100572,Alder Compass Partners,alder.com,Retail,2025-08-26,Active,Growth,0.00,a.reyes
001Qy00000100338,Redstone Keystone Group,redstone.com,Construction,2026-04-30,Churned,Growth,0.00,s.okoro
001Qy00000100924,Yarrow Pioneer Group,yarrow.com,Media,2025-02-09,Active,Starter,1359.17,m.tan
001Qy00000101158,Larkspur Keystone LLC,larkspur.com,Retail,2025-04-14,Churned,Growth,1133.62,p.lindqvist
001Qy00000100433,Dovetail Quantum Corp,dovetail.com,Retail,2025-04-30,Active,Enterprise,0.00,j.whitfield
001Qy00000100938,Larkspur Keystone Partners,larkspur.com,Retail,2024-11-10,Active,Enterprise,8464.57,a.reyes
001Qy00000100358,Ashcombe Analytics Corp,ashcombe.com,Manufacturing,2022-11-10,Active,Starter,0.00,s.okoro
001Qy00000100753,Ashcombe Digital Labs,ashcombe.com,Media,2023-04-04,Active,Starter,2185.11,a.reyes
001Qy00000100794,Hernández Retail Onyx,hernandez.com,Fintech,2026-06-26,Active,Growth,5655.53,j.whitfield
001Qy00000100262,Pemberton Quantum Group,pemberton.com,Energy,2022-10-22,Churned,Growth,731.70,p.lindqvist
001Qy00000100581,Lakeshore Freight Partners,lakeshore.com,Logistics,2024-11-23,,Growth,378.54,d.castellanos
001Qy00000100121,Pemberton Sable Corp,pemberton.com,Healthcare,2026-01-02,Active,Enterprise,0.00,m.tan
001Qy00000100919,Acme Beacon Labs,acme.com,Education,2022-12-30,Inactive,Growth,758.04,a.reyes
001Qy00000100508,Alder Keystone Systems,alder.com,Education,2025-01-02,Churned,Growth,690.67,a.reyes
001Qy00000100800,Muñoz Holdings Onyx,munoz.com,Hospitality,2025-03-02,Churned,Growth,0.00,d.castellanos
001Qy00000100755,Harborview Supply LLC,harborview.com,Media,2026-02-13,Inactive,Starter,142.63,p.lindqvist
001Qy00000101139,Hollowway Keystone Holdings,hollowway.com,Logistics,2026-04-02,,Enterprise,421.11,s.okoro
001Qy00000100897,Muñoz Holdings Onyx II,munoz.com,Energy,2023-01-13,Active,Growth,0.00,s.okoro
001Qy00000100007,Núñez Capital Compass,nunez.com,Logistics,2024-11-03,,Growth,8966.67,j.whitfield
001Qy00000100190,Copperfield Keystone Group,copperfield.com,Healthcare,2023-10-24,,Enterprise,9174.32,s.okoro
001Qy00000100039,Eastvale Beacon Systems,eastvale.com,Fintech,2023-01-08,Active,Growth,4883.56,m.tan
001Qy00000100914,Zenith Quantum Partners,zenith.com,Logistics,2025-05-06,Active,Enterprise,238.48,j.whitfield
001Qy00000100496,Copperfield Digital Systems,copperfield.com,Fintech,2023-09-20,Churned,Enterprise,263.53,a.reyes
001Qy00000100948,Verdigris Anchor,verdigris.com,Retail,2025-08-27,Active,Starter,0.00,s.okoro
001Qy00000100558,Verdigris Sable Partners,verdigris.com,Energy,2026-06-24,Active,Growth,434.81,m.tan
001Qy00000100849,Ironwood Nimbus Corp,ironwood.com,Healthcare,2023-11-06,Churned,Enterprise,345.11,p.lindqvist
001Qy00000100288,Yarrow Anchor Inc,yarrow.com,Energy,2026-02-07,Churned,Growth,4273.00,a.reyes
001Qy00000100673,Ashcombe Sterling Labs,ashcombe.com,Retail,2024-11-29,Churned,Growth,282.48,p.lindqvist
001Qy00000100364,Quillfeather Anchor Partners,quillfeather.com,Education,2023-07-02,Active,Growth,253.27,m.tan
001Qy00000100775,Dunmore Foundry Labs,dunmore.com,Hospitality,2023-07-10,Churned,Starter,0.00,d.castellanos
001Qy00000100960,Pemberton Pioneer Labs,pemberton.com,Construction,2024-08-09,Active,Enterprise,236.88,s.okoro
001Qy00000100231,Ravenswood Supply Labs,ravenswood.com,Construction,2023-02-07,,Growth,1034.17,d.castellanos
001Qy00000100490,Ironwood Beacon Group,ironwood.com,Media,2025-11-02,Active,Starter,9399.69,d.castellanos
001Qy00000100732,Marbury Beacon Systems,marbury.com,Media,2023-04-19,,Growth,9508.22,p.lindqvist
001Qy00000100119,Cranfield Nimbus LLC,cranfield.com,Energy,2024-07-12,Churned,Starter,0.00,d.castellanos
001Qy00000100874,Blackthorn Clinical LLC,blackthorn.com,Fintech,2026-04-04,Active,Starter,405.52,a.reyes
001Qy00000100021,Quarry Quantum Group,quarry.com,Energy,2023-12-25,Active,Growth,2648.44,s.okoro
001Qy00000100275,Blackthorn Supply Holdings,blackthorn.com,Logistics,2023-03-13,Active,Growth,1103.03,a.reyes
001Qy00000100978,Whitmore Summit Corp,whitmore.com,Energy,2024-09-21,Active,Starter,9160.08,p.lindqvist
001Qy00000100529,Marbury Summit Labs,marbury.com,Logistics,2024-02-01,Active,Starter,5698.51,p.lindqvist
001Qy00000100867,Cranfield Coastal Corp,cranfield.com,Healthcare,2023-10-30,Active,Growth,252.11,s.okoro
001Qy00000100236,Glenrock Nimbus Group,glenrock.com,Hospitality,2022-12-31,Inactive,Growth,426.13,d.castellanos
001Qy00000100011,Ironwood Sable Systems,ironwood.com,Manufacturing,2026-04-14,Active,Starter,1042.78,d.castellanos
001Qy00000100405,Vásquez Media Digital,vasquez.com,Logistics,2024-05-09,Active,Enterprise,0.00,a.reyes
001Qy00000101016,Acme Compass Partners,acme.com,Hospitality,2023-08-26,,Growth,2235.24,j.whitfield
001Qy00000101032,Acme Supply Inc,acme.com,Energy,2025-05-30,Active,Enterprise,2507.74,a.reyes
001Qy00000100906,Copperfield Coastal Corp,copperfield.com,Education,2024-11-09,Active,Starter,9052.01,s.okoro
001Qy00000100111,Marbury Foundry Holdings,marbury.com,Fintech,2026-01-30,Active,Starter,5435.82,j.whitfield
001Qy00000100694,López y Asociados Coastal,lopez.com,Healthcare,2023-09-22,Active,Growth,405.96,m.tan
001Qy00000101128,Juniper Lumen Inc,juniper.com,Retail,2024-02-14,Inactive,Enterprise,0.00,j.whitfield
001Qy00000101164,Thornbury Pioneer Holdings,thornbury.com,Logistics,2023-03-09,Active,Starter,417.95,a.reyes
001Qy00000101059,Dunmore Quantum Partners,dunmore.com,Education,2023-07-13,Active,Starter,0.00,a.reyes
001Qy00000100813,Inglewood Pioneer Holdings,inglewood.com,Energy,2023-07-27,Active,Starter,0.00,m.tan
001Qy00000100268,Fairmount Beacon Corp,fairmount.com,Construction,2024-01-22,Churned,Growth,727.05,s.okoro
001Qy00000100741,Ashcombe Summit Corp,ashcombe.com,Retail,2026-03-11,Active,Starter,1027.51,j.whitfield
001Qy00000100451,Yellowfin Beacon LLC,yellowfin.com,Retail,2023-10-11,Active,Growth,273.30,s.okoro
001Qy00000100985,Copperfield Summit LLC,copperfield.com,Construction,2024-11-26,Active,Growth,0.00,a.reyes
001Qy00000100460,Northwind Summit LLC,northwind.com,Energy,2025-06-01,Active,Starter,230.51,a.reyes
001Qy00000100686,Vantage Analytics LLC,vantage.com,Energy,2023-03-16,Active,Enterprise,1264.21,p.lindqvist
001Qy00000100077,Tanglewood Cascade Partners,tanglewood.com,Hospitality,2025-04-04,Active,Enterprise,0.00,d.castellanos
001Qy00000100950,Inglewood Supply Inc,inglewood.com,Fintech,2024-12-01,Active,Starter,217.41,d.castellanos
001Qy00000100168,Dunmore Coastal Labs,dunmore.com,Energy,2023-09-28,Churned,Enterprise,7986.17,j.whitfield
001Qy00000100008,Pérez Group Supply,perez.com,Education,2024-05-12,Churned,Growth,4641.43,m.tan
001Qy00000100048,Whitmore Lumen Holdings,whitmore.com,Media,2023-06-14,Active,Starter,9975.19,p.lindqvist
001Qy00000100983,Umbra Atlas Corp,umbra.com,Construction,2024-08-02,Active,Starter,453.40,d.castellanos
001Qy00000101006,Ferreira Serviços Pioneer,ferreira.com,Media,2023-08-08,Active,Starter,0.00,p.lindqvist
001Qy00000100627,Orchard Quantum Inc,orchard.com,Fintech,2026-06-12,Active,Growth,1311.71,a.reyes
001Qy00000100233,Inglewood Precision Holdings,inglewood.com,Energy,2024-09-30,Active,Growth,2328.74,a.reyes
001Qy00000100472,Silverline Sterling Labs,silverline.com,Media,2023-05-12,Active,Starter,657.17,s.okoro
001Qy00000100796,Vásquez Media Atlas,vasquez.com,Healthcare,2025-06-17,Inactive,Starter,103.56,p.lindqvist
001Qy00000100134,Northwind Pioneer Partners,northwind.com,Logistics,2024-08-04,Active,Growth,228.33,s.okoro
001Qy00000100084,Northwind Keystone Systems,northwind.com,Fintech,2023-09-24,Active,Enterprise,9573.73,j.whitfield
001Qy00000100926,Alder Atlas Partners,alder.com,Logistics,2023-12-01,Churned,Growth,0.00,j.whitfield
001Qy00000100980,Ashcombe Compass Partners,ashcombe.com,Healthcare,2022-11-16,Churned,Growth,214.57,s.okoro
001Qy00000100896,Grupo Peña Sable,grupo.com,Energy,2025-10-22,Churned,Enterprise,236.47,a.reyes
001Qy00000100315,Tanglewood Freight Systems,tanglewood.com,Fintech,2023-07-17,Active,Growth,4748.86,s.okoro
001Qy00000101170,Acme Cascade Inc,acme.com,Retail,2024-04-20,Churned,Growth,742.12,s.okoro
001Qy00000100323,Ravenswood Anchor Inc,ravenswood.com,Energy,2026-05-21,Active,Growth,0.00,p.lindqvist
001Qy00000101194,Silverline Trading Group,silverline.com,Construction,2026-05-22,Active,Enterprise,231.59,s.okoro
001Qy00000100500,Guimarães Log Sterling,guimaraes.com,Energy,2025-05-09,Active,Growth,219.70,s.okoro
001Qy00000100593,Ashcombe Keystone Partners,ashcombe.com,Fintech,2025-08-02,Active,Enterprise,5283.98,p.lindqvist
001Qy00000101141,Eastvale Digital Systems,eastvale.com,Construction,2025-10-16,Active,Growth,9370.15,j.whitfield
001Qy00000101099,Marbury Freight Group,marbury.com,Logistics,2025-05-11,Active,Starter,696.13,p.lindqvist
001Qy00000100936,Glenrock Foundry Group,glenrock.com,Media,2022-10-15,Active,Starter,0.00,j.whitfield
001Qy00000101034,Quarry Supply Inc,quarry.com,Energy,2025-05-09,Churned,Enterprise,9686.20,j.whitfield
001Qy00000100015,Meridian Foundry LLC,meridian.com,Logistics,2024-06-15,Churned,Growth,422.11,s.okoro
001Qy00000100634,Dovetail Sterling Corp,dovetail.com,Construction,2023-08-17,Active,Growth,224.74,s.okoro
001Qy00000100931,Pemberton Keystone Systems,pemberton.com,Healthcare,2023-06-27,Churned,Starter,0.00,d.castellanos
001Qy00000101008,Fairmount Analytics Holdings,fairmount.com,Energy,2026-04-15,,Growth,854.08,m.tan
001Qy00000100208,Ravenswood Freight Group,ravenswood.com,Manufacturing,2024-11-18,Active,Enterprise,10163.55,d.castellanos
001Qy00000100947,Verdigris Anchor LLC,verdigris.com,Retail,2025-08-07,Active,Enterprise,0.00,d.castellanos
001Qy00000100555,Marbury Foundry Partners,marbury.com,Logistics,2024-11-25,Active,Enterprise,2251.12,m.tan
001Qy00000100982,Yarrow Nimbus Corp,yarrow.com,Media,2023-08-13,Active,Enterprise,0.00,d.castellanos
001Qy00000101105,Grupo Peña Anchor,grupo.com,Education,2025-11-03,Active,Growth,8483.07,p.lindqvist
001Qy00000101028,Meridian Precision Inc,meridian.com,Logistics,2026-01-02,Active,Growth,1167.88,p.lindqvist
001Qy00000100517,Quillfeather Freight Group,quillfeather.com,Education,2025-09-11,Inactive,Growth,4988.01,m.tan
001Qy00000100566,Meridian Clinical Partners,meridian.com,Healthcare,2025-04-25,Active,Growth,2177.47,j.whitfield
001Qy00000100343,Ravenswood Precision Labs,ravenswood.com,Construction,2024-11-03,Active,Enterprise,0.00,s.okoro
001Qy00000101182,Ironwood Compass Systems,ironwood.com,Fintech,2024-09-20,Active,Starter,0.00,s.okoro
001Qy00000100805,Vantage Clinical Corp,vantage.com,Retail,2025-05-17,Active,Growth,254.26,p.lindqvist
001Qy00000100543,Harborview Nimbus Inc,harborview.com,Education,2024-08-25,Active,Growth,0.00,d.castellanos
001Qy00000101003,Hernández Retail Vector,hernandez.com,Hospitality,2023-02-08,Active,Growth,2345.96,d.castellanos
001Qy00000100995,Vantage Coastal Group,vantage.com,Logistics,2025-11-29,Churned,Enterprise,220.10,s.okoro
001Qy00000100019,Acme Freight Group,acme.com,Media,2025-04-19,Active,Growth,273.06,a.reyes
001Qy00000100140,Vantage Lumen Partners,vantage.com,Logistics,2022-10-30,Active,Starter,4361.73,d.castellanos
001Qy00000100481,Alder Vector Partners,alder.com,Manufacturing,2024-02-20,Active,Growth,0.00,p.lindqvist
001Qy00000100580,Marbury Summit Group,marbury.com,Construction,2024-11-24,Churned,Growth,0.00,p.lindqvist
001Qy00000100559,Northwind Trading Systems,northwind.com,Media,2023-01-18,Churned,Enterprise,647.43,a.reyes
001Qy00000100102,São Bento Anchor,sao.com,Energy,2023-05-26,Active,Enterprise,275.82,s.okoro
001Qy00000100158,Northwind Coastal LLC,northwind.com,Retail,2024-04-17,Churned,Growth,4320.13,m.tan
001Qy00000100536,Cranfield Clinical Partners,cranfield.com,Construction,2024-08-15,Active,Growth,264.50,a.reyes
001Qy00000101197,Cerulean Atlas Inc,cerulean.com,Fintech,2023-05-19,Active,Growth,235.10,d.castellanos
001Qy00000100762,Orchard Digital Labs,orchard.com,Construction,2024-10-11,Active,Growth,450.39,m.tan
001Qy00000100901,São Bento Vector,sao.com,Fintech,2025-12-16,,Enterprise,0.00,p.lindqvist
001Qy00000100829,Orchard Coastal Inc,orchard.com,Hospitality,2025-05-01,Active,Starter,826.60,p.lindqvist
001Qy00000101167,Harborview Sterling Inc,harborview.com,Construction,2023-03-20,Active,Starter,2117.38,a.reyes
001Qy00000100952,Orchard Anchor Corp,orchard.com,Energy,2024-09-04,Inactive,Starter,1149.31,p.lindqvist
001Qy00000100586,Cranfield Atlas Corp,cranfield.com,Energy,2024-02-21,Churned,Starter,2122.69,p.lindqvist
001Qy00000100390,Yarrow Summit LLC,yarrow.com,Logistics,2024-03-05,Churned,Starter,0.00,s.okoro
001Qy00000101114,Hollowway Cascade Partners,hollowway.com,Hospitality,2026-06-12,Active,Growth,1334.39,j.whitfield
001Qy00000100759,Meridian Supply Systems,meridian.com,Energy,2025-12-06,Churned,Growth,2533.25,m.tan
001Qy00000100589,Redstone Pioneer Corp,redstone.com,Healthcare,2025-11-08,Active,Starter,4936.43,a.reyes
001Qy00000100905,Oakfield Digital Holdings,oakfield.com,Construction,2023-05-04,Active,Growth,284.03,p.lindqvist
001Qy00000100564,Umbra Precision Corp,umbra.com,Fintech,2024-12-11,Active,Growth,1086.04,d.castellanos
001Qy00000100672,Acme Anchor LLC,acme.com,Hospitality,2024-09-30,Active,Growth,217.44,m.tan
001Qy00000100373,Silverline Onyx Holdings,silverline.com,Healthcare,2025-10-28,,Starter,794.89,a.reyes
001Qy00000100226,Ravenswood Coastal Labs,ravenswood.com,Media,2023-02-18,,Growth,7760.91,s.okoro
001Qy00000100360,Pinnacle Sterling Partners,pinnacle.com,Fintech,2022-12-14,Active,Starter,1417.57,a.reyes
001Qy00000100387,Dunmore Coastal Systems,dunmore.com,Energy,2024-09-10,Active,Enterprise,1361.54,d.castellanos
001Qy00000100724,Alder Freight Group,alder.com,Logistics,2025-01-18,Churned,Growth,230.43,p.lindqvist
001Qy00000100731,Harborview Quantum Inc,harborview.com,Media,2023-04-12,Active,Growth,5070.00,a.reyes
001Qy00000100195,Verdigris Lumen Corp,verdigris.com,Education,2025-09-24,Active,Enterprise,0.00,d.castellanos
001Qy00000100855,Lakeshore Atlas Partners,lakeshore.com,Construction,2026-01-05,Active,Starter,10150.77,m.tan
001Qy00000100370,Ashcombe Analytics Group,ashcombe.com,Retail,2023-02-01,Inactive,Growth,5619.89,p.lindqvist
001Qy00000101160,Copperfield Onyx Systems,copperfield.com,Fintech,2025-12-06,Active,Growth,4476.35,d.castellanos
001Qy00000100553,Quillfeather Trading Inc,quillfeather.com,Manufacturing,2025-12-18,Active,Growth,1359.32,m.tan
001Qy00000100787,Vantage Digital Partners,vantage.com,Healthcare,2023-01-18,Churned,Growth,735.49,d.castellanos
001Qy00000100230,Ravenswood Compass LLC,ravenswood.com,Retail,2025-09-26,Active,Starter,431.09,s.okoro
001Qy00000101119,Fairmount Quantum Labs,fairmount.com,Construction,2025-09-24,Active,Starter,0.00,a.reyes
001Qy00000100403,Pérez Group Cascade,perez.com,Healthcare,2025-07-21,,Enterprise,2094.72,a.reyes
001Qy00000100023,Glenrock Atlas Holdings,glenrock.com,Education,2024-07-06,Active,Starter,2373.39,p.lindqvist
001Qy00000100095,Pinnacle Sterling LLC,pinnacle.com,Hospitality,2024-01-06,Churned,Starter,236.46,a.reyes
001Qy00000100456,Stonebridge Beacon Inc,stonebridge.com,Education,2023-07-14,,Starter,384.26,j.whitfield
001Qy00000100875,Marbury Clinical LLC,marbury.com,Logistics,2024-09-16,Active,Starter,8405.01,a.reyes
001Qy00000100889,Quarry Foundry Holdings,quarry.com,Media,2024-03-07,Active,Starter,782.75,j.whitfield
001Qy00000100222,Pemberton Atlas Corp,pemberton.com,Healthcare,2025-04-27,Active,Enterprise,9091.02,a.reyes
001Qy00000100183,Pinnacle Clinical Inc,pinnacle.com,Healthcare,2024-04-27,,Growth,452.12,d.castellanos
001Qy00000100078,Northgate Cascade Corp,northgate.com,Healthcare,2026-04-06,Active,Starter,1144.31,p.lindqvist
001Qy00000101026,Redstone Keystone LLC,redstone.com,Fintech,2023-07-25,Active,Growth,0.00,d.castellanos
001Qy00000100812,Umbra Freight Group,umbra.com,Logistics,2023-07-05,Active,Growth,1215.59,a.reyes
001Qy00000101096,Eastvale Digital Group,eastvale.com,Construction,2022-12-07,Churned,Growth,9219.99,d.castellanos
001Qy00000100426,Ashcombe Cascade Group,ashcombe.com,Healthcare,2022-11-29,Active,Starter,243.91,j.whitfield
001Qy00000100224,Pinnacle Summit Labs,pinnacle.com,Education,2023-10-06,Active,Starter,2512.97,a.reyes
001Qy00000101092,Whitmore Clinical Group,whitmore.com,Construction,2024-07-14,Active,Enterprise,252.45,a.reyes
001Qy00000100274,Silverline Vector Systems,silverline.com,Media,2023-01-23,Active,Growth,0.00,d.castellanos
001Qy00000100611,Quillfeather Quantum Group,quillfeather.com,Media,2023-01-23,Active,Starter,0.00,j.whitfield
001Qy00000100434,Quillfeather Pioneer Partners,quillfeather.com,Hospitality,2024-04-06,Inactive,Growth,279.19,m.tan
001Qy00000101100,Copperfield Atlas Inc,copperfield.com,Retail,2023-07-10,Active,Starter,10182.72,s.okoro
001Qy00000100488,Orchard Nimbus Group,orchard.com,Construction,2025-10-12,Active,Growth,2730.27,p.lindqvist
001Qy00000100821,Brightwater Cascade Labs,brightwater.com,Manufacturing,2025-11-13,Churned,Growth,434.55,a.reyes
001Qy00000100087,Acme Freight Corp,acme.com,Media,2023-12-28,Churned,Starter,1033.54,m.tan
001Qy00000101104,Ferreira Serviços Foundry,ferreira.com,Media,2022-10-23,,Growth,436.65,s.okoro
001Qy00000100339,Cranfield Sterling Systems,cranfield.com,Construction,2023-12-23,Active,Growth,771.15,d.castellanos
001Qy00000100804,Yarrow Vector Partners,yarrow.com,Construction,2023-03-29,Active,Growth,4320.90,d.castellanos
001Qy00000100606,Redstone Foundry Partners,redstone.com,Retail,2024-05-20,Active,Growth,261.02,p.lindqvist
001Qy00000101093,Ravenswood Precision LLC,ravenswood.com,Energy,2024-10-31,Active,Enterprise,2191.49,s.okoro
001Qy00000100742,Whitmore Sterling Inc,whitmore.com,Manufacturing,2025-06-26,Active,Growth,0.00,p.lindqvist
001Qy00000100396,Copperfield Onyx Inc,copperfield.com,Hospitality,2023-04-13,Churned,Starter,345.27,p.lindqvist
001Qy00000101001,Pérez Group Cascade II,perez.com,Retail,2024-09-07,,Starter,5567.62,j.whitfield
001Qy00000100040,Orchard Summit Partners,orchard.com,Education,2023-11-18,Active,Starter,4545.83,a.reyes
001Qy00000101040,Silverline Sable Inc,silverline.com,Manufacturing,2024-08-17,Churned,Starter,0.00,s.okoro
001Qy00000100359,Pinnacle Sterling Partners,pinnacle.com,Fintech,2022-11-27,Active,Enterprise,5722.09,s.okoro
001Qy00000101178,Underhill Anchor Inc,underhill.com,Construction,2023-03-25,Churned,Starter,61.43,m.tan
001Qy00000101011,Northgate Clinical Holdings,northgate.com,Energy,2026-06-20,Active,Starter,0.00,p.lindqvist
001Qy00000100458,Copperfield Lumen Corp,copperfield.com,Construction,2024-11-18,Active,Growth,2293.64,p.lindqvist
001Qy00000100532,Stonebridge Compass Group,stonebridge.com,Hospitality,2024-12-17,Active,Growth,424.64,a.reyes
001Qy00000100281,Umbra Anchor Labs,umbra.com,Energy,2026-04-12,,Growth,5088.74,m.tan
001Qy00000101163,Dovetail Supply Partners,dovetail.com,Construction,2023-09-15,Churned,Growth,1342.30,d.castellanos
001Qy00000101121,Orchard Digital Systems,orchard.com,Media,2023-07-12,Active,Starter,2411.04,p.lindqvist
001Qy00000100817,Tanglewood Lumen Holdings,tanglewood.com,Energy,2024-06-19,Active,Enterprise,0.00,p.lindqvist
001Qy00000100864,Yellowfin Compass Systems,yellowfin.com,Energy,2025-06-21,Active,Growth,655.84,j.whitfield
001Qy00000100715,Silverline Cascade Labs,silverline.com,Healthcare,2024-07-04,Active,Growth,2602.34,d.castellanos
001Qy00000100730,Stonebridge Nimbus Partners,stonebridge.com,Healthcare,2024-10-13,Active,Growth,407.68,m.tan
001Qy00000101037,Glenrock Freight Systems,glenrock.com,Healthcare,2026-02-03,Active,Starter,370.24,d.castellanos
001Qy00000100029,Zenith Vector Labs,zenith.com,Construction,2025-05-20,Active,Growth,9634.44,p.lindqvist
001Qy00000100607,Umbra Pioneer Holdings,umbra.com,Energy,2024-11-25,,Starter,217.04,d.castellanos
001Qy00000100354,Copperfield Analytics Systems,copperfield.com,Manufacturing,2025-10-20,Active,Growth,1168.92,s.okoro
001Qy00000100907,Copperfield Coastal Corp,copperfield.com,Education,2024-10-13,Inactive,Enterprise,2791.43,p.lindqvist
001Qy00000100981,Whitmore Compass Inc,whitmore.com,Energy,2023-01-18,Active,Starter,4403.50,a.reyes
001Qy00000100221,Zenith Keystone Systems,zenith.com,Logistics,2026-06-01,Inactive,Growth,42.92,a.reyes
001Qy00000100964,Oakfield Beacon Systems,oakfield.com,Retail,2023-03-13,Active,Enterprise,218.64,m.tan
001Qy00000100993,Marbury Anchor Inc,marbury.com,Media,2025-05-09,Active,Enterprise,2641.05,d.castellanos
001Qy00000100859,Copperfield Beacon Group,copperfield.com,Manufacturing,2025-08-25,Active,Growth,436.02,s.okoro
001Qy00000101035,Whitmore Keystone Partners,whitmore.com,Education,2024-10-19,Churned,Enterprise,379.06,d.castellanos
001Qy00000100413,Inglewood Vector Inc,inglewood.com,Logistics,2022-12-16,Active,Starter,1214.42,d.castellanos
001Qy00000100486,Thornbury Anchor Labs,thornbury.com,Logistics,2024-05-09,Churned,Starter,2639.61,m.tan
001Qy00000100763,Whitmore Precision Labs,whitmore.com,Fintech,2025-04-19,Active,Growth,9076.32,a.reyes
001Qy00000100020,Inglewood Pioneer LLC,inglewood.com,Energy,2025-03-13,Active,Enterprise,0.00,p.lindqvist
001Qy00000100894,Juniper Sable Partners,juniper.com,Energy,2026-03-29,Active,Growth,393.36,d.castellanos
001Qy00000101172,Verdigris Clinical Inc,verdigris.com,Fintech,2023-07-10,Active,Starter,1088.53,m.tan
001Qy00000100900,López y Asociados Quantum,lopez.com,Manufacturing,2026-01-16,Active,Enterprise,0.00,m.tan
001Qy00000100716,Silverline Cascade LLC,silverline.com,Retail,2024-03-08,Active,Growth,762.72,j.whitfield
001Qy00000100552,Underhill Foundry Group,underhill.com,Fintech,2024-03-28,Inactive,Growth,5351.02,p.lindqvist
001Qy00000100877,Westbrook Supply Inc,westbrook.com,Logistics,2022-12-25,Active,Growth,0.00,s.okoro
001Qy00000101117,Quillfeather Vector Holdings,quillfeather.com,Retail,2025-05-04,Active,Growth,0.00,p.lindqvist
001Qy00000100175,Copperfield Foundry Holdings,copperfield.com,Energy,2023-04-18,Active,Enterprise,2238.10,p.lindqvist
001Qy00000100870,Stonebridge Nimbus LLC,stonebridge.com,Healthcare,2025-04-11,Inactive,Starter,1369.86,p.lindqvist
001Qy00000100967,Hollowway Trading Labs,hollowway.com,Fintech,2025-10-12,Active,Starter,0.00,p.lindqvist
001Qy00000101086,Marbury Freight Holdings,marbury.com,Construction,2025-06-02,Active,Growth,2254.39,s.okoro
001Qy00000100746,Pinnacle Supply LLC,pinnacle.com,Construction,2024-01-10,Active,Growth,2500.17,a.reyes
001Qy00000100790,Cranfield Coastal Holdings,cranfield.com,Healthcare,2026-03-23,Active,Growth,1124.26,m.tan
001Qy00000100284,Hollowway Summit Group,hollowway.com,Construction,2025-05-16,Active,Enterprise,363.75,p.lindqvist
001Qy00000100356,Ironwood Quantum Systems,ironwood.com,Manufacturing,2025-07-02,Active,Starter,10246.88,a.reyes
001Qy00000100377,Harborview Nimbus Labs,harborview.com,Manufacturing,2026-04-10,Churned,Enterprise,733.30,s.okoro
001Qy00000100723,Fairmount Supply Labs,fairmount.com,Energy,2024-10-07,Active,Starter,0.00,s.okoro
001Qy00000100290,Nightingale Precision Group,nightingale.com,Fintech,2025-05-13,Active,Enterprise,0.00,a.reyes
001Qy00000100369,Silverline Clinical Group,silverline.com,Healthcare,2024-10-16,Inactive,Growth,214.69,j.whitfield
001Qy00000100733,Ravenswood Lumen Holdings,ravenswood.com,Construction,2024-11-17,,Starter,10333.40,a.reyes
001Qy00000100609,Northwind Analytics Inc,northwind.com,Retail,2022-12-22,Active,Starter,1038.33,p.lindqvist
001Qy00000100196,Yellowfin Onyx Holdings,yellowfin.com,Logistics,2024-12-02,Active,Growth,0.00,a.reyes
001Qy00000100162,Zenith Cascade LLC,zenith.com,Logistics,2023-03-09,Active,Enterprise,1339.75,p.lindqvist
001Qy00000101027,Fairmount Cascade Corp,fairmount.com,Healthcare,2023-08-06,Churned,Enterprise,1305.86,s.okoro
001Qy00000100470,Northgate Cascade Holdings,northgate.com,Hospitality,2023-12-03,Churned,Growth,0.00,d.castellanos
001Qy00000100989,Marbury Cascade Corp,marbury.com,Energy,2023-12-02,Active,Starter,728.27,d.castellanos
001Qy00000100454,Tanglewood Pioneer Systems,tanglewood.com,Manufacturing,2023-06-29,Active,Starter,9691.09,m.tan
001Qy00000101076,Pinnacle Supply Holdings,pinnacle.com,Hospitality,2024-10-22,Active,Starter,0.00,j.whitfield
001Qy00000100780,Fairmount Digital Systems,fairmount.com,Logistics,2025-11-12,Active,Growth,655.42,m.tan
001Qy00000100605,Underhill Supply Group,underhill.com,Logistics,2025-02-06,Churned,Growth,2473.66,m.tan
001Qy00000100202,Muñoz Holdings Compass,munoz.com,Retail,2023-05-03,Active,Growth,1217.47,j.whitfield
001Qy00000101207,Dunmore Digital Labs,dunmore.com,Construction,2026-03-16,Active,Growth,438.83,p.lindqvist
001Qy00000100088,Oakfield Summit Inc,oakfield.com,Education,2025-08-04,Churned,Starter,745.51,a.reyes
001Qy00000100411,Stonebridge Vector Corp,stonebridge.com,Hospitality,2025-09-03,Churned,Growth,794.68,s.okoro
001Qy00000101031,Pemberton Anchor Group,pemberton.com,Logistics,2023-05-13,Active,Growth,0.00,p.lindqvist
001Qy00000100238,Northwind Anchor LLC,northwind.com,Manufacturing,2022-11-22,Inactive,Growth,0.00,a.reyes
001Qy00000100100,Whitmore Vector Partners,whitmore.com,Media,2024-05-23,Active,Growth,452.35,d.castellanos
001Qy00000100072,Inglewood Pioneer Systems,inglewood.com,Healthcare,2024-08-31,Active,Enterprise,235.31,d.castellanos
001Qy00000101042,Thornbury Onyx Inc,thornbury.com,Logistics,2025-05-23,Active,Growth,259.23,m.tan
001Qy00000101188,Cerulean Pioneer LLC,cerulean.com,Media,2023-08-09,Active,Starter,369.82,j.whitfield
001Qy00000100107,Ferreira Serviços Vector,ferreira.com,Healthcare,2024-07-30,Active,Growth,2431.57,d.castellanos
001Qy00000100170,Inglewood Vector Holdings,inglewood.com,Logistics,2023-09-10,Active,Growth,1165.62,m.tan
001Qy00000100577,Cerulean Precision LLC,cerulean.com,Healthcare,2022-10-13,Active,Growth,0.00,p.lindqvist
001Qy00000100562,Pinnacle Analytics Corp,pinnacle.com,Hospitality,2025-06-07,Churned,Growth,8224.52,a.reyes
001Qy00000101186,Harborview Freight Partners,harborview.com,Healthcare,2025-07-09,Active,Starter,1190.83,j.whitfield
001Qy00000100668,Ravenswood Lumen Labs,ravenswood.com,Hospitality,2024-03-02,Active,Starter,7957.57,d.castellanos
001Qy00000100349,Inglewood Keystone Holdings,inglewood.com,Healthcare,2023-01-17,,Enterprise,0.00,a.reyes
001Qy00000101080,Umbra Onyx LLC,umbra.com,Manufacturing,2024-07-27,Active,Growth,1297.16,a.reyes
001Qy00000100871,Stonebridge Nimbus Inc,stonebridge.com,Energy,2026-06-06,Churned,Growth,2203.45,d.castellanos
001Qy00000100341,Alder Beacon Corp,alder.com,Fintech,2026-01-13,Active,Enterprise,4970.80,a.reyes
001Qy00000101061,Nightingale Coastal Holdings,nightingale.com,Education,2024-07-23,Active,Starter,234.05,j.whitfield
001Qy00000100701,Ferreira Serviços Summit,ferreira.com,Retail,2024-07-05,Churned,Growth,2371.40,m.tan
001Qy00000101094,Oakfield Atlas Systems,oakfield.com,Healthcare,2024-08-30,Active,Growth,0.00,a.reyes
001Qy00000100026,Ironwood Cascade Inc,ironwood.com,Logistics,2024-06-27,Churned,Enterprise,1332.85,m.tan
001Qy00000100631,Ravenswood Digital Labs,ravenswood.com,Construction,2024-09-19,Active,Growth,254.21,s.okoro
001Qy00000100734,Dunmore Sterling Inc,dunmore.com,Energy,2025-08-21,Inactive,Enterprise,9396.52,j.whitfield
001Qy00000101171,Meridian Summit Partners,meridian.com,Construction,2025-08-12,Churned,Growth,214.55,p.lindqvist
001Qy00000100933,Acme Vector Labs,acme.com,Healthcare,2022-10-26,Churned,Growth,409.91,d.castellanos
001Qy00000100144,Pemberton Quantum Labs,pemberton.com,Retail,2026-02-09,Active,Growth,4902.80,d.castellanos
001Qy00000101014,Yellowfin Sable Labs,yellowfin.com,Logistics,2026-04-24,Active,Enterprise,0.00,a.reyes
001Qy00000101058,Umbra Precision Group,umbra.com,Energy,2024-08-28,Active,Starter,2460.14,p.lindqvist
001Qy00000101190,Tanglewood Trading Corp,tanglewood.com,Logistics,2024-04-10,Inactive,Growth,2265.74,p.lindqvist
001Qy00000100795,Vásquez Media Atlas,vasquez.com,Healthcare,2025-05-31,Active,Starter,411.09,m.tan
001Qy00000100776,Stonebridge Summit Corp,stonebridge.com,Construction,2023-03-06,,Growth,7832.88,d.castellanos
001Qy00000100745,Redstone Cascade Systems,redstone.com,Hospitality,2022-11-02,Inactive,Starter,1232.21,p.lindqvist
001Qy00000100765,Thornbury Atlas Systems,thornbury.com,Healthcare,2026-01-18,Active,Enterprise,722.41,p.lindqvist
001Qy00000100540,Whitmore (DBA),whitmore.com,Fintech,2024-08-27,Inactive,Growth,56.25,d.castellanos
001Qy00000100432,Vantage Beacon Group,vantage.com,Construction,2026-06-06,Inactive,Enterprise,238.28,a.reyes
001Qy00000100835,Orchard Onyx Group,orchard.com,Healthcare,2023-03-11,,Starter,0.00,p.lindqvist
001Qy00000100671,Thornbury Beacon Systems,thornbury.com,Hospitality,2024-01-10,Active,Enterprise,5260.55,d.castellanos
001Qy00000100567,Meridian Nimbus Corp,meridian.com,Energy,2025-07-21,Inactive,Growth,0.00,m.tan
001Qy00000100680,Inglewood Compass Group,inglewood.com,Healthcare,2023-03-26,Churned,Enterprise,281.28,d.castellanos
001Qy00000101030,Copperfield Precision Partners,copperfield.com,Fintech,2023-10-05,Active,Starter,228.51,a.reyes
001Qy00000100574,Pinnacle Quantum Group,pinnacle.com,Construction,2025-08-24,Active,Growth,0.00,j.whitfield
001Qy00000100657,Dovetail Pioneer Holdings,dovetail.com,Education,2023-03-17,Active,Growth,356.84,a.reyes
001Qy00000100178,Ashcombe Clinical Group,ashcombe.com,Logistics,2026-05-19,Inactive,Growth,1316.53,s.okoro
001Qy00000100882,Meridian Supply LLC,meridian.com,Hospitality,2022-12-30,Inactive,Growth,791.22,p.lindqvist
001Qy00000101165,Whitmore Trading Holdings,whitmore.com,Media,2024-01-17,Inactive,Enterprise,2055.13,p.lindqvist
001Qy00000100534,Oakfield Nimbus Corp,oakfield.com,Manufacturing,2024-08-28,Active,Enterprise,4943.43,p.lindqvist
001Qy00000100866,Quarry Lumen Systems,quarry.com,Construction,2026-01-28,Active,Growth,8116.85,d.castellanos
001Qy00000100537,Stonebridge Freight Group,stonebridge.com,Fintech,2026-01-18,Inactive,Growth,359.98,m.tan
001Qy00000100604,Vantage Analytics Labs,vantage.com,Hospitality,2023-09-04,Active,Enterprise,0.00,a.reyes
001Qy00000100920,Hollowway Pioneer Labs,hollowway.com,Fintech,2024-02-02,Inactive,Growth,8256.40,d.castellanos
001Qy00000100527,Verdigris Atlas Systems,verdigris.com,Education,2025-11-20,Active,Starter,5672.70,m.tan
001Qy00000100292,Yarrow Digital Partners,yarrow.com,Construction,2024-03-11,Active,Growth,446.44,a.reyes
001Qy00000100042,Kestrel Compass Corp,kestrel.com,Healthcare,2026-03-13,Churned,Growth,2179.05,a.reyes
001Qy00000100300,Grupo Peña Digital,grupo.com,Logistics,2023-05-22,Active,Growth,1087.30,j.whitfield
001Qy00000101126,Whitmore Pioneer Holdings,whitmore.com,Healthcare,2023-06-03,Active,Starter,792.95,p.lindqvist
001Qy00000101185,Glenrock Lumen Inc,glenrock.com,Energy,2024-12-01,Churned,Enterprise,0.00,s.okoro
001Qy00000100161,Vantage Anchor Group,vantage.com,Logistics,2023-10-26,Active,Growth,385.59,d.castellanos
001Qy00000100227,Orchard Trading Partners,orchard.com,Manufacturing,2022-12-14,,Enterprise,355.33,s.okoro
001Qy00000101193,Northwind Nimbus Partners,northwind.com,Manufacturing,2024-12-04,Inactive,Enterprise,1084.77,j.whitfield
001Qy00000100831,Copperfield Nimbus Group,copperfield.com,Energy,2025-03-26,Active,Growth,807.73,p.lindqvist
001Qy00000100220,Zenith Keystone Systems,zenith.com,Logistics,2026-07-09,Churned,Growth,245.98,s.okoro
001Qy00000100051,Westbrook Sterling LLC,westbrook.com,Healthcare,2024-05-01,Churned,Enterprise,0.00,d.castellanos
001Qy00000100130,Tanglewood Vector Labs,tanglewood.com,Energy,2025-05-05,Active,Growth,428.78,d.castellanos
001Qy00000100287,Vantage Onyx Partners,vantage.com,Education,2026-04-12,Active,Enterprise,7981.52,s.okoro
001Qy00000100608,Hollowway Pioneer Partners,hollowway.com,Logistics,2025-06-04,,Enterprise,270.41,j.whitfield
001Qy00000100393,Ironwood Digital Inc,ironwood.com,Education,2023-01-25,Active,Starter,403.07,m.tan
001Qy00000101062,Yarrow Nimbus LLC,yarrow.com,Healthcare,2024-06-26,Active,Growth,0.00,s.okoro
001Qy00000100626,Alder Clinical Labs,alder.com,Fintech,2023-08-29,Active,Starter,2730.85,m.tan
001Qy00000100911,Zenith Quantum Corp,zenith.com,Logistics,2024-06-10,Churned,Enterprise,721.09,p.lindqvist
001Qy00000100005,López y Asociados Analytics,lopez.com,Retail,2024-05-04,Active,Enterprise,2526.04,d.castellanos
001Qy00000101127,Acme Keystone Labs,acme.com,Fintech,2024-12-02,Active,Growth,0.00,a.reyes
001Qy00000100510,Pemberton Lumen Holdings,pemberton.com,Healthcare,2025-02-22,Active,Starter,382.06,s.okoro
001Qy00000100296,Dunmore Vector Holdings,dunmore.com,Fintech,2023-09-04,Active,Starter,226.23,s.okoro
001Qy00000100483,Alder Sable Group,alder.com,Fintech,2025-03-03,,Growth,5031.61,d.castellanos
001Qy00000101067,Westbrook Sable Partners,westbrook.com,Logistics,2025-10-09,Churned,Enterprise,802.28,d.castellanos
001Qy00000100184,Copperfield Summit Holdings,copperfield.com,Fintech,2022-09-14,Active,Growth,2172.34,m.tan
001Qy00000101131,Cranfield Freight Corp,cranfield.com,Fintech,2024-02-16,Active,Growth,0.00,m.tan
001Qy00000100398,Hollowway Nimbus Labs,hollowway.com,Retail,2023-06-18,Active,Growth,0.00,s.okoro
001Qy00000100129,Ravenswood Sterling LLC,ravenswood.com,Hospitality,2025-12-18,Active,Growth,2640.18,m.tan
001Qy00000100560,Dovetail Lumen Group,dovetail.com,Retail,2026-05-07,Active,Growth,1102.40,d.castellanos
001Qy00000100799,Grupo Peña Freight,grupo.com,Energy,2025-06-16,Active,Growth,2155.50,p.lindqvist
001Qy00000100030,Zenith Vector Labs,zenith.com,Construction,2025-05-07,Inactive,Growth,1057.56,a.reyes
001Qy00000100239,Cerulean Compass Group,cerulean.com,Logistics,2023-02-16,Active,Growth,0.00,d.castellanos
001Qy00000101153,Ironwood Keystone Partners,ironwood.com,Retail,2026-04-27,Churned,Growth,8246.28,p.lindqvist
001Qy00000100097,Alder Compass LLC,alder.com,Media,2025-07-26,Active,Enterprise,1347.10,p.lindqvist
001Qy00000100613,Quarry Coastal Inc,quarry.com,Retail,2025-12-24,Active,Growth,0.00,d.castellanos
001Qy00000100006,São Bento Supply,sao.com,Retail,2023-09-28,Churned,Growth,5357.27,j.whitfield
001Qy00000101041,Umbra Atlas LLC,umbra.com,Media,2024-04-23,Active,Growth,2438.19,p.lindqvist
001Qy00000101097,Oakfield Freight Holdings,oakfield.com,Retail,2026-03-02,Active,Enterprise,281.27,j.whitfield
001Qy00000101020,Kestrel Sable Corp,kestrel.com,Manufacturing,2024-09-30,Churned,Starter,1144.31,m.tan
001Qy00000101154,Eastvale Compass LLC,eastvale.com,Fintech,2023-03-29,Inactive,Enterprise,0.00,j.whitfield
001Qy00000100700,Guimarães Log Supply,guimaraes.com,Manufacturing,2026-05-06,Active,Growth,2471.10,j.whitfield
001Qy00000100720,Westbrook Vector Corp,westbrook.com,Retail,2023-10-26,Active,Enterprise,5021.69,m.tan
001Qy00000100815,Alder Atlas Incorporated,alder.com,Manufacturing,2024-03-23,Churned,Growth,91.53,d.castellanos
001Qy00000100271,Orchard Summit Inc,orchard.com,Construction,2026-04-25,Active,Growth,221.00,m.tan
001Qy00000100713,Zenith Precision Group,zenith.com,Healthcare,2025-04-25,Active,Enterprise,2301.84,m.tan
001Qy00000100984,Quarry Freight LLC,quarry.com,Construction,2024-12-10,Churned,Growth,9330.64,s.okoro
001Qy00000100278,Quillfeather Digital Partners,quillfeather.com,Retail,2024-02-08,Inactive,Growth,5355.25,j.whitfield
001Qy00000100851,Eastvale Sable Labs,eastvale.com,Media,2025-01-29,Active,Enterprise,9065.90,p.lindqvist
001Qy00000101046,Dunmore Freight Labs,dunmore.com,Retail,2024-04-04,,Enterprise,284.27,s.okoro
001Qy00000101073,Redstone Summit Corp,redstone.com,Media,2026-05-22,Churned,Enterprise,4262.21,s.okoro
001Qy00000100721,Quillfeather Lumen Group,quillfeather.com,Construction,2024-06-30,Active,Growth,8854.14,a.reyes
001Qy00000101048,Ironwood Coastal Labs,ironwood.com,Fintech,2025-11-22,Active,Growth,4967.23,a.reyes
001Qy00000101050,Silverline Anchor Holdings,silverline.com,Media,2025-03-18,Active,Growth,755.32,s.okoro
001Qy00000100726,Verdigris Foundry Partners,verdigris.com,Retail,2025-06-27,Active,Enterprise,7853.85,p.lindqvist
001Qy00000100219,Meridian Lumen Labs,meridian.com,Fintech,2024-07-26,Active,Starter,385.35,j.whitfield
001Qy00000100469,Orchard Precision Group,orchard.com,Energy,2023-04-10,Churned,Growth,5148.48,m.tan
001Qy00000100998,López y Asociados Analytics II II,lopez.com,Education,2023-07-05,Active,Growth,446.56,p.lindqvist
001Qy00000100291,Nightingale Precision Group,nightingale.com,Fintech,2025-05-23,Churned,Growth,0.00,m.tan
001Qy00000100467,Dunmore Onyx Holdings,dunmore.com,Construction,2024-10-13,Active,Growth,857.58,j.whitfield
001Qy00000100747,Alder Summit Corp,alder.com,Retail,2023-01-05,Churned,Growth,9943.61,a.reyes
001Qy00000101010,Dovetail Onyx Partners,dovetail.com,Fintech,2026-02-07,Inactive,Growth,220.50,j.whitfield
001Qy00000101013,Glenrock Coastal Labs,glenrock.com,Manufacturing,2025-02-13,Churned,Growth,450.23,j.whitfield
001Qy00000101196,Yarrow Lumen Group,yarrow.com,Energy,2025-09-05,Active,Growth,2728.59,p.lindqvist
001Qy00000100363,Quillfeather Beacon Corp,quillfeather.com,Fintech,2026-01-01,Active,Starter,1368.84,j.whitfield
001Qy00000100376,Yarrow Summit Corp,yarrow.com,Logistics,2022-10-31,,Growth,0.00,m.tan
001Qy00000100684,Silverline Sable Corp,silverline.com,Logistics,2024-10-04,Churned,Starter,0.00,d.castellanos
001Qy00000101085,Verdigris Nimbus LLC,verdigris.com,Healthcare,2023-04-06,Active,Enterprise,0.00,j.whitfield
001Qy00000100014,Cranfield Vector Group,cranfield.com,Media,2024-01-11,,Growth,0.00,d.castellanos
001Qy00000100788,Acme Compass Group,acme.com,Education,2025-07-21,Active,Growth,275.53,s.okoro
001Qy00000100594,Ravenswood Analytics Inc,ravenswood.com,Healthcare,2025-01-25,Active,Starter,219.59,s.okoro
001Qy00000100773,Brightwater Summit Inc,brightwater.com,Media,2024-07-12,Churned,Growth,0.00,d.castellanos
